pc1,pc2,pc3,pc4,label,label_name,filename,split
2.1191838,2.3951502,1.4321252,1.0816333,1,benign,Preprocessed_Dataset/ddsm/ddsm_8139.jpg,train
0.15079224,1.2973213,1.5161984,1.5474182,0,normal,Preprocessed_Dataset/kau-bcmd/kau-bcmd_578.jpg,train
0.6855515,0.873201,1.6072847,0.6475788,0,normal,Preprocessed_Dataset/kau-bcmd/kau-bcmd_1449.jpg,train
0.19257832,1.4549096,1.5840127,1.8200359,2,malignant,Preprocessed_Dataset/cmmd/cmmd_57.jpg,train
0.3675984,1.7279712,1.392266,2.1937206,1,benign,Preprocessed_Dataset/dmid/dmid_66.jpg,train
1.668026,2.493898,1.1727906,1.8530283,0,normal,Preprocessed_Dataset/ddsm/ddsm_395.jpg,train
1.8772051,2.042281,1.5738817,1.094142,0,normal,Preprocessed_Dataset/ddsm/ddsm_2631.jpg,train
2.2649922,0.40589243,0.75088865,1.9349808,0,normal,Preprocessed_Dataset/ddsm/ddsm_910.jpg,train
0.23077321,0.85591173,1.4714386,1.2412188,2,malignant,Preprocessed_Dataset/cmmd/cmmd_251.jpg,train
2.44238,0.6598113,1.0888655,2.2501597,1,benign,Preprocessed_Dataset/ddsm/ddsm_8870.jpg,train
2.2557898,0.15899873,0.6784504,1.3657111,0,normal,Preprocessed_Dataset/ddsm/ddsm_202.jpg,train
1.4362301,1.4066069,1.6451585,0.7160287,1,benign,Preprocessed_Dataset/ddsm/ddsm_7917.jpg,train
1.6634045,1.9423672,2.3270805,1.8052117,1,benign,Preprocessed_Dataset/ddsm/ddsm_8169.jpg,train
1.8127751,2.1734512,0.704479,1.0439521,2,malignant,Preprocessed_Dataset/ddsm/ddsm_3167.jpg,train
0.943898,0.49401152,1.6230224,0.2975999,0,normal,Preprocessed_Dataset/ddsm/ddsm_1928.jpg,train
2.3154984,0.61715573,0.7743096,2.1010695,0,normal,Preprocessed_Dataset/ddsm/ddsm_1382.jpg,train
0.68157834,2.0464191,1.1092935,1.939239,0,normal,Preprocessed_Dataset/dmid/dmid_264.jpg,train
2.2692237,0.22928882,1.5323477,2.3546486,1,benign,Preprocessed_Dataset/ddsm/ddsm_8552.jpg,train
2.2021163,2.2233763,0.6402001,0.48804343,2,malignant,Preprocessed_Dataset/ddsm/ddsm_5663.jpg,train
0.2721833,0.8273221,1.5997907,1.1037452,0,normal,Preprocessed_Dataset/kau-bcmd/kau-bcmd_1858.jpg,train
0.47347915,1.606641,1.4446894,2.0110955,0,normal,Preprocessed_Dataset/kau-bcmd/kau-bcmd_754.jpg,train
0.32364327,1.5318096,1.7845321,1.9303606,1,benign,Preprocessed_Dataset/cmmd/cmmd_2379.jpg,train
1.6230321,0.69846433,2.250615,0.92757535,0,normal,Preprocessed_Dataset/ddsm/ddsm_1008.jpg,train
0.8635558,0.8997458,1.8833796,1.1349298,0,normal,Preprocessed_Dataset/kau-bcmd/kau-bcmd_1560.jpg,train
1.0426619,1.3793339,2.1844952,1.5949724,1,benign,Preprocessed_Dataset/cdd-cesm/cdd-cesm_699.jpg,train
1.86375,0.83656836,2.0425532,0.8859123,0,normal,Preprocessed_Dataset/ddsm/ddsm_996.jpg,train
1.993474,1.1517007,1.921491,1.2683113,2,malignant,Preprocessed_Dataset/ddsm/ddsm_3392.jpg,train
2.022622,0.86270654,2.4641972,1.754393,1,benign,Preprocessed_Dataset/ddsm/ddsm_7416.jpg,train
0.4163177,1.7987866,1.3351324,2.146069,0,normal,Preprocessed_Dataset/dmid/dmid_394.jpg,train
0.31335938,1.4637804,1.7523326,1.9300098,2,malignant,Preprocessed_Dataset/cmmd/cmmd_2938.jpg,train
1.2311875,0.6962368,1.19852,1.2586583,0,normal,Preprocessed_Dataset/kau-bcmd/kau-bcmd_973.jpg,train
1.9903139,1.9206018,2.2103996,1.6554396,1,benign,Preprocessed_Dataset/ddsm/ddsm_8309.jpg,train
1.7157838,2.004372,1.5800483,1.2062414,2,malignant,Preprocessed_Dataset/ddsm/ddsm_5211.jpg,train
1.5763224,2.0856676,0.8179085,0.9197702,1,benign,Preprocessed_Dataset/ddsm/ddsm_6767.jpg,train
1.0365269,1.115834,1.8496387,1.4696004,2,malignant,Preprocessed_Dataset/cdd-cesm/cdd-cesm_307.jpg,train
1.7588165,1.1387148,2.2464623,2.016595,1,benign,Preprocessed_Dataset/ddsm/ddsm_8860.jpg,train
0.40292466,0.8696655,1.8300321,1.0167941,2,malignant,Preprocessed_Dataset/cmmd/cmmd_4507.jpg,train
0.7689223,1.8445151,1.366189,1.6992948,0,normal,Preprocessed_Dataset/kau-bcmd/kau-bcmd_1772.jpg,train
0.22440314,0.9462577,1.6422032,0.99564266,2,malignant,Preprocessed_Dataset/cmmd/cmmd_1849.jpg,train
1.4792249,0.60554856,1.9253459,0.58108103,2,malignant,Preprocessed_Dataset/ddsm/ddsm_5736.jpg,train
1.7171532,2.150362,0.9156568,0.91155934,1,benign,Preprocessed_Dataset/ddsm/ddsm_10003.jpg,train
2.2842546,0.3426779,1.5655938,1.9913034,0,normal,Preprocessed_Dataset/ddsm/ddsm_1478.jpg,train
0.2607476,0.867061,1.4586402,1.1339307,2,malignant,Preprocessed_Dataset/cmmd/cmmd_4984.jpg,train
1.1411191,1.4295802,2.3527634,1.8391082,0,normal,Preprocessed_Dataset/cdd-cesm/cdd-cesm_563.jpg,train
2.4603024,0.4885546,1.1614432,1.9877329,1,benign,Preprocessed_Dataset/ddsm/ddsm_8650.jpg,train
0.60857004,0.51299536,1.1292946,1.054166,0,normal,Preprocessed_Dataset/kau-bcmd/kau-bcmd_1759.jpg,train
2.6099489,0.31800663,1.7222073,2.3777006,0,normal,Preprocessed_Dataset/ddsm/ddsm_1000.jpg,train
0.47561735,0.80434877,1.9624262,0.9202394,1,benign,Preprocessed_Dataset/cmmd/cmmd_2466.jpg,train
1.8683814,2.1096034,0.29908133,1.7239523,0,normal,Preprocessed_Dataset/ddsm/ddsm_991.jpg,train
1.4838469,1.835707,1.8126379,1.5589535,0,normal,Preprocessed_Dataset/ddsm/ddsm_1233.jpg,train
0.23492432,1.4869537,1.575501,1.8475108,2,malignant,Preprocessed_Dataset/cmmd/cmmd_1409.jpg,train
0.27379096,0.91413075,1.7129084,0.8996708,1,benign,Preprocessed_Dataset/cmmd/cmmd_2259.jpg,train
1.5699337,1.7273672,2.0966823,1.4336383,1,benign,Preprocessed_Dataset/ddsm/ddsm_8101.jpg,train
0.3907895,0.88041466,1.7177739,0.8765098,0,normal,Preprocessed_Dataset/kau-bcmd/kau-bcmd_414.jpg,train
0.21918774,0.85546154,1.5067632,1.3359387,2,malignant,Preprocessed_Dataset/cmmd/cmmd_3818.jpg,train
0.238294,0.9316312,1.4595306,1.1175895,2,malignant,Preprocessed_Dataset/cmmd/cmmd_3802.jpg,train
2.31395,0.5979845,1.0203885,2.1205204,0,normal,Preprocessed_Dataset/ddsm/ddsm_462.jpg,train
2.3895636,0.46021295,1.5367641,2.1390388,1,benign,Preprocessed_Dataset/ddsm/ddsm_8350.jpg,train
0.84440815,2.0540252,1.2232579,1.9390382,0,normal,Preprocessed_Dataset/dmid/dmid_207.jpg,train
1.6106086,2.130866,1.996472,1.5498985,1,benign,Preprocessed_Dataset/ddsm/ddsm_9269.jpg,train
2.6995087,0.5541011,1.107794,2.1901078,0,normal,Preprocessed_Dataset/ddsm/ddsm_2486.jpg,train
1.6083767,2.166388,1.1777388,1.6120372,2,malignant,Preprocessed_Dataset/ddsm/ddsm_3247.jpg,train
0.32844585,1.5569303,1.6073669,2.0274987,0,normal,Preprocessed_Dataset/kau-bcmd/kau-bcmd_1030.jpg,train
2.4608102,2.225521,1.5307975,0.7452944,2,malignant,Preprocessed_Dataset/ddsm/ddsm_5079.jpg,train
2.7815351,0.4881271,1.1954432,2.5177355,2,malignant,Preprocessed_Dataset/ddsm/ddsm_2962.jpg,train
1.7213888,1.3963959,1.5644659,1.8290552,1,benign,Preprocessed_Dataset/cdd-cesm/cdd-cesm_539.jpg,train
0.22230828,1.4611166,1.5388522,1.8825816,2,malignant,Preprocessed_Dataset/cmmd/cmmd_3060.jpg,train
0.34796333,0.7775121,1.5231354,1.0734483,1,benign,Preprocessed_Dataset/cmmd/cmmd_3608.jpg,train
0.12582326,1.455421,1.4957008,1.6069556,1,benign,Preprocessed_Dataset/cmmd/cmmd_466.jpg,train
0.18056142,0.9343325,1.4188697,1.2865857,2,malignant,Preprocessed_Dataset/cmmd/cmmd_208.jpg,train
1.5902984,2.470374,1.0086951,1.8170185,0,normal,Preprocessed_Dataset/ddsm/ddsm_2499.jpg,train
0.4292223,1.5348898,1.4029511,1.429075,2,malignant,Preprocessed_Dataset/ddsm/ddsm_3831.jpg,train
2.0218632,0.3974024,1.041326,1.7428226,1,benign,Preprocessed_Dataset/ddsm/ddsm_9058.jpg,train
0.4512412,1.6406825,1.5511324,2.0337615,0,normal,Preprocessed_Dataset/kau-bcmd/kau-bcmd_1477.jpg,train
0.21768665,1.4516721,1.3647121,1.6274308,2,malignant,Preprocessed_Dataset/cmmd/cmmd_866.jpg,train
2.1343334,2.1518774,1.3949366,0.76185,0,normal,Preprocessed_Dataset/ddsm/ddsm_1543.jpg,train
1.8082392,0.6452927,2.022229,2.0999475,0,normal,Preprocessed_Dataset/ddsm/ddsm_2108.jpg,train
1.3772899,2.0760567,1.275939,1.3068312,1,benign,Preprocessed_Dataset/ddsm/ddsm_6719.jpg,train
0.16315198,0.9016684,1.4504141,1.4104638,2,malignant,Preprocessed_Dataset/cmmd/cmmd_4598.jpg,train
1.6511197,2.341894,1.5485629,1.1181661,0,normal,Preprocessed_Dataset/ddsm/ddsm_1437.jpg,train
1.8641927,0.45421523,1.7026688,1.8905276,0,normal,Preprocessed_Dataset/ddsm/ddsm_1632.jpg,train
0.18468392,1.4563634,1.827118,1.7801872,0,normal,Preprocessed_Dataset/kau-bcmd/kau-bcmd_344.jpg,train
1.7979047,0.94371897,2.0843005,1.5647463,2,malignant,Preprocessed_Dataset/ddsm/ddsm_4604.jpg,train
1.3465067,1.8816473,2.2318275,1.7970393,0,normal,Preprocessed_Dataset/ddsm/ddsm_1353.jpg,train
1.4793484,1.2921675,1.6432123,1.057764,1,benign,Preprocessed_Dataset/cdd-cesm/cdd-cesm_210.jpg,train
0.69228196,1.6792142,1.7814878,2.216779,0,normal,Preprocessed_Dataset/kau-bcmd/kau-bcmd_1510.jpg,train
1.727566,0.54820865,1.6730561,1.251229,2,malignant,Preprocessed_Dataset/ddsm/ddsm_3882.jpg,train
1.8342875,1.8403962,2.0622659,1.5423427,0,normal,Preprocessed_Dataset/ddsm/ddsm_1489.jpg,train
1.4619598,2.0991206,1.5847188,1.4539832,2,malignant,Preprocessed_Dataset/ddsm/ddsm_3201.jpg,train
1.7723442,2.1090097,0.82630503,0.8958536,1,benign,Preprocessed_Dataset/ddsm/ddsm_8527.jpg,train
1.4595877,0.41900682,0.7467929,0.7278192,2,malignant,Preprocessed_Dataset/ddsm/ddsm_6206.jpg,train
1.4647217,1.8898282,1.5926137,1.1219306,1,benign,Preprocessed_Dataset/ddsm/ddsm_6735.jpg,train
1.0250567,1.3365012,1.4055423,0.90088135,0,normal,Preprocessed_Dataset/cdd-cesm/cdd-cesm_237.jpg,train
0.22065198,0.8048649,1.5065839,1.430288,2,malignant,Preprocessed_Dataset/cmmd/cmmd_2640.jpg,train
1.8818011,2.243469,2.0458348,1.64082,1,benign,Preprocessed_Dataset/ddsm/ddsm_8235.jpg,train
0.270101,1.1322452,1.6944772,1.1015894,0,normal,Preprocessed_Dataset/kau-bcmd/kau-bcmd_1332.jpg,train
1.9409078,0.87924737,2.6084929,1.3069563,2,malignant,Preprocessed_Dataset/ddsm/ddsm_6060.jpg,train
2.0681672,2.6412797,1.0925381,1.5219115,0,normal,Preprocessed_Dataset/ddsm/ddsm_51.jpg,train
2.5060277,0.4299187,1.068714,2.1884992,0,normal,Preprocessed_Dataset/ddsm/ddsm_2258.jpg,train
0.3394851,1.6051586,1.4275327,1.985288,0,normal,Preprocessed_Dataset/kau-bcmd/kau-bcmd_1666.jpg,train
1.3774828,1.4442884,2.3726742,1.4662777,0,normal,Preprocessed_Dataset/ddsm/ddsm_1637.jpg,train
0.29152882,1.1308923,1.6863881,1.0618613,0,normal,Preprocessed_Dataset/kau-bcmd/kau-bcmd_93.jpg,train
1.3127002,0.45765406,1.0156976,0.80003875,1,benign,Preprocessed_Dataset/ddsm/ddsm_7460.jpg,train
0.105960846,1.4371077,1.4057808,1.504703,0,normal,Preprocessed_Dataset/kau-bcmd/kau-bcmd_1797.jpg,train
2.3700294,0.5644192,1.9396656,1.1753242,1,benign,Preprocessed_Dataset/ddsm/ddsm_9012.jpg,train
2.3202095,0.04978752,1.5572184,1.5390667,0,normal,Preprocessed_Dataset/ddsm/ddsm_866.jpg,train
1.520824,1.290759,1.5695899,0.8589053,2,malignant,Preprocessed_Dataset/cdd-cesm/cdd-cesm_888.jpg,train
0.15402544,1.4186499,1.620823,1.7468998,1,benign,Preprocessed_Dataset/cmmd/cmmd_173.jpg,train
1.9240808,2.5525088,1.0880879,1.5542846,0,normal,Preprocessed_Dataset/ddsm/ddsm_591.jpg,train
0.3567881,1.6156216,1.5293543,1.9503889,1,benign,Preprocessed_Dataset/cmmd/cmmd_1977.jpg,train
0.39141452,1.4973421,1.5843208,2.0805488,2,malignant,Preprocessed_Dataset/cmmd/cmmd_84.jpg,train
1.7782815,0.23453033,1.5719432,0.94721615,1,benign,Preprocessed_Dataset/ddsm/ddsm_8090.jpg,train
2.3767338,2.5976434,1.3786613,1.3501116,0,normal,Preprocessed_Dataset/ddsm/ddsm_1851.jpg,train
0.26215404,0.87576115,1.793362,1.122744,0,normal,Preprocessed_Dataset/kau-bcmd/kau-bcmd_1726.jpg,train
2.3628457,0.82310754,0.5653547,0.9553517,1,benign,Preprocessed_Dataset/ddsm/ddsm_6890.jpg,train
1.323586,1.9400837,0.9555855,1.2121711,1,benign,Preprocessed_Dataset/ddsm/ddsm_9631.jpg,train
1.8302417,2.568295,0.8130603,1.4894662,1,benign,Preprocessed_Dataset/ddsm/ddsm_6751.jpg,train
0.6898069,0.70181274,1.5036142,1.0629442,2,malignant,Preprocessed_Dataset/cmmd/cmmd_3964.jpg,train
1.9712737,0.8524531,0.94959855,1.7721896,2,malignant,Preprocessed_Dataset/ddsm/ddsm_3766.jpg,train
0.37481707,0.88373935,1.633138,0.7718064,1,benign,Preprocessed_Dataset/cmmd/cmmd_2399.jpg,train
1.7537518,2.1941113,1.4482168,1.2546884,2,malignant,Preprocessed_Dataset/ddsm/ddsm_5491.jpg,train
2.3186603,0.31725794,0.9321044,1.8087748,0,normal,Preprocessed_Dataset/ddsm/ddsm_678.jpg,train
2.3199525,0.64774257,2.43759,1.2673022,2,malignant,Preprocessed_Dataset/ddsm/ddsm_5868.jpg,train
1.7233098,1.8029594,2.3959098,1.6013356,2,malignant,Preprocessed_Dataset/ddsm/ddsm_4309.jpg,train
0.08567691,0.99433404,1.4562604,1.5678396,2,malignant,Preprocessed_Dataset/cmmd/cmmd_4031.jpg,train
2.1193986,0.9758636,2.31794,1.1587509,1,benign,Preprocessed_Dataset/ddsm/ddsm_8276.jpg,train
0.3767346,0.82195944,1.4700103,0.82834303,2,malignant,Preprocessed_Dataset/cmmd/cmmd_4528.jpg,train
1.2624806,1.5719142,2.2462819,1.5642277,1,benign,Preprocessed_Dataset/ddsm/ddsm_9037.jpg,train
1.826206,0.6163527,0.098382115,1.5649474,1,benign,Preprocessed_Dataset/ddsm/ddsm_9482.jpg,train
2.300605,1.925248,1.694961,1.0746365,2,malignant,Preprocessed_Dataset/ddsm/ddsm_3065.jpg,train
0.5387002,0.6514402,1.2501769,1.1550198,1,benign,Preprocessed_Dataset/inbreast/inbreast_51.jpg,train
2.409236,0.5551209,1.7441142,2.079918,1,benign,Preprocessed_Dataset/ddsm/ddsm_8890.jpg,train
0.08149445,1.3640157,1.516095,1.5119512,1,benign,Preprocessed_Dataset/cmmd/cmmd_497.jpg,train
0.30112213,0.7990876,1.3536835,1.1480736,2,malignant,Preprocessed_Dataset/cmmd/cmmd_4460.jpg,train
2.723587,0.12637198,0.8271934,1.8163967,2,malignant,Preprocessed_Dataset/ddsm/ddsm_3086.jpg,train
0.15924764,0.90774465,1.6239713,1.3323673,1,benign,Preprocessed_Dataset/cmmd/cmmd_712.jpg,train
0.7380637,1.8270452,1.4936204,2.1363282,1,benign,Preprocessed_Dataset/inbreast/inbreast_150.jpg,train
1.8260121,1.2385544,2.1012475,1.2655146,0,normal,Preprocessed_Dataset/ddsm/ddsm_1876.jpg,train
1.1185153,0.860319,1.1251693,2.4699013,2,malignant,Preprocessed_Dataset/ddsm/ddsm_4882.jpg,train
2.0055428,0.9857265,2.1102452,1.0903795,0,normal,Preprocessed_Dataset/ddsm/ddsm_1364.jpg,train
1.1862686,0.63415533,1.7477152,0.641346,0,normal,Preprocessed_Dataset/kau-bcmd/kau-bcmd_832.jpg,train
0.5044029,1.5892364,1.5286555,2.1499915,0,normal,Preprocessed_Dataset/kau-bcmd/kau-bcmd_88.jpg,train
1.842761,2.414956,1.4102685,1.3554302,0,normal,Preprocessed_Dataset/ddsm/ddsm_535.jpg,train
1.9928272,0.5717108,1.7865015,1.6134228,0,normal,Preprocessed_Dataset/ddsm/ddsm_1668.jpg,train
2.312191,0.8858317,2.1651773,0.9826827,0,normal,Preprocessed_Dataset/ddsm/ddsm_1944.jpg,train
1.4133075,1.9672832,2.014804,1.9037052,1,benign,Preprocessed_Dataset/ddsm/ddsm_6865.jpg,train
2.413725,0.2768941,1.1768638,1.5742534,0,normal,Preprocessed_Dataset/ddsm/ddsm_2022.jpg,train
2.324654,0.86393905,2.2870996,1.5996819,2,malignant,Preprocessed_Dataset/ddsm/ddsm_4800.jpg,train
1.5157498,1.8853488,1.8068273,1.3873533,1,benign,Preprocessed_Dataset/ddsm/ddsm_8541.jpg,train
0.091012,1.1446342,1.7654318,1.2632872,0,normal,Preprocessed_Dataset/kau-bcmd/kau-bcmd_1104.jpg,train
0.25718403,1.533304,1.4069569,1.7566531,2,malignant,Preprocessed_Dataset/cmmd/cmmd_1232.jpg,train
0.28703743,0.7795296,1.3600732,1.1692005,1,benign,Preprocessed_Dataset/cmmd/cmmd_4379.jpg,train
2.035299,0.4440903,0.55425334,1.506892,2,malignant,Preprocessed_Dataset/ddsm/ddsm_5906.jpg,train
0.14385378,1.4531887,1.405926,1.6117051,1,benign,Preprocessed_Dataset/cmmd/cmmd_408.jpg,train
1.6261003,2.1065671,0.95177996,1.1435969,1,benign,Preprocessed_Dataset/ddsm/ddsm_8515.jpg,train
0.27718544,1.5151587,1.4527721,1.787696,2,malignant,Preprocessed_Dataset/cmmd/cmmd_1244.jpg,train
1.5960873,2.362529,0.8178938,1.7223979,2,malignant,Preprocessed_Dataset/ddsm/ddsm_2807.jpg,train
1.9540884,2.3492217,1.4243402,1.4864334,0,normal,Preprocessed_Dataset/ddsm/ddsm_543.jpg,train
2.3876853,1.9221008,1.2329738,0.47762036,0,normal,Preprocessed_Dataset/ddsm/ddsm_1707.jpg,train
0.18705773,1.6005756,1.4191803,1.7505206,1,benign,Preprocessed_Dataset/cmmd/cmmd_409.jpg,train
1.8564787,0.78468263,2.462237,1.2679743,2,malignant,Preprocessed_Dataset/ddsm/ddsm_4436.jpg,train
2.1608248,2.145926,0.9943419,0.56867117,2,malignant,Preprocessed_Dataset/ddsm/ddsm_4951.jpg,train
1.9635605,0.39004552,0.7963591,1.2861471,2,malignant,Preprocessed_Dataset/ddsm/ddsm_5522.jpg,train
1.9253328,1.9817624,1.7722149,1.4213393,0,normal,Preprocessed_Dataset/ddsm/ddsm_1505.jpg,train
1.302731,1.8220402,2.0250375,1.687135,2,malignant,Preprocessed_Dataset/ddsm/ddsm_3513.jpg,train
2.5830653,2.6485968,1.2925038,0.8317782,0,normal,Preprocessed_Dataset/ddsm/ddsm_2015.jpg,train
0.17737055,1.1380098,1.7617847,1.137018,0,normal,Preprocessed_Dataset/kau-bcmd/kau-bcmd_41.jpg,train
0.18613625,1.2274952,1.7510086,1.5535702,0,normal,Preprocessed_Dataset/kau-bcmd/kau-bcmd_255.jpg,train
1.6267301,0.9540001,2.0675297,1.3575697,1,benign,Preprocessed_Dataset/ddsm/ddsm_8200.jpg,train
1.8182718,0.84206975,2.4290304,1.2834427,0,normal,Preprocessed_Dataset/ddsm/ddsm_1304.jpg,train
0.30234534,0.87340033,1.5094229,0.93399864,1,benign,Preprocessed_Dataset/cmmd/cmmd_4411.jpg,train
1.7962604,2.4242759,1.1269082,1.2751265,0,normal,Preprocessed_Dataset/ddsm/ddsm_787.jpg,train
0.13618052,0.9055922,1.5314935,1.4497699,2,malignant,Preprocessed_Dataset/cmmd/cmmd_937.jpg,train
0.26677036,1.4672773,1.771951,1.8879309,1,benign,Preprocessed_Dataset/cmmd/cmmd_2281.jpg,train
0.21392584,1.5595311,1.5868105,1.6992793,2,malignant,Preprocessed_Dataset/cmmd/cmmd_3180.jpg,train
2.0304961,2.1525974,0.92811733,0.9064044,1,benign,Preprocessed_Dataset/ddsm/ddsm_8083.jpg,train
1.4788573,1.7352647,2.5331151,1.6332486,2,malignant,Preprocessed_Dataset/ddsm/ddsm_6141.jpg,train
1.9649987,2.3982675,1.27863,0.9761673,0,normal,Preprocessed_Dataset/ddsm/ddsm_279.jpg,train
1.4968914,1.7441832,1.822443,0.823289,1,benign,Preprocessed_Dataset/ddsm/ddsm_7329.jpg,train
2.0393646,1.1084077,2.327028,1.3013114,1,benign,Preprocessed_Dataset/ddsm/ddsm_8344.jpg,train
0.22039163,0.8919694,1.7058487,1.2497518,2,malignant,Preprocessed_Dataset/cmmd/cmmd_4862.jpg,train
0.10402775,1.3846011,1.5200533,1.6189778,2,malignant,Preprocessed_Dataset/cmmd/cmmd_724.jpg,train
0.560893,1.5783824,1.6408719,2.169821,1,benign,Preprocessed_Dataset/cmmd/cmmd_2125.jpg,train
1.9249651,1.9173942,1.901698,1.6147906,0,normal,Preprocessed_Dataset/ddsm/ddsm_1641.jpg,train
1.0059212,2.1131034,1.1135949,1.8318175,0,normal,Preprocessed_Dataset/dmid/dmid_269.jpg,train
1.2790143,1.9354382,0.9530043,1.1605399,1,benign,Preprocessed_Dataset/ddsm/ddsm_9675.jpg,train
2.1820333,2.3166203,1.8769736,0.8354941,0,normal,Preprocessed_Dataset/ddsm/ddsm_1481.jpg,train
1.8562995,1.8508724,1.7045377,0.46848166,1,benign,Preprocessed_Dataset/ddsm/ddsm_8921.jpg,train
1.4683927,1.1330577,1.5439401,1.4304074,2,malignant,Preprocessed_Dataset/cdd-cesm/cdd-cesm_300.jpg,train
0.23729253,1.5113049,1.4172256,1.9250755,0,normal,Preprocessed_Dataset/kau-bcmd/kau-bcmd_2015.jpg,train
2.1535475,1.9966111,2.2867527,1.4550191,0,normal,Preprocessed_Dataset/ddsm/ddsm_2121.jpg,train
1.7367254,0.61662817,1.3986676,2.0727336,1,benign,Preprocessed_Dataset/ddsm/ddsm_8002.jpg,train
2.1042902,0.56516033,1.5811139,1.5245563,0,normal,Preprocessed_Dataset/ddsm/ddsm_824.jpg,train
0.29765797,1.6184531,1.5208449,1.9665911,1,benign,Preprocessed_Dataset/cmmd/cmmd_2479.jpg,train
0.8996798,2.199444,1.4076892,2.4007835,1,benign,Preprocessed_Dataset/inbreast/inbreast_50.jpg,train
1.9982307,0.60068774,2.3223338,1.3256122,1,benign,Preprocessed_Dataset/ddsm/ddsm_7208.jpg,train
0.15882003,0.92566866,1.3569447,1.4893785,2,malignant,Preprocessed_Dataset/cmmd/cmmd_55.jpg,train
2.4806166,0.73418653,0.91206443,2.2775779,2,malignant,Preprocessed_Dataset/ddsm/ddsm_5914.jpg,train
0.8429462,1.9063292,1.3436711,1.8419611,0,normal,Preprocessed_Dataset/kau-bcmd/kau-bcmd_833.jpg,train
0.2865963,1.24885,1.7049724,1.4508187,0,normal,Preprocessed_Dataset/kau-bcmd/kau-bcmd_593.jpg,train
1.042767,0.7197325,1.687315,0.35863876,1,benign,Preprocessed_Dataset/ddsm/ddsm_7020.jpg,train
1.5382369,3.1415927,1.0676373,2.0417154,0,normal,Preprocessed_Dataset/ddsm/ddsm_38.jpg,train
1.0048541,0.75415397,1.8039248,1.0331216,1,benign,Preprocessed_Dataset/inbreast/inbreast_95.jpg,train
0.30565292,0.84496784,1.2546206,1.3123114,2,malignant,Preprocessed_Dataset/cmmd/cmmd_840.jpg,train
1.5602491,2.0582125,2.3166156,1.9793682,0,normal,Preprocessed_Dataset/ddsm/ddsm_781.jpg,train
0.47324365,0.8348438,1.6163005,0.74065095,0,normal,Preprocessed_Dataset/kau-bcmd/kau-bcmd_1903.jpg,train
2.112156,2.344978,1.4654449,0.98528033,0,normal,Preprocessed_Dataset/ddsm/ddsm_1051.jpg,train
0.9047797,0.5067746,1.5966355,0.80814797,0,normal,Preprocessed_Dataset/dmid/dmid_208.jpg,train
1.7502954,2.1690707,1.5452365,1.0709732,2,malignant,Preprocessed_Dataset/ddsm/ddsm_4423.jpg,train
1.9256072,0.93892133,2.34909,1.6824704,1,benign,Preprocessed_Dataset/ddsm/ddsm_10076.jpg,train
0.1540134,1.4809711,1.4417441,1.6291482,1,benign,Preprocessed_Dataset/cmmd/cmmd_386.jpg,train
1.5215104,2.103696,1.7532666,2.0382788,0,normal,Preprocessed_Dataset/ddsm/ddsm_9.jpg,train
1.9227371,0.35673112,0.66619205,1.6002114,0,normal,Preprocessed_Dataset/ddsm/ddsm_2762.jpg,train
1.8702588,2.2873173,1.6459402,1.583501,2,malignant,Preprocessed_Dataset/ddsm/ddsm_6019.jpg,train
1.1098858,0.29073292,0.98326874,0.93179476,1,benign,Preprocessed_Dataset/inbreast/inbreast_149.jpg,train
1.6550207,1.4733821,2.2554684,1.118373,2,malignant,Preprocessed_Dataset/ddsm/ddsm_3209.jpg,train
1.636428,1.6949912,2.546189,1.5395721,1,benign,Preprocessed_Dataset/ddsm/ddsm_6485.jpg,train
1.5976878,1.4632733,1.3178005,0.5247232,2,malignant,Preprocessed_Dataset/cdd-cesm/cdd-cesm_1001.jpg,train
1.5174129,0.79830647,2.0425363,1.5720735,1,benign,Preprocessed_Dataset/ddsm/ddsm_7948.jpg,train
1.5656366,1.9726335,1.4941913,1.4532291,2,malignant,Preprocessed_Dataset/ddsm/ddsm_4603.jpg,train
1.3253448,0.84169483,1.6712902,0.5764988,0,normal,Preprocessed_Dataset/ddsm/ddsm_792.jpg,train
0.19681883,1.4351575,1.4546499,1.8598119,2,malignant,Preprocessed_Dataset/cmmd/cmmd_1602.jpg,train
2.8281493,0.49550617,1.1567392,2.4035296,2,malignant,Preprocessed_Dataset/ddsm/ddsm_4482.jpg,train
2.4369483,0.30655497,0.4005164,1.0982745,2,malignant,Preprocessed_Dataset/ddsm/ddsm_6328.jpg,train
1.9714878,2.0018995,2.4267056,1.612094,2,malignant,Preprocessed_Dataset/ddsm/ddsm_4985.jpg,train
0.12919855,1.4316252,1.4773614,1.5747855,2,malignant,Preprocessed_Dataset/cmmd/cmmd_818.jpg,train
0.38518697,0.871124,1.8250941,0.9749221,2,malignant,Preprocessed_Dataset/cmmd/cmmd_4492.jpg,train
0.31206,0.80655396,1.4806541,1.1296179,2,malignant,Preprocessed_Dataset/cmmd/cmmd_2540.jpg,train
1.9285318,0.940531,1.162561,2.052029,2,malignant,Preprocessed_Dataset/ddsm/ddsm_6114.jpg,train
2.188096,0.5479754,1.824491,0.595074,0,normal,Preprocessed_Dataset/ddsm/ddsm_308.jpg,train
2.563541,0.50640494,1.1402348,2.174583,0,normal,Preprocessed_Dataset/ddsm/ddsm_1826.jpg,train
2.260146,0.90259945,2.8044062,1.4664526,1,benign,Preprocessed_Dataset/ddsm/ddsm_8148.jpg,train
0.20124424,1.579953,1.5869324,1.6351154,2,malignant,Preprocessed_Dataset/cmmd/cmmd_3481.jpg,train
2.36749,2.0774546,1.6069859,0.7372229,1,benign,Preprocessed_Dataset/ddsm/ddsm_8951.jpg,train
1.9083111,0.5765663,2.0923223,1.2451527,0,normal,Preprocessed_Dataset/ddsm/ddsm_856.jpg,train
0.17197025,1.4619057,1.5194062,1.7399167,2,malignant,Preprocessed_Dataset/cmmd/cmmd_1130.jpg,train
1.6304038,0.8255454,1.5413269,0.7813258,1,benign,Preprocessed_Dataset/ddsm/ddsm_7136.jpg,train
1.9314797,1.0410495,0.76388276,1.9732866,0,normal,Preprocessed_Dataset/ddsm/ddsm_1958.jpg,train
1.7584362,1.9258347,1.0947402,1.2088641,2,malignant,Preprocessed_Dataset/ddsm/ddsm_4817.jpg,train
1.2072843,0.40486348,1.1682761,0.96886516,1,benign,Preprocessed_Dataset/dmid/dmid_45.jpg,train
0.3901103,0.85705566,1.6983049,0.9076058,0,normal,Preprocessed_Dataset/kau-bcmd/kau-bcmd_815.jpg,train
2.3710487,0.76757115,2.455094,1.2921493,0,normal,Preprocessed_Dataset/ddsm/ddsm_2052.jpg,train
1.4115391,0.93614185,1.0244925,1.9734324,2,malignant,Preprocessed_Dataset/ddsm/ddsm_4028.jpg,train
0.2650649,0.8953372,1.5659144,0.97141445,1,benign,Preprocessed_Dataset/cmmd/cmmd_4402.jpg,train
0.17574584,1.4620805,1.4460185,1.6942666,2,malignant,Preprocessed_Dataset/cmmd/cmmd_1496.jpg,train
0.9099789,0.72976583,1.8530186,0.7705695,0,normal,Preprocessed_Dataset/kau-bcmd/kau-bcmd_876.jpg,train
0.4437831,0.8082249,1.4523299,0.9135623,0,normal,Preprocessed_Dataset/kau-bcmd/kau-bcmd_1783.jpg,train
0.37981856,0.8365975,1.5707363,0.8331988,2,malignant,Preprocessed_Dataset/cmmd/cmmd_2070.jpg,train
0.38568753,1.6090837,1.5522339,2.0564692,0,normal,Preprocessed_Dataset/kau-bcmd/kau-bcmd_1486.jpg,train
1.6119051,1.8455207,1.2835407,1.3356518,1,benign,Preprocessed_Dataset/ddsm/ddsm_7333.jpg,train
2.3045497,2.4883204,1.1991445,1.099858,0,normal,Preprocessed_Dataset/ddsm/ddsm_2135.jpg,train
0.8856691,1.3519946,1.5063987,1.1526233,2,malignant,Preprocessed_Dataset/cdd-cesm/cdd-cesm_230.jpg,train
0.1927023,1.467468,1.5277215,1.8304813,1,benign,Preprocessed_Dataset/cmmd/cmmd_2232.jpg,train
1.3388156,1.0967755,1.9582193,1.6870047,1,benign,Preprocessed_Dataset/cdd-cesm/cdd-cesm_748.jpg,train
0.2539431,1.1168224,1.6727662,1.1088216,1,benign,Preprocessed_Dataset/kau-bcmd/kau-bcmd_544.jpg,train
0.26355624,1.4553165,1.6107159,1.9460199,2,malignant,Preprocessed_Dataset/cmmd/cmmd_3099.jpg,train
1.9088606,1.8194749,2.0567486,1.4436989,1,benign,Preprocessed_Dataset/ddsm/ddsm_10293.jpg,train
0.3008414,1.5097417,1.8263756,1.9007585,2,malignant,Preprocessed_Dataset/cmmd/cmmd_3331.jpg,train
0.1728239,0.9290613,1.5370896,1.2247872,2,malignant,Preprocessed_Dataset/cmmd/cmmd_4114.jpg,train
1.7908752,0.88201046,0.57770824,1.7628653,2,malignant,Preprocessed_Dataset/ddsm/ddsm_2998.jpg,train
0.26102805,0.81971806,1.5675263,1.1737348,2,malignant,Preprocessed_Dataset/cmmd/cmmd_5186.jpg,train
0.2623281,1.5482522,1.6853427,1.9605248,2,malignant,Preprocessed_Dataset/cmmd/cmmd_3211.jpg,train
1.8940902,0.7536991,1.6582005,1.6122255,2,malignant,Preprocessed_Dataset/ddsm/ddsm_3142.jpg,train
1.847919,1.7441239,1.993427,1.0844269,1,benign,Preprocessed_Dataset/ddsm/ddsm_9937.jpg,train
1.9135897,1.8392766,2.3133318,1.4706706,1,benign,Preprocessed_Dataset/ddsm/ddsm_9645.jpg,train
0.41551262,0.8558908,1.9164329,0.982435,1,benign,Preprocessed_Dataset/cmmd/cmmd_4445.jpg,train
1.7895086,2.0888186,1.1919544,0.8796807,1,benign,Preprocessed_Dataset/ddsm/ddsm_7011.jpg,train
0.3590607,0.7914083,1.6463192,1.0635024,2,malignant,Preprocessed_Dataset/cmmd/cmmd_2704.jpg,train
0.40103,0.829774,1.5721912,0.8573956,0,normal,Preprocessed_Dataset/kau-bcmd/kau-bcmd_1452.jpg,train
1.7309346,2.1451268,1.2346661,1.3291357,2,malignant,Preprocessed_Dataset/ddsm/ddsm_4627.jpg,train
1.3346252,0.61831665,1.5015672,0.22749114,1,benign,Preprocessed_Dataset/ddsm/ddsm_7216.jpg,train
2.2604475,2.1475098,1.7878482,0.94034094,0,normal,Preprocessed_Dataset/ddsm/ddsm_2715.jpg,train
1.9346476,2.3906088,1.1724415,1.5447512,0,normal,Preprocessed_Dataset/ddsm/ddsm_1655.jpg,train
0.3482268,0.84292674,1.7223284,0.9240983,1,benign,Preprocessed_Dataset/cmmd/cmmd_4440.jpg,train
2.2688413,1.7071127,1.8798828,1.1641283,0,normal,Preprocessed_Dataset/ddsm/ddsm_1805.jpg,train
1.9106207,0.39927316,0.55187964,1.6674677,0,normal,Preprocessed_Dataset/ddsm/ddsm_1042.jpg,train
1.7353867,2.1899247,1.2066882,1.5018777,0,normal,Preprocessed_Dataset/ddsm/ddsm_2627.jpg,train
1.607492,2.0023987,2.0644946,1.7573305,1,benign,Preprocessed_Dataset/ddsm/ddsm_7193.jpg,train
0.43514854,1.6056111,1.5614934,2.0554202,0,normal,Preprocessed_Dataset/kau-bcmd/kau-bcmd_1363.jpg,train
0.41523904,1.4728755,1.8086455,1.9312003,2,malignant,Preprocessed_Dataset/cmmd/cmmd_2592.jpg,train
1.9561337,0.6481702,2.0526283,1.8729862,1,benign,Preprocessed_Dataset/ddsm/ddsm_10260.jpg,train
0.15768397,0.93410754,1.5682037,1.3098974,2,malignant,Preprocessed_Dataset/cmmd/cmmd_3908.jpg,train
1.3209631,2.206855,1.4072157,1.8101071,2,malignant,Preprocessed_Dataset/ddsm/ddsm_2919.jpg,train
1.7368205,1.1801353,2.7826803,1.7269971,2,malignant,Preprocessed_Dataset/ddsm/ddsm_4900.jpg,train
0.54586184,0.82021147,1.4068979,0.8147781,0,normal,Preprocessed_Dataset/kau-bcmd/kau-bcmd_1496.jpg,train
0.9190074,0.6592736,1.7368188,0.6571697,0,normal,Preprocessed_Dataset/kau-bcmd/kau-bcmd_1887.jpg,train
1.7374253,0.78719354,1.2028551,1.9175701,1,benign,Preprocessed_Dataset/ddsm/ddsm_9814.jpg,train
0.1967026,1.4418526,1.445066,1.789593,1,benign,Preprocessed_Dataset/cmmd/cmmd_519.jpg,train
0.16038454,1.4951568,1.368587,1.6149096,1,benign,Preprocessed_Dataset/cmmd/cmmd_526.jpg,train
2.379043,0.5817332,1.13012,2.064132,0,normal,Preprocessed_Dataset/ddsm/ddsm_2322.jpg,train
1.3140831,2.1492913,0.36674237,1.6497924,1,benign,Preprocessed_Dataset/ddsm/ddsm_9795.jpg,train
0.8278445,0.5240366,1.0316105,0.8574678,0,normal,Preprocessed_Dataset/dmid/dmid_59.jpg,train
1.0000491,1.5612272,1.8189955,1.1018817,2,malignant,Preprocessed_Dataset/kau-bcmd/kau-bcmd_232.jpg,train
1.6247667,0.76739335,1.982099,0.32798874,0,normal,Preprocessed_Dataset/ddsm/ddsm_1108.jpg,train
0.20297563,1.5615368,1.426332,1.7343359,2,malignant,Preprocessed_Dataset/cmmd/cmmd_1369.jpg,train
0.23563194,1.4873987,1.6958916,1.9698997,0,normal,Preprocessed_Dataset/kau-bcmd/kau-bcmd_1872.jpg,train
0.6988765,0.8833825,1.4855311,0.5820508,0,normal,Preprocessed_Dataset/kau-bcmd/kau-bcmd_812.jpg,train
0.22255099,0.8109332,1.2593848,1.5092266,2,malignant,Preprocessed_Dataset/cmmd/cmmd_4350.jpg,train
0.1986289,0.8245118,1.4635324,1.4324106,2,malignant,Preprocessed_Dataset/cmmd/cmmd_4367.jpg,train
0.23936117,1.5942745,1.2970469,1.7184986,2,malignant,Preprocessed_Dataset/cmmd/cmmd_995.jpg,train
0.18392098,1.4444236,1.5836734,1.8237946,2,malignant,Preprocessed_Dataset/cmmd/cmmd_2593.jpg,train
0.15111601,1.4752243,1.4078802,1.6291276,1,benign,Preprocessed_Dataset/cmmd/cmmd_2343.jpg,train
0.94817173,1.7126224,1.3581376,1.4495418,0,normal,Preprocessed_Dataset/kau-bcmd/kau-bcmd_1593.jpg,train
1.7852589,2.0048373,0.78563595,0.7338216,1,benign,Preprocessed_Dataset/ddsm/ddsm_8147.jpg,train
0.6593474,0.8229885,1.8997997,0.8455632,0,normal,Preprocessed_Dataset/kau-bcmd/kau-bcmd_856.jpg,train
1.5010372,1.7859013,2.148203,1.8190517,1,benign,Preprocessed_Dataset/ddsm/ddsm_10253.jpg,train
1.8460779,0.8257562,2.495121,1.0888913,2,malignant,Preprocessed_Dataset/ddsm/ddsm_5936.jpg,train
0.86271703,2.0867386,0.8893643,1.8997655,1,benign,Preprocessed_Dataset/inbreast/inbreast_300.jpg,train
1.6444405,1.7554107,2.310619,1.8031334,2,malignant,Preprocessed_Dataset/ddsm/ddsm_4305.jpg,train
1.2838037,1.0868744,2.0449939,1.4928647,0,normal,Preprocessed_Dataset/cdd-cesm/cdd-cesm_891.jpg,train
0.10187936,1.3932601,1.446602,1.5379229,2,malignant,Preprocessed_Dataset/cmmd/cmmd_1253.jpg,train
2.1115704,0.44309187,1.2670138,1.6649574,0,normal,Preprocessed_Dataset/ddsm/ddsm_2186.jpg,train
1.2663834,1.161693,1.702426,1.8648174,0,normal,Preprocessed_Dataset/cdd-cesm/cdd-cesm_275.jpg,train
1.7427201,1.9559329,2.2091835,1.6993818,0,normal,Preprocessed_Dataset/ddsm/ddsm_1213.jpg,train
0.3991596,1.550799,1.4655358,2.0181646,0,normal,Preprocessed_Dataset/kau-bcmd/kau-bcmd_1769.jpg,train
1.9397709,2.1992335,1.4114227,0.93434733,0,normal,Preprocessed_Dataset/ddsm/ddsm_1561.jpg,train
1.6714969,2.22335,1.6157562,0.9048075,0,normal,Preprocessed_Dataset/ddsm/ddsm_173.jpg,train
1.626979,1.9208863,1.4144549,1.0237358,1,benign,Preprocessed_Dataset/ddsm/ddsm_8039.jpg,train
1.7192513,1.6972494,2.3160977,1.8371193,1,benign,Preprocessed_Dataset/ddsm/ddsm_8361.jpg,train
0.3847317,1.4394574,1.5316085,1.7909311,2,malignant,Preprocessed_Dataset/cmmd/cmmd_1426.jpg,train
2.0039778,0.6169532,1.6910782,1.4268223,0,normal,Preprocessed_Dataset/ddsm/ddsm_232.jpg,train
1.5278609,1.9764705,1.049149,0.9823445,1,benign,Preprocessed_Dataset/ddsm/ddsm_7715.jpg,train
1.8687222,2.2716618,0.9383991,0.90123165,1,benign,Preprocessed_Dataset/ddsm/ddsm_10219.jpg,train
0.3789848,0.8225037,1.5516441,0.927441,0,normal,Preprocessed_Dataset/kau-bcmd/kau-bcmd_2131.jpg,train
0.8672748,2.2398,1.2969797,2.4997005,1,benign,Preprocessed_Dataset/inbreast/inbreast_26.jpg,train
2.220634,0.78963685,2.182636,1.5436257,2,malignant,Preprocessed_Dataset/ddsm/ddsm_3676.jpg,train
0.3170988,0.79954815,1.6307924,1.0775154,0,normal,Preprocessed_Dataset/kau-bcmd/kau-bcmd_1818.jpg,train
0.22485566,0.79935455,1.5059547,1.3506225,1,benign,Preprocessed_Dataset/cmmd/cmmd_3592.jpg,train
1.7762551,1.9845178,2.1456108,1.5168409,2,malignant,Preprocessed_Dataset/ddsm/ddsm_4617.jpg,train
1.124024,0.29978907,1.149071,1.0209277,1,benign,Preprocessed_Dataset/dmid/dmid_393.jpg,train
1.9858999,0.8638383,2.1304626,1.7562315,1,benign,Preprocessed_Dataset/ddsm/ddsm_8144.jpg,train
1.1393797,1.070235,1.393891,1.7901101,1,benign,Preprocessed_Dataset/cdd-cesm/cdd-cesm_999.jpg,train
1.5354731,2.0029044,1.7902263,1.9027696,0,normal,Preprocessed_Dataset/ddsm/ddsm_997.jpg,train
2.0961869,0.7159034,1.0986421,2.0613136,1,benign,Preprocessed_Dataset/ddsm/ddsm_6874.jpg,train
0.27913594,1.102829,1.722697,1.1128926,0,normal,Preprocessed_Dataset/kau-bcmd/kau-bcmd_66.jpg,train
1.7640562,0.6378831,2.2263193,0.52465683,0,normal,Preprocessed_Dataset/ddsm/ddsm_4.jpg,train
0.4625637,1.6184216,1.5557743,1.9316328,2,malignant,Preprocessed_Dataset/cmmd/cmmd_1276.jpg,train
0.556331,0.73093975,1.3627867,1.0012336,2,malignant,Preprocessed_Dataset/cmmd/cmmd_3880.jpg,train
0.37339592,0.7383765,1.6195996,0.9430543,2,malignant,Preprocessed_Dataset/cmmd/cmmd_4461.jpg,train
1.9194125,1.6982198,1.9132824,0.71672654,2,malignant,Preprocessed_Dataset/ddsm/ddsm_5115.jpg,train
0.19399786,0.87393093,1.4201208,1.3335919,2,malignant,Preprocessed_Dataset/cmmd/cmmd_1988.jpg,train
0.45599675,0.74254274,1.3229256,1.1498362,2,malignant,Preprocessed_Dataset/cmmd/cmmd_4197.jpg,train
2.0753891,1.9189261,1.0419111,0.7266315,1,benign,Preprocessed_Dataset/ddsm/ddsm_7997.jpg,train
2.0102735,2.2476149,1.1222851,1.0383832,2,malignant,Preprocessed_Dataset/ddsm/ddsm_6163.jpg,train
2.606045,0.7906492,2.1051512,1.7875042,0,normal,Preprocessed_Dataset/ddsm/ddsm_1788.jpg,train
0.4787072,1.4843848,1.8886783,1.8955038,1,benign,Preprocessed_Dataset/cmmd/cmmd_2209.jpg,train
0.15078473,0.94233274,1.5593336,1.2960496,2,malignant,Preprocessed_Dataset/cmmd/cmmd_4335.jpg,train
1.3057256,1.1698382,1.5343103,0.804585,2,malignant,Preprocessed_Dataset/cdd-cesm/cdd-cesm_577.jpg,train
0.37086993,1.5852529,1.6248826,2.1249495,2,malignant,Preprocessed_Dataset/cmmd/cmmd_3067.jpg,train
1.7924466,2.2156968,1.8463649,1.108121,1,benign,Preprocessed_Dataset/ddsm/ddsm_9397.jpg,train
2.2462397,2.1476314,1.6936334,0.8489758,0,normal,Preprocessed_Dataset/ddsm/ddsm_1475.jpg,train
1.7773483,0.8218852,2.4233298,1.1591818,1,benign,Preprocessed_Dataset/ddsm/ddsm_6476.jpg,train
0.81434757,0.63954604,1.2275906,1.0253403,0,normal,Preprocessed_Dataset/kau-bcmd/kau-bcmd_1519.jpg,train
1.0447397,1.2474325,2.0772786,1.606133,0,normal,Preprocessed_Dataset/cdd-cesm/cdd-cesm_497.jpg,train
1.9888686,0.8207241,1.6252275,1.1310401,1,benign,Preprocessed_Dataset/ddsm/ddsm_6916.jpg,train
2.0298266,0.5724301,1.8675983,1.8422828,1,benign,Preprocessed_Dataset/ddsm/ddsm_8638.jpg,train
0.1983819,0.8912826,1.4316688,1.2721353,2,malignant,Preprocessed_Dataset/cmmd/cmmd_3640.jpg,train
1.7809186,2.2024648,0.66033316,0.7818511,1,benign,Preprocessed_Dataset/ddsm/ddsm_9123.jpg,train
2.3153203,2.1428602,1.1989473,1.1834896,1,benign,Preprocessed_Dataset/ddsm/ddsm_6571.jpg,train
1.7494489,2.2220497,1.2151101,0.8985201,1,benign,Preprocessed_Dataset/ddsm/ddsm_7247.jpg,train
2.180273,0.2794764,1.3948921,1.5682871,2,malignant,Preprocessed_Dataset/ddsm/ddsm_5386.jpg,train
0.25334024,1.5172876,1.4562911,1.7878946,1,benign,Preprocessed_Dataset/cmmd/cmmd_357.jpg,train
2.1380177,1.1150572,1.9688756,0.83584416,1,benign,Preprocessed_Dataset/ddsm/ddsm_8792.jpg,train
0.8003918,2.1755595,1.0456729,2.3429127,0,normal,Preprocessed_Dataset/inbreast/inbreast_115.jpg,train
0.6692163,1.1832259,1.711047,1.086987,1,benign,Preprocessed_Dataset/kau-bcmd/kau-bcmd_961.jpg,train
1.7710602,2.4933386,0.78831077,1.4867674,2,malignant,Preprocessed_Dataset/ddsm/ddsm_3415.jpg,train
0.26629442,0.7875652,1.3756818,1.3952317,2,malignant,Preprocessed_Dataset/cmmd/cmmd_4118.jpg,train
1.8198633,1.944274,1.2786822,1.0723431,2,malignant,Preprocessed_Dataset/ddsm/ddsm_4999.jpg,train
0.34260672,0.8022617,1.6620499,0.9954393,2,malignant,Preprocessed_Dataset/cmmd/cmmd_4615.jpg,train
0.8393754,1.6485941,1.9876907,1.7357285,0,normal,Preprocessed_Dataset/kau-bcmd/kau-bcmd_1546.jpg,train
1.5431068,0.4208926,1.4718554,1.9595819,1,benign,Preprocessed_Dataset/ddsm/ddsm_8996.jpg,train
0.15088272,1.4567809,1.5362523,1.6777067,1,benign,Preprocessed_Dataset/cmmd/cmmd_2325.jpg,train
0.20672917,0.85075235,1.4863769,1.3338823,2,malignant,Preprocessed_Dataset/cmmd/cmmd_5106.jpg,train
1.259022,1.1407387,1.2253518,0.9330129,2,malignant,Preprocessed_Dataset/ddsm/ddsm_5300.jpg,train
1.095042,1.2466255,2.0027454,1.4437268,1,benign,Preprocessed_Dataset/cdd-cesm/cdd-cesm_317.jpg,train
2.304071,2.1428313,1.533508,0.77950245,0,normal,Preprocessed_Dataset/ddsm/ddsm_1071.jpg,train
2.1302843,0.6059898,1.7811097,2.125434,1,benign,Preprocessed_Dataset/ddsm/ddsm_8212.jpg,train
1.8579361,1.1943665,2.314694,1.557125,1,benign,Preprocessed_Dataset/ddsm/ddsm_7512.jpg,train
2.1526797,0.24833965,0.8132676,1.5354812,2,malignant,Preprocessed_Dataset/ddsm/ddsm_3414.jpg,train
1.715075,1.2801514,1.1459233,0.0,0,normal,Preprocessed_Dataset/cdd-cesm/cdd-cesm_781.jpg,train
0.18955421,0.92842185,1.6847503,1.1377833,2,malignant,Preprocessed_Dataset/cmmd/cmmd_1851.jpg,train
2.2183266,2.1453848,1.2042254,0.8207276,1,benign,Preprocessed_Dataset/ddsm/ddsm_7531.jpg,train
0.29163903,1.1521354,1.743453,1.1119506,0,normal,Preprocessed_Dataset/kau-bcmd/kau-bcmd_186.jpg,train
1.1362915,0.56133986,1.95089,1.0810788,1,benign,Preprocessed_Dataset/ddsm/ddsm_10222.jpg,train
1.6581119,1.9143463,1.7030642,1.5598085,2,malignant,Preprocessed_Dataset/ddsm/ddsm_6421.jpg,train
0.36083287,1.4958624,1.9452803,1.9395179,2,malignant,Preprocessed_Dataset/cmmd/cmmd_2486.jpg,train
0.095823765,1.3568605,1.5038,1.5769454,2,malignant,Preprocessed_Dataset/cmmd/cmmd_709.jpg,train
1.5209726,1.6627562,1.5675999,1.1200184,1,benign,Preprocessed_Dataset/ddsm/ddsm_7457.jpg,train
0.18120039,0.9040065,1.567842,1.2534175,2,malignant,Preprocessed_Dataset/cmmd/cmmd_4149.jpg,train
1.8211634,1.9960971,1.9189677,1.5503256,0,normal,Preprocessed_Dataset/ddsm/ddsm_233.jpg,train
0.42984033,0.8820571,1.6206156,0.97914064,1,benign,Preprocessed_Dataset/cmmd/cmmd_3566.jpg,train
1.6435955,1.8030047,1.9919877,1.3797426,0,normal,Preprocessed_Dataset/ddsm/ddsm_2561.jpg,train
0.15569937,0.8784479,1.5349643,1.4502033,2,malignant,Preprocessed_Dataset/cmmd/cmmd_3654.jpg,train
2.1444485,0.67084295,2.3386579,1.1174142,1,benign,Preprocessed_Dataset/ddsm/ddsm_8384.jpg,train
0.065280676,1.3609248,1.6976368,1.4389758,0,normal,Preprocessed_Dataset/kau-bcmd/kau-bcmd_1042.jpg,train
0.22050345,0.8352747,1.5227114,1.375622,1,benign,Preprocessed_Dataset/cmmd/cmmd_2186.jpg,train
0.4481054,1.0595491,1.6746413,0.80216545,0,normal,Preprocessed_Dataset/kau-bcmd/kau-bcmd_739.jpg,train
2.1826086,2.5868,1.3243865,1.1656232,0,normal,Preprocessed_Dataset/ddsm/ddsm_19.jpg,train
1.9732566,0.5960461,0.7884762,1.93072,1,benign,Preprocessed_Dataset/ddsm/ddsm_9938.jpg,train
2.09447,1.8222854,2.100854,1.2209445,0,normal,Preprocessed_Dataset/ddsm/ddsm_1921.jpg,train
1.268719,2.4349594,1.6057065,1.6480507,0,normal,Preprocessed_Dataset/ddsm/ddsm_717.jpg,train
0.3851363,1.5126834,1.894553,1.9977555,2,malignant,Preprocessed_Dataset/cmmd/cmmd_3040.jpg,train
2.2461138,0.85008055,1.9408262,1.5784285,2,malignant,Preprocessed_Dataset/ddsm/ddsm_3916.jpg,train
0.3439703,1.581492,1.4852171,1.9641671,0,normal,Preprocessed_Dataset/kau-bcmd/kau-bcmd_1346.jpg,train
1.0265325,1.7814238,1.4747113,1.6978517,0,normal,Preprocessed_Dataset/kau-bcmd/kau-bcmd_476.jpg,train
2.6986701,0.5495795,1.0882986,2.380932,2,malignant,Preprocessed_Dataset/ddsm/ddsm_3602.jpg,train
0.6765963,1.6244098,1.4008077,1.7972741,0,normal,Preprocessed_Dataset/kau-bcmd/kau-bcmd_2161.jpg,train
1.2018838,0.63485724,1.644221,0.77884614,2,malignant,Preprocessed_Dataset/ddsm/ddsm_4532.jpg,train
3.1415927,0.46715832,0.8362726,2.213222,2,malignant,Preprocessed_Dataset/ddsm/ddsm_3682.jpg,train
1.7758992,1.8706112,1.1976068,0.7979544,1,benign,Preprocessed_Dataset/ddsm/ddsm_6619.jpg,train
0.77475536,2.2375035,1.2667367,2.2934384,1,benign,Preprocessed_Dataset/inbreast/inbreast_369.jpg,train
1.5174593,2.1749978,0.24571705,1.1301415,1,benign,Preprocessed_Dataset/ddsm/ddsm_7983.jpg,train
0.32817894,0.88892686,1.770094,0.96881783,1,benign,Preprocessed_Dataset/cmmd/cmmd_1927.jpg,train
1.4583764,1.8828738,1.532528,1.1439422,1,benign,Preprocessed_Dataset/ddsm/ddsm_7253.jpg,train
0.27566433,0.85782224,1.6503445,1.0813471,0,normal,Preprocessed_Dataset/kau-bcmd/kau-bcmd_1719.jpg,train
1.7685938,2.1678462,0.9585693,0.99872315,1,benign,Preprocessed_Dataset/ddsm/ddsm_9395.jpg,train
1.8679457,0.92595136,2.126847,1.0891875,2,malignant,Preprocessed_Dataset/ddsm/ddsm_5980.jpg,train
1.1518978,0.53563094,1.6141082,0.70053583,0,normal,Preprocessed_Dataset/dmid/dmid_5.jpg,train
1.5789635,1.9534032,1.9490681,1.3529844,1,benign,Preprocessed_Dataset/ddsm/ddsm_7109.jpg,train
1.6360264,0.5996556,1.2111632,1.8071744,0,normal,Preprocessed_Dataset/ddsm/ddsm_670.jpg,train
0.71716607,0.36019266,0.6687533,1.3024828,1,benign,Preprocessed_Dataset/inbreast/inbreast_384.jpg,train
2.195669,0.45169103,1.6904615,1.4025899,2,malignant,Preprocessed_Dataset/ddsm/ddsm_5676.jpg,train
1.3779628,0.66568536,1.523553,2.1527486,1,benign,Preprocessed_Dataset/ddsm/ddsm_9112.jpg,train
0.20357406,1.5401486,1.5239836,1.7351615,2,malignant,Preprocessed_Dataset/cmmd/cmmd_1720.jpg,train
0.2436353,1.1168009,1.6580428,1.1181933,1,benign,Preprocessed_Dataset/kau-bcmd/kau-bcmd_1341.jpg,train
0.70166355,1.6579938,1.9409726,1.9315832,0,normal,Preprocessed_Dataset/kau-bcmd/kau-bcmd_1853.jpg,train
1.7376441,0.66063905,1.7316588,1.7422429,2,malignant,Preprocessed_Dataset/ddsm/ddsm_3128.jpg,train
2.1423779,0.8579905,2.5890403,1.4795718,2,malignant,Preprocessed_Dataset/ddsm/ddsm_5576.jpg,train
0.505692,1.70696,1.5264342,2.139171,0,normal,Preprocessed_Dataset/kau-bcmd/kau-bcmd_665.jpg,train
1.5594606,1.7257646,2.163676,1.4376085,2,malignant,Preprocessed_Dataset/ddsm/ddsm_5493.jpg,train
1.9238557,1.5911611,2.3501291,1.0969512,2,malignant,Preprocessed_Dataset/ddsm/ddsm_4693.jpg,train
1.6433072,2.3788805,1.780079,1.9960599,1,benign,Preprocessed_Dataset/ddsm/ddsm_8979.jpg,train
1.7086544,0.43623096,1.4720479,1.4788002,1,benign,Preprocessed_Dataset/ddsm/ddsm_10220.jpg,train
0.44608927,1.6534362,1.6112157,2.1440282,0,normal,Preprocessed_Dataset/kau-bcmd/kau-bcmd_797.jpg,train
2.245935,0.5170727,0.79061586,1.9571414,1,benign,Preprocessed_Dataset/ddsm/ddsm_7450.jpg,train
2.0880952,0.28191298,1.5222065,2.0379882,1,benign,Preprocessed_Dataset/ddsm/ddsm_7984.jpg,train
0.25054908,1.4628823,1.5106386,1.9450023,0,normal,Preprocessed_Dataset/kau-bcmd/kau-bcmd_2173.jpg,train
0.61206657,1.5329521,1.860739,1.8378872,2,malignant,Preprocessed_Dataset/cmmd/cmmd_2761.jpg,train
0.40696084,1.5162857,1.594789,1.9693307,2,malignant,Preprocessed_Dataset/cmmd/cmmd_3150.jpg,train
0.5628854,0.4681502,0.79509383,1.3280125,1,benign,Preprocessed_Dataset/inbreast/inbreast_343.jpg,train
0.20665538,1.4668479,1.5644985,1.8784456,0,normal,Preprocessed_Dataset/kau-bcmd/kau-bcmd_497.jpg,train
1.5397441,1.6186454,2.0298002,1.2000822,2,malignant,Preprocessed_Dataset/ddsm/ddsm_3469.jpg,train
0.36298257,1.5477097,1.668541,1.9995098,2,malignant,Preprocessed_Dataset/cmmd/cmmd_3373.jpg,train
0.81157994,0.7542973,1.8013949,0.43742847,2,malignant,Preprocessed_Dataset/cmmd/cmmd_4822.jpg,train
1.8255441,0.84576607,2.0692122,1.4564515,0,normal,Preprocessed_Dataset/ddsm/ddsm_664.jpg,train
1.0850986,1.5904562,2.0257218,0.8768107,2,malignant,Preprocessed_Dataset/ddsm/ddsm_2839.jpg,train
0.1096046,1.001662,1.5080888,1.3106378,2,malignant,Preprocessed_Dataset/cmmd/cmmd_3916.jpg,train
1.7816801,0.55370843,0.7461366,1.7836912,1,benign,Preprocessed_Dataset/ddsm/ddsm_10050.jpg,train
0.4929157,1.5865847,1.4230981,1.9126168,2,malignant,Preprocessed_Dataset/cmmd/cmmd_1339.jpg,train
1.138754,1.7833893,0.79002815,1.1112584,1,benign,Preprocessed_Dataset/ddsm/ddsm_9695.jpg,train
2.232257,0.7573551,1.5145054,2.225048,1,benign,Preprocessed_Dataset/ddsm/ddsm_6902.jpg,train
1.4818109,2.015758,1.7902261,2.1629953,2,malignant,Preprocessed_Dataset/ddsm/ddsm_4221.jpg,train
0.44808602,1.4666038,1.7290398,2.079924,1,benign,Preprocessed_Dataset/cmmd/cmmd_2198.jpg,train
1.6143274,1.6684875,2.3026457,1.8198706,1,benign,Preprocessed_Dataset/ddsm/ddsm_8253.jpg,train
0.16504657,1.1388434,1.7137942,1.1528084,0,normal,Preprocessed_Dataset/kau-bcmd/kau-bcmd_37.jpg,train
1.63357,1.9377682,0.7887901,0.82311,0,normal,Preprocessed_Dataset/ddsm/ddsm_1483.jpg,train
2.3312047,2.0341866,1.2623868,0.38541567,1,benign,Preprocessed_Dataset/ddsm/ddsm_8659.jpg,train
2.2485096,0.29168743,1.1193793,1.8928013,1,benign,Preprocessed_Dataset/ddsm/ddsm_8978.jpg,train
2.1985679,0.46354204,0.667248,1.7605059,1,benign,Preprocessed_Dataset/ddsm/ddsm_10218.jpg,train
1.9331374,0.691462,1.8635798,2.3411252,2,malignant,Preprocessed_Dataset/ddsm/ddsm_4080.jpg,train
0.23166847,0.88942534,1.5350511,1.0607834,2,malignant,Preprocessed_Dataset/cmmd/cmmd_4486.jpg,train
0.9431796,1.2317263,2.1914072,1.5099258,0,normal,Preprocessed_Dataset/cdd-cesm/cdd-cesm_580.jpg,train
1.1260239,0.1934799,0.88143146,0.9238904,1,benign,Preprocessed_Dataset/inbreast/inbreast_222.jpg,train
0.20758677,1.5203044,1.3250844,1.6281196,2,malignant,Preprocessed_Dataset/cmmd/cmmd_1579.jpg,train
2.0757232,0.4667257,1.4507827,2.0081391,2,malignant,Preprocessed_Dataset/ddsm/ddsm_4746.jpg,train
0.2193613,0.81416017,1.2336613,1.5518738,1,benign,Preprocessed_Dataset/cmmd/cmmd_185.jpg,train
0.42416167,1.1123879,1.6920624,1.0187091,1,benign,Preprocessed_Dataset/kau-bcmd/kau-bcmd_347.jpg,train
1.5086584,2.0721903,0.8419309,0.9805236,1,benign,Preprocessed_Dataset/ddsm/ddsm_9871.jpg,train
2.0582166,0.5438629,1.1886095,1.9045755,1,benign,Preprocessed_Dataset/ddsm/ddsm_6986.jpg,train
0.43053812,0.74443114,1.6186085,1.1141008,1,benign,Preprocessed_Dataset/cmmd/cmmd_1812.jpg,train
0.21941316,0.79441196,1.411766,1.4289582,2,malignant,Preprocessed_Dataset/cmmd/cmmd_3833.jpg,train
2.0343392,0.5583154,0.49810946,1.881117,2,malignant,Preprocessed_Dataset/ddsm/ddsm_5006.jpg,train
2.2543638,2.3157563,1.0161908,0.9513503,0,normal,Preprocessed_Dataset/ddsm/ddsm_1975.jpg,train
0.30512947,1.5009296,1.5373976,1.91041,2,malignant,Preprocessed_Dataset/cmmd/cmmd_3127.jpg,train
0.77273226,1.435255,1.7194626,1.3825282,0,normal,Preprocessed_Dataset/kau-bcmd/kau-bcmd_269.jpg,train
0.18040979,1.5055995,1.4808241,1.5357202,2,malignant,Preprocessed_Dataset/cmmd/cmmd_3366.jpg,train
2.387064,2.2264152,0.3489493,0.6816896,0,normal,Preprocessed_Dataset/ddsm/ddsm_87.jpg,train
1.8173342,0.870553,2.2520857,0.8755794,0,normal,Preprocessed_Dataset/ddsm/ddsm_2228.jpg,train
0.072434545,1.3637975,1.4964895,1.4834431,2,malignant,Preprocessed_Dataset/cmmd/cmmd_3489.jpg,train
2.061616,0.60702,0.0,1.4516271,1,benign,Preprocessed_Dataset/ddsm/ddsm_7082.jpg,train
1.1827916,1.8598379,1.8715587,1.6569952,1,benign,Preprocessed_Dataset/inbreast/inbreast_108.jpg,train
2.0784416,0.61330867,2.7462,1.1921191,2,malignant,Preprocessed_Dataset/ddsm/ddsm_6308.jpg,train
2.0702753,1.0973685,2.0856252,1.6097937,0,normal,Preprocessed_Dataset/ddsm/ddsm_2096.jpg,train
1.4350417,1.1957297,1.5858229,0.94752264,1,benign,Preprocessed_Dataset/ddsm/ddsm_8236.jpg,train
1.577877,1.8564085,1.8124541,1.5720198,1,benign,Preprocessed_Dataset/ddsm/ddsm_6745.jpg,train
0.53251326,0.7582489,1.264561,1.111385,0,normal,Preprocessed_Dataset/kau-bcmd/kau-bcmd_1671.jpg,train
0.19346309,1.3936405,1.5788552,1.8398415,2,malignant,Preprocessed_Dataset/cmmd/cmmd_2009.jpg,train
1.635942,1.7946148,0.7134283,0.31945205,2,malignant,Preprocessed_Dataset/ddsm/ddsm_6419.jpg,train
1.4403359,0.8690438,2.1370122,1.193432,0,normal,Preprocessed_Dataset/ddsm/ddsm_2216.jpg,train
1.5215871,1.0210241,1.9569553,1.1485593,0,normal,Preprocessed_Dataset/cdd-cesm/cdd-cesm_383.jpg,train
1.7213507,1.8968974,1.9725324,1.0090101,2,malignant,Preprocessed_Dataset/ddsm/ddsm_5545.jpg,train
2.4267287,2.4545255,0.9565931,0.45990038,0,normal,Preprocessed_Dataset/ddsm/ddsm_2319.jpg,train
0.23458087,0.83742774,1.6426089,1.2226124,2,malignant,Preprocessed_Dataset/cmmd/cmmd_4646.jpg,train
2.0098867,2.1141565,1.4247137,1.0879505,1,benign,Preprocessed_Dataset/ddsm/ddsm_8583.jpg,train
1.2788184,1.399618,1.0953162,0.7449606,2,malignant,Preprocessed_Dataset/cdd-cesm/cdd-cesm_626.jpg,train
1.9149393,0.48618507,1.4159325,1.253391,2,malignant,Preprocessed_Dataset/ddsm/ddsm_3306.jpg,train
2.5212069,0.7644927,1.2135401,2.2791648,0,normal,Preprocessed_Dataset/ddsm/ddsm_2338.jpg,train
1.6264644,0.8719692,1.255022,2.0305686,2,malignant,Preprocessed_Dataset/ddsm/ddsm_4022.jpg,train
0.76415014,1.8074919,1.4850197,1.960758,0,normal,Preprocessed_Dataset/kau-bcmd/kau-bcmd_1062.jpg,train
1.3181591,1.9550548,1.7076463,2.2491653,1,benign,Preprocessed_Dataset/ddsm/ddsm_7177.jpg,train
1.6068289,1.7510157,1.4271989,1.6425945,0,normal,Preprocessed_Dataset/ddsm/ddsm_2165.jpg,train
1.712809,2.353297,0.59654033,1.2064385,1,benign,Preprocessed_Dataset/ddsm/ddsm_10175.jpg,train
1.6599262,1.2567664,2.4886553,0.74571496,1,benign,Preprocessed_Dataset/kau-bcmd/kau-bcmd_597.jpg,train
1.8142358,2.145647,1.7547171,1.4174793,0,normal,Preprocessed_Dataset/ddsm/ddsm_1469.jpg,train
2.078048,0.832765,2.488844,1.1415509,1,benign,Preprocessed_Dataset/ddsm/ddsm_8280.jpg,train
2.913711,0.58394873,1.1776661,2.355471,0,normal,Preprocessed_Dataset/ddsm/ddsm_2122.jpg,train
0.5463509,0.77981055,1.6380146,0.8695629,2,malignant,Preprocessed_Dataset/cmmd/cmmd_4748.jpg,train
1.960126,2.3258455,1.2056255,1.0222481,2,malignant,Preprocessed_Dataset/ddsm/ddsm_3283.jpg,train
0.43320954,0.79352796,1.3773601,1.1208093,2,malignant,Preprocessed_Dataset/cmmd/cmmd_4024.jpg,train
1.8707557,1.0824062,1.890265,1.516578,2,malignant,Preprocessed_Dataset/cdd-cesm/cdd-cesm_923.jpg,train
1.1910373,1.2088585,0.92227525,0.6222651,2,malignant,Preprocessed_Dataset/cdd-cesm/cdd-cesm_801.jpg,train
1.5008346,0.62249017,0.63542783,1.5314294,1,benign,Preprocessed_Dataset/ddsm/ddsm_9598.jpg,train
1.5879247,1.0030187,1.8658913,1.0102968,0,normal,Preprocessed_Dataset/ddsm/ddsm_776.jpg,train
1.9220371,1.8114033,1.6288062,0.6156978,1,benign,Preprocessed_Dataset/ddsm/ddsm_9043.jpg,train
1.1518102,0.23470128,1.1264327,1.0279834,0,normal,Preprocessed_Dataset/inbreast/inbreast_198.jpg,train
2.915567,0.36791188,1.1852555,2.1826458,0,normal,Preprocessed_Dataset/ddsm/ddsm_1850.jpg,train
1.6974063,1.997859,0.65810454,1.0261995,1,benign,Preprocessed_Dataset/ddsm/ddsm_9499.jpg,train
1.8265666,2.1433868,1.9245709,1.4499451,2,malignant,Preprocessed_Dataset/ddsm/ddsm_4385.jpg,train
1.5054418,1.8133135,1.3983574,1.0548937,0,normal,Preprocessed_Dataset/ddsm/ddsm_2599.jpg,train
2.327765,0.7604719,1.6693828,1.9194556,2,malignant,Preprocessed_Dataset/ddsm/ddsm_3416.jpg,train
0.2948653,1.4583356,1.5540346,1.8974528,2,malignant,Preprocessed_Dataset/cmmd/cmmd_2911.jpg,train
0.21468759,0.8720553,1.5527629,1.2890311,2,malignant,Preprocessed_Dataset/cmmd/cmmd_4833.jpg,train
2.0925963,0.2606089,1.9700752,1.7355106,1,benign,Preprocessed_Dataset/ddsm/ddsm_9400.jpg,train
0.292893,1.5050372,1.5128238,1.7834942,2,malignant,Preprocessed_Dataset/cmmd/cmmd_1598.jpg,train
1.6810794,1.0569148,2.27055,1.2612092,0,normal,Preprocessed_Dataset/ddsm/ddsm_2492.jpg,train
0.37100303,0.77563703,1.5746999,1.038463,1,benign,Preprocessed_Dataset/cmmd/cmmd_1938.jpg,train
1.4152563,0.42245698,0.19771397,1.1662602,1,benign,Preprocessed_Dataset/ddsm/ddsm_6450.jpg,train
0.15464306,1.4849867,1.5031428,1.6579319,1,benign,Preprocessed_Dataset/cmmd/cmmd_2385.jpg,train
0.26850545,0.92835295,1.626292,0.96944106,2,malignant,Preprocessed_Dataset/cmmd/cmmd_4596.jpg,train
0.19920897,0.8952986,1.4138348,1.308743,1,benign,Preprocessed_Dataset/cmmd/cmmd_194.jpg,train
0.4310823,1.3235357,1.8201275,1.4102174,0,normal,Preprocessed_Dataset/kau-bcmd/kau-bcmd_155.jpg,train
0.17525661,1.4836447,1.5249486,1.7614486,2,malignant,Preprocessed_Dataset/cmmd/cmmd_1662.jpg,train
1.738348,0.7826643,1.9394686,1.3759029,2,malignant,Preprocessed_Dataset/ddsm/ddsm_4296.jpg,train
0.23961484,1.1344225,1.7842586,1.1113608,0,normal,Preprocessed_Dataset/kau-bcmd/kau-bcmd_1156.jpg,train
0.40003288,0.8239268,1.5511316,0.9045743,1,benign,Preprocessed_Dataset/cmmd/cmmd_1790.jpg,train
2.2877512,0.26807797,1.3842049,1.6495382,1,benign,Preprocessed_Dataset/ddsm/ddsm_9670.jpg,train
2.057173,0.24600339,0.7895176,1.5790203,2,malignant,Preprocessed_Dataset/ddsm/ddsm_3494.jpg,train
2.336977,0.79312086,2.4609733,1.1956565,2,malignant,Preprocessed_Dataset/ddsm/ddsm_4940.jpg,train
1.8300047,1.7857137,2.7306886,1.4901403,1,benign,Preprocessed_Dataset/ddsm/ddsm_8429.jpg,train
1.0531542,1.2044289,1.2998215,2.0268884,1,benign,Preprocessed_Dataset/cdd-cesm/cdd-cesm_460.jpg,train
0.1426965,1.3890237,1.5309348,1.7513556,2,malignant,Preprocessed_Dataset/cmmd/cmmd_1129.jpg,train
1.6356628,0.82226366,1.5285512,1.212415,0,normal,Preprocessed_Dataset/ddsm/ddsm_1164.jpg,train
2.427789,0.9253131,2.0316496,0.73950887,2,malignant,Preprocessed_Dataset/ddsm/ddsm_3428.jpg,train
1.4641281,1.9114219,2.20847,2.199633,2,malignant,Preprocessed_Dataset/ddsm/ddsm_3249.jpg,train
1.2080909,1.243787,1.9651518,1.9843991,2,malignant,Preprocessed_Dataset/cdd-cesm/cdd-cesm_259.jpg,train
1.6478248,1.9813613,2.45958,2.260447,0,normal,Preprocessed_Dataset/ddsm/ddsm_545.jpg,train
1.3308661,1.406608,2.1520016,1.3872759,2,malignant,Preprocessed_Dataset/cdd-cesm/cdd-cesm_750.jpg,train
0.27254534,0.85652095,1.5741811,0.9841808,2,malignant,Preprocessed_Dataset/cmmd/cmmd_4637.jpg,train
1.6476856,1.2483976,2.1508293,1.3960868,1,benign,Preprocessed_Dataset/ddsm/ddsm_8584.jpg,train
0.1267178,1.4300572,1.5145007,1.6349735,2,malignant,Preprocessed_Dataset/cmmd/cmmd_3457.jpg,train
1.4791967,1.3325678,2.0449483,1.195781,1,benign,Preprocessed_Dataset/cdd-cesm/cdd-cesm_871.jpg,train
2.2188196,2.3010697,0.34234798,0.71802187,1,benign,Preprocessed_Dataset/ddsm/ddsm_9047.jpg,train
0.44417375,0.924415,1.811604,0.7786226,2,malignant,Preprocessed_Dataset/cmmd/cmmd_5032.jpg,train
0.3226382,0.9418409,1.6757776,0.93634737,2,malignant,Preprocessed_Dataset/cmmd/cmmd_4795.jpg,train
0.9960071,1.1054511,1.4638143,1.6258597,1,benign,Preprocessed_Dataset/cdd-cesm/cdd-cesm_79.jpg,train
0.18837225,0.9529742,1.5099534,1.1226563,2,malignant,Preprocessed_Dataset/cmmd/cmmd_4675.jpg,train
0.3596397,1.6976368,1.3983299,1.8512778,1,benign,Preprocessed_Dataset/cmmd/cmmd_569.jpg,train
0.2560265,1.2543702,1.6824536,1.5153227,0,normal,Preprocessed_Dataset/kau-bcmd/kau-bcmd_308.jpg,train
1.8789053,0.8467071,1.7006735,1.0015451,2,malignant,Preprocessed_Dataset/ddsm/ddsm_4368.jpg,train
1.0505482,1.844919,1.7548453,1.9941435,0,normal,Preprocessed_Dataset/kau-bcmd/kau-bcmd_228.jpg,train
0.9493407,1.8885581,1.2926002,1.591783,0,normal,Preprocessed_Dataset/kau-bcmd/kau-bcmd_484.jpg,train
0.3543977,0.816577,1.6571149,1.0774931,2,malignant,Preprocessed_Dataset/cmmd/cmmd_4650.jpg,train
2.3390672,0.45113248,1.2662288,2.2743657,1,benign,Preprocessed_Dataset/ddsm/ddsm_9122.jpg,train
0.20066357,1.5057685,1.6365068,1.778492,2,malignant,Preprocessed_Dataset/cmmd/cmmd_205.jpg,train
2.0078719,2.4791298,0.43090236,1.0487453,0,normal,Preprocessed_Dataset/ddsm/ddsm_2571.jpg,train
1.893308,1.8110676,2.6765826,1.6468692,0,normal,Preprocessed_Dataset/ddsm/ddsm_1705.jpg,train
0.14055157,1.3938705,1.7705916,1.6394128,2,malignant,Preprocessed_Dataset/cmmd/cmmd_1828.jpg,train
2.1752024,1.9959054,1.578802,0.8285003,1,benign,Preprocessed_Dataset/ddsm/ddsm_9847.jpg,train
2.1756568,1.0489959,2.474944,1.3037797,1,benign,Preprocessed_Dataset/ddsm/ddsm_8840.jpg,train
0.24852657,1.5451539,1.5012369,1.8160355,2,malignant,Preprocessed_Dataset/cmmd/cmmd_1191.jpg,train
0.41265422,0.57269037,0.95627844,1.5149134,1,benign,Preprocessed_Dataset/inbreast/inbreast_89.jpg,train
0.5378723,1.6671764,1.7270213,2.0114117,1,benign,Preprocessed_Dataset/cmmd/cmmd_2136.jpg,train
2.177482,2.1738412,1.4818656,0.6021427,0,normal,Preprocessed_Dataset/ddsm/ddsm_1235.jpg,train
1.6754684,0.81585324,1.7850479,1.9135277,2,malignant,Preprocessed_Dataset/ddsm/ddsm_5994.jpg,train
1.0100368,1.2080694,1.7597973,0.6998788,2,malignant,Preprocessed_Dataset/cdd-cesm/cdd-cesm_462.jpg,train
2.1417775,0.74688435,1.6523191,2.1798677,0,normal,Preprocessed_Dataset/ddsm/ddsm_2698.jpg,train
1.9437318,2.3409677,1.526508,1.1364748,0,normal,Preprocessed_Dataset/ddsm/ddsm_423.jpg,train
2.2497578,0.899814,2.2449517,1.1466233,0,normal,Preprocessed_Dataset/ddsm/ddsm_2552.jpg,train
1.7087749,1.5276508,1.7473874,2.3982816,0,normal,Preprocessed_Dataset/cdd-cesm/cdd-cesm_562.jpg,train
2.1570814,0.51383054,1.3938922,1.7437545,1,benign,Preprocessed_Dataset/ddsm/ddsm_8250.jpg,train
0.49738055,1.9159197,0.9883811,1.7762097,2,malignant,Preprocessed_Dataset/dmid/dmid_111.jpg,train
0.35316837,1.6492192,1.4693038,1.9876072,1,benign,Preprocessed_Dataset/cmmd/cmmd_131.jpg,train
1.9003997,2.050643,1.2585785,0.7526784,1,benign,Preprocessed_Dataset/ddsm/ddsm_9211.jpg,train
1.6438742,0.529955,1.0294517,1.6703128,1,benign,Preprocessed_Dataset/ddsm/ddsm_10270.jpg,train
1.7834895,2.2350574,1.2191166,1.5608629,2,malignant,Preprocessed_Dataset/ddsm/ddsm_3015.jpg,train
1.5683823,0.5605488,1.2020922,1.8107898,2,malignant,Preprocessed_Dataset/ddsm/ddsm_5486.jpg,train
0.20959854,1.4740477,1.6878619,1.8855786,2,malignant,Preprocessed_Dataset/cmmd/cmmd_2571.jpg,train
0.22443998,0.86027104,1.5963784,1.1911719,2,malignant,Preprocessed_Dataset/cmmd/cmmd_5150.jpg,train
1.8713775,1.9498782,2.186167,1.7093793,0,normal,Preprocessed_Dataset/ddsm/ddsm_1461.jpg,train
1.9005221,2.1921844,1.7349087,1.2689117,1,benign,Preprocessed_Dataset/ddsm/ddsm_10085.jpg,train
0.27529407,1.5458145,1.5147051,1.992303,0,normal,Preprocessed_Dataset/kau-bcmd/kau-bcmd_1287.jpg,train
1.9146104,1.9387925,1.6758575,0.9519707,1,benign,Preprocessed_Dataset/ddsm/ddsm_9087.jpg,train
0.26280165,1.6100874,1.4893935,1.9025114,0,normal,Preprocessed_Dataset/kau-bcmd/kau-bcmd_1713.jpg,train
1.6923004,1.9339881,0.76686066,0.81476337,1,benign,Preprocessed_Dataset/ddsm/ddsm_9611.jpg,train
1.9649796,1.7252898,2.2361603,1.1743869,0,normal,Preprocessed_Dataset/ddsm/ddsm_1977.jpg,train
0.20728195,1.2542794,1.6650153,1.4124027,0,normal,Preprocessed_Dataset/kau-bcmd/kau-bcmd_449.jpg,train
1.844276,1.9562898,1.4808257,0.9343015,1,benign,Preprocessed_Dataset/ddsm/ddsm_7459.jpg,train
0.7038328,0.77277577,1.8675973,1.0601218,2,malignant,Preprocessed_Dataset/cmmd/cmmd_5001.jpg,train
0.20203066,1.228362,1.7007143,1.5324271,0,normal,Preprocessed_Dataset/kau-bcmd/kau-bcmd_115.jpg,train
0.10602903,1.3889117,1.5567644,1.6100464,2,malignant,Preprocessed_Dataset/cmmd/cmmd_2818.jpg,train
1.9266667,0.49163008,0.6503936,0.5966379,0,normal,Preprocessed_Dataset/ddsm/ddsm_1018.jpg,train
2.1840022,2.2957993,1.3482714,1.0693183,1,benign,Preprocessed_Dataset/ddsm/ddsm_8663.jpg,train
1.0314469,0.82284737,1.2198472,0.9250332,0,normal,Preprocessed_Dataset/kau-bcmd/kau-bcmd_2099.jpg,train
1.1811367,1.4018402,2.1445825,1.6449107,2,malignant,Preprocessed_Dataset/cdd-cesm/cdd-cesm_885.jpg,train
0.119436026,1.3721483,1.4804864,1.5721067,2,malignant,Preprocessed_Dataset/cmmd/cmmd_1182.jpg,train
0.60905325,0.77789897,1.6356969,0.7903662,2,malignant,Preprocessed_Dataset/cmmd/cmmd_2536.jpg,train
1.7946365,1.01414,1.902155,1.3380839,1,benign,Preprocessed_Dataset/ddsm/ddsm_9320.jpg,train
0.3049006,0.75335866,1.3380382,1.3873347,1,benign,Preprocessed_Dataset/cmmd/cmmd_456.jpg,train
1.6578919,2.0019495,0.9181673,1.1879236,1,benign,Preprocessed_Dataset/ddsm/ddsm_9711.jpg,train
0.3926847,1.2979059,1.6720283,1.3796604,0,normal,Preprocessed_Dataset/kau-bcmd/kau-bcmd_1127.jpg,train
0.3380702,1.5403455,1.589556,2.0129087,0,normal,Preprocessed_Dataset/kau-bcmd/kau-bcmd_765.jpg,train
2.2946954,2.3059688,1.2895248,0.5447321,0,normal,Preprocessed_Dataset/ddsm/ddsm_1927.jpg,train
1.8938568,1.7937312,1.5007738,1.1425169,1,benign,Preprocessed_Dataset/ddsm/ddsm_7529.jpg,train
0.3553502,0.7907172,1.3557274,1.2081165,2,malignant,Preprocessed_Dataset/cmmd/cmmd_861.jpg,train
1.917145,2.0115912,1.3002361,0.6901135,0,normal,Preprocessed_Dataset/ddsm/ddsm_1627.jpg,train
1.7494061,2.2238235,1.1757891,1.2424723,1,benign,Preprocessed_Dataset/ddsm/ddsm_8311.jpg,train
0.29221195,1.5786794,1.5631852,1.8569204,2,malignant,Preprocessed_Dataset/cmmd/cmmd_3393.jpg,train
0.29990768,1.4802772,1.6489238,2.0508754,1,benign,Preprocessed_Dataset/cmmd/cmmd_2330.jpg,train
2.1828609,0.7148793,2.3984919,1.0615526,0,normal,Preprocessed_Dataset/ddsm/ddsm_1024.jpg,train
0.19232607,1.5106348,1.6199708,1.7693373,2,malignant,Preprocessed_Dataset/cmmd/cmmd_3359.jpg,train
2.041078,0.51607573,1.9682714,1.6964076,2,malignant,Preprocessed_Dataset/ddsm/ddsm_4968.jpg,train
1.8288599,2.4798303,1.0384521,1.1580398,0,normal,Preprocessed_Dataset/ddsm/ddsm_1075.jpg,train
2.315899,0.17863202,1.276565,1.7845812,2,malignant,Preprocessed_Dataset/ddsm/ddsm_4774.jpg,train
2.229197,2.0119362,1.441938,1.2275938,0,normal,Preprocessed_Dataset/ddsm/ddsm_2199.jpg,train
1.856047,1.925209,1.9598811,1.1414993,1,benign,Preprocessed_Dataset/ddsm/ddsm_7035.jpg,train
2.2211592,2.47409,1.2307783,0.9052829,0,normal,Preprocessed_Dataset/ddsm/ddsm_1227.jpg,train
0.23246121,1.1305182,1.736172,1.0993688,1,benign,Preprocessed_Dataset/kau-bcmd/kau-bcmd_1396.jpg,train
1.8024616,2.3426232,0.9019376,1.2217482,0,normal,Preprocessed_Dataset/ddsm/ddsm_879.jpg,train
0.42000145,0.7578263,1.5402409,0.96390295,0,normal,Preprocessed_Dataset/kau-bcmd/kau-bcmd_2035.jpg,train
0.20260537,1.6180347,1.2506003,1.6564635,1,benign,Preprocessed_Dataset/cmmd/cmmd_530.jpg,train
1.5028812,2.0820642,0.6379336,0.94768155,2,malignant,Preprocessed_Dataset/ddsm/ddsm_4711.jpg,train
0.20174336,1.4899474,1.4279647,1.8196001,2,malignant,Preprocessed_Dataset/cmmd/cmmd_3427.jpg,train
0.8031612,1.6465992,1.4438809,1.7932522,0,normal,Preprocessed_Dataset/kau-bcmd/kau-bcmd_1845.jpg,train
1.7467246,1.1121111,2.432016,0.9742559,1,benign,Preprocessed_Dataset/ddsm/ddsm_9888.jpg,train
0.59356093,0.8968604,1.5216225,0.31272554,1,benign,Preprocessed_Dataset/cmmd/cmmd_2220.jpg,train
2.2847638,2.3557,1.6156827,1.095306,1,benign,Preprocessed_Dataset/ddsm/ddsm_10171.jpg,train
1.975641,0.44919044,1.539254,1.6946802,0,normal,Preprocessed_Dataset/ddsm/ddsm_52.jpg,train
2.1799965,0.5885865,1.70575,2.2090695,2,malignant,Preprocessed_Dataset/ddsm/ddsm_4210.jpg,train
2.661597,0.74999,1.3493574,2.1587856,0,normal,Preprocessed_Dataset/ddsm/ddsm_750.jpg,train
1.9194863,1.6766372,0.782573,0.45198375,1,benign,Preprocessed_Dataset/ddsm/ddsm_9983.jpg,train
0.48251402,0.7916125,1.4939404,0.8161379,0,normal,Preprocessed_Dataset/kau-bcmd/kau-bcmd_616.jpg,train
1.5200315,0.27503145,1.753673,2.080735,2,malignant,Preprocessed_Dataset/ddsm/ddsm_5908.jpg,train
1.8911347,2.1535802,1.7494324,1.1820259,2,malignant,Preprocessed_Dataset/ddsm/ddsm_6407.jpg,train
1.6228411,0.86752665,2.0125592,0.88353956,2,malignant,Preprocessed_Dataset/ddsm/ddsm_4616.jpg,train
2.3062508,0.6952467,1.2924676,1.2966871,1,benign,Preprocessed_Dataset/ddsm/ddsm_8850.jpg,train
1.9605434,0.6132197,2.135005,1.4230078,0,normal,Preprocessed_Dataset/ddsm/ddsm_2260.jpg,train
1.2317357,1.0985221,1.4924163,1.194886,1,benign,Preprocessed_Dataset/cdd-cesm/cdd-cesm_352.jpg,train
1.6525658,0.7587769,2.3644457,0.88566476,1,benign,Preprocessed_Dataset/ddsm/ddsm_9416.jpg,train
1.8464811,2.4651067,1.7808127,1.5424341,1,benign,Preprocessed_Dataset/ddsm/ddsm_9315.jpg,train
0.20582438,1.4749087,1.4548167,1.7568455,2,malignant,Preprocessed_Dataset/cmmd/cmmd_2627.jpg,train
1.792953,1.8645552,2.747713,2.1315117,1,benign,Preprocessed_Dataset/ddsm/ddsm_6513.jpg,train
1.5600297,1.9475124,0.64329225,0.6339746,0,normal,Preprocessed_Dataset/ddsm/ddsm_1163.jpg,train
0.43022358,1.6541088,1.5289093,2.0017552,2,malignant,Preprocessed_Dataset/cmmd/cmmd_1139.jpg,train
1.6030616,0.91165245,1.6539646,0.9829172,2,malignant,Preprocessed_Dataset/ddsm/ddsm_6372.jpg,train
1.9086614,2.656536,1.0100311,1.4383883,0,normal,Preprocessed_Dataset/ddsm/ddsm_179.jpg,train
0.12916851,1.4922663,1.4368918,1.5336037,2,malignant,Preprocessed_Dataset/cmmd/cmmd_1396.jpg,train
1.7433319,1.9079783,1.4706092,0.8002665,1,benign,Preprocessed_Dataset/ddsm/ddsm_10131.jpg,train
1.2974771,1.313506,1.6960844,1.3173151,2,malignant,Preprocessed_Dataset/cdd-cesm/cdd-cesm_789.jpg,train
0.8908174,0.70431703,1.3870705,1.0586209,0,normal,Preprocessed_Dataset/kau-bcmd/kau-bcmd_875.jpg,train
0.35362667,1.634521,1.5379572,2.1740966,1,benign,Preprocessed_Dataset/cmmd/cmmd_658.jpg,train
0.21807754,1.4676175,1.7649366,1.8602588,0,normal,Preprocessed_Dataset/kau-bcmd/kau-bcmd_276.jpg,train
0.2786348,1.4429946,1.6846861,1.9359909,2,malignant,Preprocessed_Dataset/cmmd/cmmd_2707.jpg,train
1.4840086,2.1066487,0.99120307,1.1024368,1,benign,Preprocessed_Dataset/ddsm/ddsm_9919.jpg,train
2.340602,0.45106882,1.3291069,1.7885633,1,benign,Preprocessed_Dataset/ddsm/ddsm_7606.jpg,train
0.0798589,1.3609501,1.5731287,1.521477,2,malignant,Preprocessed_Dataset/cmmd/cmmd_858.jpg,train
0.29519546,1.2753689,1.6742904,1.4323496,1,benign,Preprocessed_Dataset/kau-bcmd/kau-bcmd_1506.jpg,train
2.511547,0.20213461,0.3177414,1.4734408,0,normal,Preprocessed_Dataset/ddsm/ddsm_1866.jpg,train
1.9834034,2.2999196,1.438616,1.5591128,0,normal,Preprocessed_Dataset/ddsm/ddsm_1615.jpg,train
1.3486496,1.3836498,1.6612688,0.95836854,1,benign,Preprocessed_Dataset/cdd-cesm/cdd-cesm_682.jpg,train
0.33259314,1.4295086,1.64501,1.8897082,2,malignant,Preprocessed_Dataset/cmmd/cmmd_1483.jpg,train
2.0008526,2.302611,1.4310555,0.5195595,0,normal,Preprocessed_Dataset/ddsm/ddsm_2309.jpg,train
0.4162292,0.9065695,1.4374291,0.8801075,2,malignant,Preprocessed_Dataset/cmmd/cmmd_4965.jpg,train
2.0031352,2.7284236,1.313004,1.2833443,0,normal,Preprocessed_Dataset/ddsm/ddsm_2193.jpg,train
0.78271395,1.9730743,1.3413851,1.8744469,1,benign,Preprocessed_Dataset/inbreast/inbreast_304.jpg,train
1.7830564,2.1672707,1.3446369,0.93357074,1,benign,Preprocessed_Dataset/ddsm/ddsm_8131.jpg,train
0.26568556,1.2586802,1.7602961,1.5204647,0,normal,Preprocessed_Dataset/kau-bcmd/kau-bcmd_1618.jpg,train
0.3459689,1.4933441,1.6133251,2.0711215,2,malignant,Preprocessed_Dataset/cmmd/cmmd_3184.jpg,train
1.8508508,0.9180434,2.3262749,1.4320083,0,normal,Preprocessed_Dataset/ddsm/ddsm_844.jpg,train
2.112578,0.23618484,1.5707201,1.9315352,0,normal,Preprocessed_Dataset/ddsm/ddsm_676.jpg,train
1.9211615,0.42919564,1.0956814,1.6669784,0,normal,Preprocessed_Dataset/ddsm/ddsm_618.jpg,train
0.32543766,1.655567,1.5084022,1.8096049,2,malignant,Preprocessed_Dataset/cmmd/cmmd_3000.jpg,train
0.98007417,0.38834023,0.9052097,1.0858524,1,benign,Preprocessed_Dataset/dmid/dmid_319.jpg,train
1.0146077,1.7576052,1.5145221,1.6350522,0,normal,Preprocessed_Dataset/kau-bcmd/kau-bcmd_2061.jpg,train
1.8191546,0.2915855,0.75976795,1.5270498,0,normal,Preprocessed_Dataset/ddsm/ddsm_118.jpg,train
0.22764373,0.8769766,1.6857072,1.1770258,2,malignant,Preprocessed_Dataset/cmmd/cmmd_4554.jpg,train
1.7670267,1.7524827,2.2572348,1.9191859,0,normal,Preprocessed_Dataset/ddsm/ddsm_2529.jpg,train
1.7820959,2.246903,1.4815555,1.0347091,1,benign,Preprocessed_Dataset/ddsm/ddsm_7643.jpg,train
2.6050205,0.44962096,1.6962061,2.463535,2,malignant,Preprocessed_Dataset/ddsm/ddsm_5282.jpg,train
2.1309547,2.0303187,2.0515227,0.9107721,2,malignant,Preprocessed_Dataset/ddsm/ddsm_5589.jpg,train
0.33473092,0.9043336,1.5479667,0.850793,0,normal,Preprocessed_Dataset/kau-bcmd/kau-bcmd_375.jpg,train
1.2065448,1.9408283,1.2089689,1.458667,1,benign,Preprocessed_Dataset/ddsm/ddsm_8359.jpg,train
1.85462,1.7792213,1.7090061,1.5202591,1,benign,Preprocessed_Dataset/ddsm/ddsm_9065.jpg,train
1.6855255,2.0102274,1.8860036,1.3783301,2,malignant,Preprocessed_Dataset/ddsm/ddsm_4311.jpg,train
1.6290724,1.3553437,2.5826902,1.3605474,2,malignant,Preprocessed_Dataset/ddsm/ddsm_4340.jpg,train
1.9756192,1.627949,2.2821321,1.5288758,1,benign,Preprocessed_Dataset/ddsm/ddsm_9617.jpg,train
1.528514,1.7004728,1.7381597,1.3316483,1,benign,Preprocessed_Dataset/ddsm/ddsm_8325.jpg,train
2.0949001,0.57912576,0.9944146,1.869483,2,malignant,Preprocessed_Dataset/ddsm/ddsm_3530.jpg,train
2.2370043,0.88345665,0.52076924,1.8159049,2,malignant,Preprocessed_Dataset/ddsm/ddsm_3110.jpg,train
0.6955401,1.7333002,1.7466439,2.1579537,0,normal,Preprocessed_Dataset/kau-bcmd/kau-bcmd_866.jpg,train
1.9002032,2.5068884,0.7286641,1.1455101,1,benign,Preprocessed_Dataset/ddsm/ddsm_9471.jpg,train
0.27324355,0.9052973,1.4139417,1.1900502,2,malignant,Preprocessed_Dataset/cmmd/cmmd_822.jpg,train
0.30558455,0.810696,1.5563532,1.0418832,1,benign,Preprocessed_Dataset/cmmd/cmmd_2157.jpg,train
0.34367466,1.0971665,1.6771713,1.0572163,0,normal,Preprocessed_Dataset/kau-bcmd/kau-bcmd_1157.jpg,train
2.5454187,0.43819666,1.3900385,2.0745292,2,malignant,Preprocessed_Dataset/ddsm/ddsm_3662.jpg,train
1.7183156,1.0741068,2.1281612,1.637339,1,benign,Preprocessed_Dataset/ddsm/ddsm_8024.jpg,train
1.8022002,0.73119587,2.4748867,1.4351885,0,normal,Preprocessed_Dataset/ddsm/ddsm_604.jpg,train
1.6437452,1.0566027,2.0604365,1.3698664,2,malignant,Preprocessed_Dataset/ddsm/ddsm_4844.jpg,train
2.0410547,0.67104995,2.1483567,2.3962936,1,benign,Preprocessed_Dataset/ddsm/ddsm_8856.jpg,train
1.091598,1.1642148,1.3703871,0.97287977,0,normal,Preprocessed_Dataset/cdd-cesm/cdd-cesm_241.jpg,train
0.122050405,1.4415184,1.4154625,1.5151927,2,malignant,Preprocessed_Dataset/cmmd/cmmd_2043.jpg,train
0.24992228,1.4759545,1.3927925,1.860369,2,malignant,Preprocessed_Dataset/cmmd/cmmd_1307.jpg,train
0.12909782,1.4010478,1.5174807,1.7227894,1,benign,Preprocessed_Dataset/cmmd/cmmd_1921.jpg,train
0.25139678,1.1372968,1.7158977,1.1012979,1,benign,Preprocessed_Dataset/kau-bcmd/kau-bcmd_727.jpg,train
0.19775975,1.5346624,1.4643191,1.7868805,2,malignant,Preprocessed_Dataset/cmmd/cmmd_1088.jpg,train
1.3460529,2.0159655,1.5091386,1.7410347,1,benign,Preprocessed_Dataset/ddsm/ddsm_10063.jpg,train
1.8941346,1.8403139,2.4445229,1.6009924,1,benign,Preprocessed_Dataset/ddsm/ddsm_8313.jpg,train
0.16043794,1.372633,1.6302125,1.7573271,2,malignant,Preprocessed_Dataset/cmmd/cmmd_2484.jpg,train
1.5990553,1.9739037,2.0239484,1.2579385,1,benign,Preprocessed_Dataset/ddsm/ddsm_7537.jpg,train
0.38388193,1.576523,1.4066366,1.9878795,2,malignant,Preprocessed_Dataset/cmmd/cmmd_136.jpg,train
0.1599803,1.5010031,1.4935954,1.7321273,1,benign,Preprocessed_Dataset/cmmd/cmmd_151.jpg,train
1.8480365,2.1031513,1.5456626,1.2389007,2,malignant,Preprocessed_Dataset/ddsm/ddsm_5905.jpg,train
2.7676034,0.23491144,1.1468664,2.176116,0,normal,Preprocessed_Dataset/ddsm/ddsm_2578.jpg,train
1.0455276,0.7555402,1.8033508,0.90447456,0,normal,Preprocessed_Dataset/kau-bcmd/kau-bcmd_2048.jpg,train
2.072084,2.328495,1.2663243,0.9392677,0,normal,Preprocessed_Dataset/ddsm/ddsm_705.jpg,train
1.7070292,2.367599,1.1853938,1.5879275,1,benign,Preprocessed_Dataset/ddsm/ddsm_6807.jpg,train
0.1752379,0.8782639,1.4244123,1.4084345,1,benign,Preprocessed_Dataset/cmmd/cmmd_30.jpg,train
2.2519913,0.6647093,2.158255,1.491059,0,normal,Preprocessed_Dataset/ddsm/ddsm_1420.jpg,train
1.3152583,1.189703,2.3695571,1.0151703,0,normal,Preprocessed_Dataset/cdd-cesm/cdd-cesm_859.jpg,train
0.2374444,1.4558113,1.6173897,1.9252981,1,benign,Preprocessed_Dataset/cmmd/cmmd_2425.jpg,train
0.27339554,1.6359439,1.5050411,2.0358584,0,normal,Preprocessed_Dataset/dmid/dmid_508.jpg,train
0.18077374,1.5606916,1.413854,1.7153865,2,malignant,Preprocessed_Dataset/cmmd/cmmd_1460.jpg,train
1.9650389,0.5474717,0.9674638,1.8019053,1,benign,Preprocessed_Dataset/ddsm/ddsm_7766.jpg,train
0.5138372,0.8449191,1.8145018,0.82376915,2,malignant,Preprocessed_Dataset/cmmd/cmmd_5168.jpg,train
0.543399,1.782174,1.1453159,1.8442413,1,benign,Preprocessed_Dataset/inbreast/inbreast_157.jpg,train
1.8443967,1.7121135,2.3947425,1.3966438,0,normal,Preprocessed_Dataset/ddsm/ddsm_1157.jpg,train
1.968522,0.42227536,1.796776,1.2436502,0,normal,Preprocessed_Dataset/ddsm/ddsm_2040.jpg,train
1.5153278,1.8352246,1.8515015,1.3044698,1,benign,Preprocessed_Dataset/ddsm/ddsm_10197.jpg,train
0.09610188,1.432456,1.3514045,1.390422,1,benign,Preprocessed_Dataset/cmmd/cmmd_2211.jpg,train
1.6254065,1.6716137,2.7514799,1.5090004,1,benign,Preprocessed_Dataset/ddsm/ddsm_10137.jpg,train
1.6191006,2.2913642,0.6422219,1.4827923,2,malignant,Preprocessed_Dataset/ddsm/ddsm_5363.jpg,train
2.5453002,0.35571575,1.4014003,2.16046,0,normal,Preprocessed_Dataset/ddsm/ddsm_2318.jpg,train
1.4031872,1.6204383,1.4661996,1.001776,1,benign,Preprocessed_Dataset/ddsm/ddsm_7001.jpg,train
1.831986,1.8695614,1.9992073,1.2452996,1,benign,Preprocessed_Dataset/ddsm/ddsm_7239.jpg,train
0.38719887,0.7340645,1.5621545,0.95641094,2,malignant,Preprocessed_Dataset/cmmd/cmmd_4731.jpg,train
0.6630089,2.0846548,1.1772072,2.3906734,1,benign,Preprocessed_Dataset/inbreast/inbreast_161.jpg,train
0.1636579,0.9181303,1.4931974,1.2653503,0,normal,Preprocessed_Dataset/kau-bcmd/kau-bcmd_1997.jpg,train
2.1739278,0.80550134,2.3645215,0.8705453,0,normal,Preprocessed_Dataset/ddsm/ddsm_320.jpg,train
1.9857033,1.7641854,2.5338662,1.4212241,0,normal,Preprocessed_Dataset/ddsm/ddsm_1365.jpg,train
0.14413416,0.90788627,1.3986291,1.5011122,2,malignant,Preprocessed_Dataset/cmmd/cmmd_5188.jpg,train
0.3993774,1.4897351,1.4748312,1.6511362,2,malignant,Preprocessed_Dataset/cmmd/cmmd_1522.jpg,train
0.27907586,0.9097278,1.7151424,0.974638,2,malignant,Preprocessed_Dataset/cmmd/cmmd_5176.jpg,train
2.2448912,0.9005259,2.1394925,1.3080752,0,normal,Preprocessed_Dataset/ddsm/ddsm_1232.jpg,train
0.73642075,1.6542854,1.7485739,1.9619066,0,normal,Preprocessed_Dataset/kau-bcmd/kau-bcmd_1697.jpg,train
1.8599262,2.5183897,1.0158966,1.306101,0,normal,Preprocessed_Dataset/ddsm/ddsm_475.jpg,train
0.23381889,0.9605808,1.7430543,1.0573703,1,benign,Preprocessed_Dataset/cmmd/cmmd_4613.jpg,train
2.3586679,1.8288383,2.3423293,1.0149013,1,benign,Preprocessed_Dataset/ddsm/ddsm_8657.jpg,train
1.6967506,1.6574167,1.8766676,1.1177752,1,benign,Preprocessed_Dataset/ddsm/ddsm_10105.jpg,train
1.2873089,1.4214346,1.4955299,1.2855343,1,benign,Preprocessed_Dataset/ddsm/ddsm_9885.jpg,train
2.1493213,2.2599225,1.7347347,1.4692876,0,normal,Preprocessed_Dataset/ddsm/ddsm_1853.jpg,train
0.9041184,0.8228697,1.4177818,0.77833277,1,benign,Preprocessed_Dataset/cmmd/cmmd_3601.jpg,train
0.5219699,1.7231455,1.4136653,2.1513445,0,normal,Preprocessed_Dataset/kau-bcmd/kau-bcmd_809.jpg,train
2.4696279,2.5797448,0.9026189,0.90410453,1,benign,Preprocessed_Dataset/ddsm/ddsm_9551.jpg,train
0.5002017,0.7690902,1.3457714,0.8860323,0,normal,Preprocessed_Dataset/kau-bcmd/kau-bcmd_1244.jpg,train
0.21105146,0.82365227,1.5632201,1.4016769,2,malignant,Preprocessed_Dataset/cmmd/cmmd_3728.jpg,train
0.7427755,0.76129806,1.7975713,0.6619322,0,normal,Preprocessed_Dataset/kau-bcmd/kau-bcmd_2199.jpg,train
0.27635455,1.5487179,1.4488868,1.9711331,1,benign,Preprocessed_Dataset/cmmd/cmmd_2240.jpg,train
1.5726867,2.3054388,0.6035331,1.1984929,1,benign,Preprocessed_Dataset/ddsm/ddsm_7047.jpg,train
1.968606,2.214572,0.91040343,0.80804974,0,normal,Preprocessed_Dataset/ddsm/ddsm_2279.jpg,train
0.42191124,0.72430706,1.5036985,1.1945918,2,malignant,Preprocessed_Dataset/cmmd/cmmd_3765.jpg,train
0.22047257,1.4504548,1.5093997,1.8263496,2,malignant,Preprocessed_Dataset/cmmd/cmmd_923.jpg,train
1.8979497,0.42067122,0.33362126,1.2111989,2,malignant,Preprocessed_Dataset/ddsm/ddsm_3914.jpg,train
0.2884481,1.1315058,1.6762607,1.0816476,1,benign,Preprocessed_Dataset/kau-bcmd/kau-bcmd_147.jpg,train
1.5619814,0.5748836,1.0801252,1.5010756,1,benign,Preprocessed_Dataset/ddsm/ddsm_10254.jpg,train
1.5067296,1.9503224,1.9820411,1.8567557,1,benign,Preprocessed_Dataset/ddsm/ddsm_8817.jpg,train
0.3698219,0.7431805,1.503002,1.0947541,0,normal,Preprocessed_Dataset/kau-bcmd/kau-bcmd_1172.jpg,train
0.50520945,1.6363842,1.7203848,2.0947402,2,malignant,Preprocessed_Dataset/cmmd/cmmd_3464.jpg,train
0.51078767,1.5947143,1.7281758,2.0755801,0,normal,Preprocessed_Dataset/kau-bcmd/kau-bcmd_853.jpg,train
2.0661952,2.5335932,1.3387817,1.1900717,0,normal,Preprocessed_Dataset/ddsm/ddsm_935.jpg,train
0.2501353,0.88900846,1.5999966,1.0766366,1,benign,Preprocessed_Dataset/cmmd/cmmd_484.jpg,train
0.122813106,1.4647131,1.4523119,1.5804582,2,malignant,Preprocessed_Dataset/cmmd/cmmd_741.jpg,train
0.63503724,0.51784873,1.1626549,1.027606,1,benign,Preprocessed_Dataset/dmid/dmid_406.jpg,train
2.1696064,0.9654408,2.6462355,1.4565665,1,benign,Preprocessed_Dataset/ddsm/ddsm_8956.jpg,train
2.4146466,0.5705631,1.9257277,2.0477233,0,normal,Preprocessed_Dataset/ddsm/ddsm_1132.jpg,train
2.5343437,0.50653046,1.3436869,1.9778664,0,normal,Preprocessed_Dataset/ddsm/ddsm_1298.jpg,train
2.2714124,0.8516344,2.635254,1.1675005,2,malignant,Preprocessed_Dataset/ddsm/ddsm_3748.jpg,train
2.3620832,0.57400733,1.635738,2.241769,1,benign,Preprocessed_Dataset/ddsm/ddsm_9370.jpg,train
2.240888,0.65496755,2.0441904,1.0065103,0,normal,Preprocessed_Dataset/ddsm/ddsm_2568.jpg,train
0.34543115,0.8644925,1.4505243,0.9578467,0,normal,Preprocessed_Dataset/kau-bcmd/kau-bcmd_1093.jpg,train
1.7025754,2.288616,1.6927581,1.3940192,0,normal,Preprocessed_Dataset/ddsm/ddsm_1357.jpg,train
2.3905635,0.37568325,1.2915223,2.1644173,0,normal,Preprocessed_Dataset/ddsm/ddsm_2770.jpg,train
0.31002498,0.7800293,1.3997196,1.1527789,2,malignant,Preprocessed_Dataset/cmmd/cmmd_3646.jpg,train
2.0694442,0.49765342,1.5489869,1.7808154,1,benign,Preprocessed_Dataset/ddsm/ddsm_9650.jpg,train
2.158977,2.202905,1.2322935,0.780188,1,benign,Preprocessed_Dataset/ddsm/ddsm_7923.jpg,train
0.33701563,1.4926534,1.4762704,1.8060445,1,benign,Preprocessed_Dataset/cmmd/cmmd_515.jpg,train
0.3057919,1.4406631,1.5646843,1.9298325,2,malignant,Preprocessed_Dataset/cmmd/cmmd_3153.jpg,train
1.8362997,0.6763765,1.2159464,1.3804011,1,benign,Preprocessed_Dataset/ddsm/ddsm_8938.jpg,train
0.94878006,2.0986283,1.3326818,1.9536829,0,normal,Preprocessed_Dataset/dmid/dmid_156.jpg,train
0.14970303,1.4861974,1.6081517,1.6957731,0,normal,Preprocessed_Dataset/kau-bcmd/kau-bcmd_1318.jpg,train
0.9245801,0.6777985,1.4823916,0.95340157,0,normal,Preprocessed_Dataset/kau-bcmd/kau-bcmd_178.jpg,train
0.21767807,1.4680033,1.4798235,1.8508079,1,benign,Preprocessed_Dataset/cmmd/cmmd_561.jpg,train
0.18972814,1.5107365,1.4399898,1.768031,2,malignant,Preprocessed_Dataset/cmmd/cmmd_2052.jpg,train
2.2823725,1.9982846,1.609647,0.75598174,1,benign,Preprocessed_Dataset/ddsm/ddsm_10043.jpg,train
1.892563,1.7664585,2.1630428,1.570593,2,malignant,Preprocessed_Dataset/ddsm/ddsm_2789.jpg,train
0.4969709,0.8392348,1.6777469,0.7034047,2,malignant,Preprocessed_Dataset/cmmd/cmmd_4735.jpg,train
0.7605119,2.1420977,1.0276186,2.1278553,2,malignant,Preprocessed_Dataset/inbreast/inbreast_257.jpg,train
1.3520317,1.8310654,0.4134612,0.7345314,1,benign,Preprocessed_Dataset/ddsm/ddsm_7273.jpg,train
2.1118917,0.44064242,0.7852565,1.6805617,1,benign,Preprocessed_Dataset/ddsm/ddsm_6994.jpg,train
2.1118412,1.6612372,1.5266753,1.0189707,2,malignant,Preprocessed_Dataset/ddsm/ddsm_4905.jpg,train
0.27020866,1.25338,1.7451013,1.5454581,1,benign,Preprocessed_Dataset/kau-bcmd/kau-bcmd_1310.jpg,train
1.0835369,1.280539,2.095256,1.422704,0,normal,Preprocessed_Dataset/cdd-cesm/cdd-cesm_568.jpg,train
2.3553963,0.54698145,1.441277,1.680761,2,malignant,Preprocessed_Dataset/ddsm/ddsm_4976.jpg,train
1.4664826,2.0751112,2.1025958,1.8935187,0,normal,Preprocessed_Dataset/ddsm/ddsm_917.jpg,train
0.6336432,1.7110456,1.5339823,1.9893434,0,normal,Preprocessed_Dataset/kau-bcmd/kau-bcmd_1950.jpg,train
0.19430435,1.2769306,1.7969323,1.7819445,0,normal,Preprocessed_Dataset/kau-bcmd/kau-bcmd_585.jpg,train
0.249511,0.93534553,1.6322054,0.95192456,2,malignant,Preprocessed_Dataset/cmmd/cmmd_4992.jpg,train
0.27927744,0.87481827,1.7428876,1.1473494,2,malignant,Preprocessed_Dataset/cmmd/cmmd_4802.jpg,train
1.9689356,2.4119816,1.453993,1.4395653,0,normal,Preprocessed_Dataset/ddsm/ddsm_231.jpg,train
2.0923882,0.5459331,1.2316189,2.034559,1,benign,Preprocessed_Dataset/ddsm/ddsm_9422.jpg,train
0.30317205,0.7971691,1.4599094,1.1952441,1,benign,Preprocessed_Dataset/cmmd/cmmd_22.jpg,train
0.29907185,0.8807009,1.5322618,0.9772595,0,normal,Preprocessed_Dataset/kau-bcmd/kau-bcmd_463.jpg,train
0.45842946,1.309116,1.8238958,1.3868436,0,normal,Preprocessed_Dataset/kau-bcmd/kau-bcmd_201.jpg,train
0.120937824,1.4351704,1.5677396,1.6146541,2,malignant,Preprocessed_Dataset/cmmd/cmmd_1730.jpg,train
2.2695827,0.29276252,0.7551611,1.7190664,0,normal,Preprocessed_Dataset/ddsm/ddsm_298.jpg,train
2.1068723,0.7394987,2.6874096,1.1804476,0,normal,Preprocessed_Dataset/ddsm/ddsm_2016.jpg,train
0.2374959,1.5236332,1.2832849,1.6305512,2,malignant,Preprocessed_Dataset/cmmd/cmmd_1446.jpg,train
0.19523,1.5951827,1.4186021,1.6082371,0,normal,Preprocessed_Dataset/kau-bcmd/kau-bcmd_1861.jpg,train
0.17968047,0.9134269,1.4581475,1.3156472,2,malignant,Preprocessed_Dataset/cmmd/cmmd_4147.jpg,train
0.46713614,1.7480826,1.5329171,2.1586673,0,normal,Preprocessed_Dataset/kau-bcmd/kau-bcmd_1430.jpg,train
0.22152412,1.5216484,1.4877753,1.9101441,0,normal,Preprocessed_Dataset/kau-bcmd/kau-bcmd_1729.jpg,train
1.8933382,1.4932014,2.5801144,1.3668739,1,benign,Preprocessed_Dataset/ddsm/ddsm_6853.jpg,train
0.16868913,0.9116817,1.564901,1.3290473,1,benign,Preprocessed_Dataset/cmmd/cmmd_474.jpg,train
2.2785268,0.59966385,1.7191694,2.2243068,2,malignant,Preprocessed_Dataset/ddsm/ddsm_6424.jpg,train
0.22032034,0.8615272,1.5399232,1.2178817,0,normal,Preprocessed_Dataset/kau-bcmd/kau-bcmd_1675.jpg,train
1.9923849,0.6031126,0.94445425,1.4128722,1,benign,Preprocessed_Dataset/ddsm/ddsm_7806.jpg,train
2.2018843,1.6276267,2.67229,1.2710271,0,normal,Preprocessed_Dataset/ddsm/ddsm_2633.jpg,train
1.7188714,1.5546135,2.4512894,1.1462176,2,malignant,Preprocessed_Dataset/ddsm/ddsm_4901.jpg,train
0.3948452,1.2813892,1.6926084,1.350689,1,benign,Preprocessed_Dataset/kau-bcmd/kau-bcmd_806.jpg,train
2.0936365,2.2689254,0.64919585,0.6904624,2,malignant,Preprocessed_Dataset/ddsm/ddsm_3599.jpg,train
2.2762651,2.2647893,2.108113,1.1366035,1,benign,Preprocessed_Dataset/ddsm/ddsm_7593.jpg,train
0.37472773,1.4375905,1.5807394,1.9910882,1,benign,Preprocessed_Dataset/cmmd/cmmd_2373.jpg,train
0.4078015,0.7094968,1.3522674,1.2303134,2,malignant,Preprocessed_Dataset/cmmd/cmmd_4003.jpg,train
1.482637,2.185431,1.0032969,1.2623261,1,benign,Preprocessed_Dataset/ddsm/ddsm_9587.jpg,train
0.14717185,0.92729986,1.5683091,1.3778372,1,benign,Preprocessed_Dataset/cmmd/cmmd_3894.jpg,train
1.761464,1.0094144,2.1087542,1.1756095,0,normal,Preprocessed_Dataset/ddsm/ddsm_292.jpg,train
2.6039355,0.33378458,0.83149004,1.9911596,1,benign,Preprocessed_Dataset/ddsm/ddsm_6498.jpg,train
2.448136,0.6003239,1.9174491,2.013803,0,normal,Preprocessed_Dataset/ddsm/ddsm_2152.jpg,train
1.4967958,2.2081513,1.0254283,1.6968459,1,benign,Preprocessed_Dataset/ddsm/ddsm_7627.jpg,train
2.335372,0.8658041,1.5827664,1.7797586,0,normal,Preprocessed_Dataset/ddsm/ddsm_374.jpg,train
0.40751058,0.71449196,1.3640354,1.1879658,2,malignant,Preprocessed_Dataset/cmmd/cmmd_3954.jpg,train
2.5680852,0.4837811,0.921294,1.9940307,0,normal,Preprocessed_Dataset/ddsm/ddsm_1314.jpg,train
1.6152204,2.3811133,1.3805674,2.05318,2,malignant,Preprocessed_Dataset/ddsm/ddsm_5055.jpg,train
0.33367658,1.5368598,1.4153961,1.7590196,1,benign,Preprocessed_Dataset/cmmd/cmmd_200.jpg,train
1.7452933,0.5128974,1.6171423,1.6736398,2,malignant,Preprocessed_Dataset/ddsm/ddsm_3114.jpg,train
1.841388,2.4518948,1.5107238,1.5133413,1,benign,Preprocessed_Dataset/ddsm/ddsm_6763.jpg,train
1.8737242,2.4029846,1.3933508,1.1996382,1,benign,Preprocessed_Dataset/ddsm/ddsm_8355.jpg,train
0.39126986,1.5639458,1.4691725,2.0892415,0,normal,Preprocessed_Dataset/kau-bcmd/kau-bcmd_870.jpg,train
1.8370132,0.7687282,1.6547228,2.075786,1,benign,Preprocessed_Dataset/ddsm/ddsm_7610.jpg,train
1.7068067,2.2314281,0.89061797,1.0440115,0,normal,Preprocessed_Dataset/ddsm/ddsm_235.jpg,train
0.20896685,0.9155359,1.5963361,1.115749,0,normal,Preprocessed_Dataset/kau-bcmd/kau-bcmd_1835.jpg,train
0.16869879,0.8673867,1.4344331,1.5052962,2,malignant,Preprocessed_Dataset/cmmd/cmmd_3637.jpg,train
2.0446143,2.4357014,1.354581,1.3098894,0,normal,Preprocessed_Dataset/ddsm/ddsm_1843.jpg,train
0.13971674,0.93754804,1.505077,1.3316103,2,malignant,Preprocessed_Dataset/cmmd/cmmd_4599.jpg,train
0.33638394,0.7375203,1.2839363,1.2810404,1,benign,Preprocessed_Dataset/cmmd/cmmd_385.jpg,train
1.6736552,1.8292236,2.4154239,1.699275,2,malignant,Preprocessed_Dataset/ddsm/ddsm_5885.jpg,train
0.27804673,1.5320349,1.5538129,1.9296205,2,malignant,Preprocessed_Dataset/cmmd/cmmd_2675.jpg,train
0.13271344,1.4456131,1.5472441,1.6477268,2,malignant,Preprocessed_Dataset/cmmd/cmmd_1144.jpg,train
1.2708528,1.2095867,2.213767,1.4951283,2,malignant,Preprocessed_Dataset/cdd-cesm/cdd-cesm_732.jpg,train
0.7409693,0.37748027,0.96013635,1.0116675,0,normal,Preprocessed_Dataset/inbreast/inbreast_393.jpg,train
0.58457226,0.892957,1.7952076,0.73085153,1,benign,Preprocessed_Dataset/cmmd/cmmd_2448.jpg,train
2.0855203,0.43265015,1.5621994,2.0776658,0,normal,Preprocessed_Dataset/ddsm/ddsm_410.jpg,train
2.1109853,2.328995,1.7005842,1.1837913,1,benign,Preprocessed_Dataset/ddsm/ddsm_9963.jpg,train
0.45370358,0.91586554,1.7977223,1.0036994,2,malignant,Preprocessed_Dataset/cmmd/cmmd_4568.jpg,train
0.18244934,0.915977,1.4581366,1.1911416,2,malignant,Preprocessed_Dataset/cmmd/cmmd_4885.jpg,train
2.3578873,0.4120186,0.96365327,2.0543935,0,normal,Preprocessed_Dataset/ddsm/ddsm_398.jpg,train
2.1666923,0.7032365,1.3283849,2.1468782,0,normal,Preprocessed_Dataset/ddsm/ddsm_1662.jpg,train
0.569233,2.0186124,1.2108666,1.8786942,0,normal,Preprocessed_Dataset/dmid/dmid_240.jpg,train
1.3588815,1.2326797,1.5034163,0.9253401,1,benign,Preprocessed_Dataset/cdd-cesm/cdd-cesm_268.jpg,train
0.35549068,1.5243778,1.440639,1.9818833,2,malignant,Preprocessed_Dataset/cmmd/cmmd_711.jpg,train
0.24119294,1.5463359,1.4627142,1.9652841,2,malignant,Preprocessed_Dataset/cmmd/cmmd_759.jpg,train
0.40572184,1.6411014,1.6664413,2.0992856,0,normal,Preprocessed_Dataset/kau-bcmd/kau-bcmd_1995.jpg,train
1.9816601,2.4892297,1.3358849,1.3017648,2,malignant,Preprocessed_Dataset/ddsm/ddsm_3447.jpg,train
1.6693982,1.7643183,1.8837615,1.4095383,1,benign,Preprocessed_Dataset/ddsm/ddsm_10325.jpg,train
1.833488,1.7015259,1.7471621,0.09120059,1,benign,Preprocessed_Dataset/ddsm/ddsm_7867.jpg,train
2.2429533,0.4033295,0.7172332,1.8509148,1,benign,Preprocessed_Dataset/ddsm/ddsm_7466.jpg,train
0.31720847,1.5468519,1.7747775,2.032711,0,normal,Preprocessed_Dataset/kau-bcmd/kau-bcmd_7.jpg,train
0.5629366,2.1162066,1.224253,2.4904077,2,malignant,Preprocessed_Dataset/cmmd/cmmd_3497.jpg,train
1.1231174,1.4109647,1.9644158,1.3169171,1,benign,Preprocessed_Dataset/cdd-cesm/cdd-cesm_843.jpg,train
0.16480756,1.2540396,1.7598306,1.7136315,0,normal,Preprocessed_Dataset/kau-bcmd/kau-bcmd_172.jpg,train
2.646338,0.50895524,1.3229885,2.3150868,0,normal,Preprocessed_Dataset/ddsm/ddsm_2198.jpg,train
0.216609,1.466324,1.6890873,1.9114954,0,normal,Preprocessed_Dataset/kau-bcmd/kau-bcmd_2030.jpg,train
2.318551,0.6533647,2.4145799,1.1585791,2,malignant,Preprocessed_Dataset/ddsm/ddsm_6284.jpg,train
0.5674042,0.55556333,1.2070817,1.0024607,0,normal,Preprocessed_Dataset/dmid/dmid_383.jpg,train
1.8611503,1.0820596,2.0204146,1.244638,0,normal,Preprocessed_Dataset/ddsm/ddsm_124.jpg,train
2.0645342,1.0157217,1.9491321,1.4447398,1,benign,Preprocessed_Dataset/ddsm/ddsm_8808.jpg,train
1.0104895,1.2908865,1.3308954,0.9381238,2,malignant,Preprocessed_Dataset/cdd-cesm/cdd-cesm_601.jpg,train
0.63515466,1.3970075,1.52477,1.513456,0,normal,Preprocessed_Dataset/kau-bcmd/kau-bcmd_151.jpg,train
2.2065494,0.5052574,1.4700168,2.1248345,0,normal,Preprocessed_Dataset/ddsm/ddsm_714.jpg,train
1.1577907,1.8798869,1.642928,1.9447393,2,malignant,Preprocessed_Dataset/ddsm/ddsm_4373.jpg,train
0.25854492,1.2394235,1.7759745,1.5575205,1,benign,Preprocessed_Dataset/kau-bcmd/kau-bcmd_1338.jpg,train
1.615921,1.8536674,0.9149382,0.9074899,1,benign,Preprocessed_Dataset/ddsm/ddsm_10079.jpg,train
1.8344998,2.1656394,0.6542634,0.8737608,0,normal,Preprocessed_Dataset/ddsm/ddsm_2263.jpg,train
2.0457366,1.2384069,1.7818782,2.0881357,1,benign,Preprocessed_Dataset/cdd-cesm/cdd-cesm_811.jpg,train
0.52622604,0.6662106,1.4684749,0.6723267,1,benign,Preprocessed_Dataset/ddsm/ddsm_6644.jpg,train
2.4898205,0.53540385,0.70031875,2.0992665,1,benign,Preprocessed_Dataset/ddsm/ddsm_9742.jpg,train
0.70938766,1.9514453,1.009169,1.8507516,2,malignant,Preprocessed_Dataset/dmid/dmid_60.jpg,train
2.3063295,2.2245622,1.317418,0.8838338,0,normal,Preprocessed_Dataset/ddsm/ddsm_2067.jpg,train
0.16768062,1.4731755,1.4935489,1.7428379,2,malignant,Preprocessed_Dataset/cmmd/cmmd_889.jpg,train
1.5163018,1.7407566,1.8181388,1.4166821,0,normal,Preprocessed_Dataset/ddsm/ddsm_181.jpg,train
1.7879256,0.45946997,0.46467412,1.3503906,1,benign,Preprocessed_Dataset/ddsm/ddsm_8926.jpg,train
1.1432999,0.9960415,1.4595716,1.6127919,0,normal,Preprocessed_Dataset/cdd-cesm/cdd-cesm_890.jpg,train
1.6993334,2.4025223,1.5857369,2.0042827,0,normal,Preprocessed_Dataset/ddsm/ddsm_119.jpg,train
0.82024074,1.8896861,1.6868027,2.3943496,2,malignant,Preprocessed_Dataset/inbreast/inbreast_164.jpg,train
1.9202309,0.74762136,2.2678623,0.9382868,0,normal,Preprocessed_Dataset/ddsm/ddsm_1712.jpg,train
0.79256237,0.6092984,1.3777065,0.84247464,0,normal,Preprocessed_Dataset/kau-bcmd/kau-bcmd_2166.jpg,train
1.5789869,0.6145948,2.0646496,1.2772776,0,normal,Preprocessed_Dataset/ddsm/ddsm_412.jpg,train
0.8294016,2.22861,0.96695405,2.4141707,1,benign,Preprocessed_Dataset/inbreast/inbreast_73.jpg,train
1.9145192,0.6907425,2.4188495,1.1334579,0,normal,Preprocessed_Dataset/ddsm/ddsm_1680.jpg,train
0.10970378,0.9589598,1.4927108,1.498812,1,benign,Preprocessed_Dataset/cmmd/cmmd_692.jpg,train
2.256207,2.1086938,1.2832325,0.6243111,2,malignant,Preprocessed_Dataset/ddsm/ddsm_6231.jpg,train
0.29228145,1.4529262,1.7269131,2.0145705,2,malignant,Preprocessed_Dataset/cmmd/cmmd_1987.jpg,train
1.4215107,1.0804027,1.5102917,1.7952772,1,benign,Preprocessed_Dataset/cdd-cesm/cdd-cesm_721.jpg,train
0.20194578,1.5131849,1.3990318,1.7700214,2,malignant,Preprocessed_Dataset/cmmd/cmmd_3463.jpg,train
1.9705055,1.8311248,1.8211133,1.0346307,1,benign,Preprocessed_Dataset/ddsm/ddsm_7961.jpg,train
1.971487,0.38344556,0.827219,1.7142987,1,benign,Preprocessed_Dataset/ddsm/ddsm_8406.jpg,train
1.0365132,0.35847503,1.1196231,1.120399,0,normal,Preprocessed_Dataset/dmid/dmid_172.jpg,train
2.7154307,0.6227472,1.8143432,2.3872051,0,normal,Preprocessed_Dataset/ddsm/ddsm_1414.jpg,train
2.6164594,2.3436956,1.6214668,0.56913686,0,normal,Preprocessed_Dataset/ddsm/ddsm_2155.jpg,train
0.32964575,1.5792421,1.6015037,1.9850864,0,normal,Preprocessed_Dataset/kau-bcmd/kau-bcmd_701.jpg,train
1.9925046,0.7390252,1.3419542,2.067172,1,benign,Preprocessed_Dataset/ddsm/ddsm_9826.jpg,train
2.2461984,0.4888332,0.10464299,1.7037086,1,benign,Preprocessed_Dataset/ddsm/ddsm_8374.jpg,train
1.9003713,1.0878267,2.3231418,1.7873838,1,benign,Preprocessed_Dataset/ddsm/ddsm_7920.jpg,train
2.2436357,2.3232687,0.8019351,0.73027223,1,benign,Preprocessed_Dataset/ddsm/ddsm_8715.jpg,train
1.7472697,0.54556155,0.7865828,1.5400462,0,normal,Preprocessed_Dataset/ddsm/ddsm_2150.jpg,train
0.42170173,0.81904113,1.7046411,0.9266093,2,malignant,Preprocessed_Dataset/cmmd/cmmd_5198.jpg,train
2.1817846,0.56659883,1.3718699,2.0214038,1,benign,Preprocessed_Dataset/ddsm/ddsm_6706.jpg,train
1.3529756,0.8093051,1.1967292,1.4703525,0,normal,Preprocessed_Dataset/kau-bcmd/kau-bcmd_2154.jpg,train
1.8748442,0.6781448,2.210247,0.8315932,0,normal,Preprocessed_Dataset/ddsm/ddsm_88.jpg,train
0.16787279,1.4498199,1.5949144,1.7734209,1,benign,Preprocessed_Dataset/cmmd/cmmd_2129.jpg,train
2.1193075,0.5630164,1.4406376,2.1281166,0,normal,Preprocessed_Dataset/ddsm/ddsm_1394.jpg,train
1.6550436,0.33902162,1.7741363,0.8037398,2,malignant,Preprocessed_Dataset/ddsm/ddsm_4448.jpg,train
1.9638302,2.5163527,1.3469269,1.6452733,0,normal,Preprocessed_Dataset/ddsm/ddsm_571.jpg,train
0.52429783,0.7107689,1.4197106,0.9453765,0,normal,Preprocessed_Dataset/kau-bcmd/kau-bcmd_1635.jpg,train
0.28692782,0.7676769,1.2658665,1.4091222,1,benign,Preprocessed_Dataset/cmmd/cmmd_635.jpg,train
1.3090829,1.8890989,1.7657272,1.8878617,0,normal,Preprocessed_Dataset/ddsm/ddsm_617.jpg,train
0.14048684,0.9079336,1.5180609,1.4667624,0,normal,Preprocessed_Dataset/kau-bcmd/kau-bcmd_1643.jpg,train
0.50078917,0.69436175,1.676496,1.0548255,2,malignant,Preprocessed_Dataset/cmmd/cmmd_4935.jpg,train
0.122707725,1.4628195,1.4230986,1.5498055,1,benign,Preprocessed_Dataset/cmmd/cmmd_36.jpg,train
1.6785476,2.170499,1.2833592,1.5841038,1,benign,Preprocessed_Dataset/ddsm/ddsm_7463.jpg,train
0.14108956,1.3476048,1.4862669,1.6533227,2,malignant,Preprocessed_Dataset/cmmd/cmmd_3053.jpg,train
1.7211981,1.756255,1.8052758,1.0633388,1,benign,Preprocessed_Dataset/ddsm/ddsm_10277.jpg,train
1.7243493,1.0852437,3.1202745,1.5247062,1,benign,Preprocessed_Dataset/ddsm/ddsm_7904.jpg,train
1.6560917,2.241399,0.9405062,1.2779053,0,normal,Preprocessed_Dataset/ddsm/ddsm_2667.jpg,train
2.23215,0.5588836,1.4544599,2.0579314,2,malignant,Preprocessed_Dataset/ddsm/ddsm_5950.jpg,train
0.2338922,1.4654348,1.4665426,1.7121334,2,malignant,Preprocessed_Dataset/cmmd/cmmd_1263.jpg,train
1.955151,0.4608783,1.4247323,1.7180712,2,malignant,Preprocessed_Dataset/ddsm/ddsm_6086.jpg,train
2.0247865,1.6843446,1.8724793,1.2583311,1,benign,Preprocessed_Dataset/ddsm/ddsm_8597.jpg,train
0.7505391,0.52591676,1.4500943,0.77174336,1,benign,Preprocessed_Dataset/dmid/dmid_287.jpg,train
0.40086937,0.64142877,1.6209706,1.1834656,2,malignant,Preprocessed_Dataset/cmmd/cmmd_5060.jpg,train
2.6296072,0.23877645,1.1295612,2.0317752,2,malignant,Preprocessed_Dataset/ddsm/ddsm_5298.jpg,train
1.5067455,2.1136878,0.5902552,1.2959237,1,benign,Preprocessed_Dataset/ddsm/ddsm_9851.jpg,train
0.9725683,1.4217718,1.9860022,1.3979235,2,malignant,Preprocessed_Dataset/cdd-cesm/cdd-cesm_913.jpg,train
2.5672739,0.37620318,0.8168781,2.109436,1,benign,Preprocessed_Dataset/ddsm/ddsm_7370.jpg,train
0.20412815,1.5428839,1.6011819,1.7906169,1,benign,Preprocessed_Dataset/cmmd/cmmd_1973.jpg,train
0.32522893,0.83785707,1.7013558,1.0015016,2,malignant,Preprocessed_Dataset/cmmd/cmmd_5052.jpg,train
0.14599979,0.93562186,1.6262519,1.3215433,2,malignant,Preprocessed_Dataset/cmmd/cmmd_3806.jpg,train
1.9651191,1.879842,1.9832458,1.3271496,0,normal,Preprocessed_Dataset/ddsm/ddsm_2433.jpg,train
2.0982165,0.57922447,0.8376831,1.7744405,1,benign,Preprocessed_Dataset/ddsm/ddsm_7490.jpg,train
0.89636004,0.91961133,0.83575463,1.9181315,2,malignant,Preprocessed_Dataset/ddsm/ddsm_6202.jpg,train
2.0985272,2.5065832,1.6462972,1.4831169,0,normal,Preprocessed_Dataset/ddsm/ddsm_1579.jpg,train
0.28082234,1.6102417,1.4743162,1.93035,0,normal,Preprocessed_Dataset/kau-bcmd/kau-bcmd_1581.jpg,train
1.8399073,1.9319894,1.3581053,1.3097416,1,benign,Preprocessed_Dataset/ddsm/ddsm_6681.jpg,train
1.1202109,0.6866664,1.7796373,0.42222416,2,malignant,Preprocessed_Dataset/ddsm/ddsm_5348.jpg,train
0.4275514,1.4336239,1.5299828,1.8303927,0,normal,Preprocessed_Dataset/kau-bcmd/kau-bcmd_1075.jpg,train
1.804549,0.6623817,2.059064,1.2556545,2,malignant,Preprocessed_Dataset/ddsm/ddsm_3020.jpg,train
0.24956322,0.9098613,1.6270504,1.0494269,2,malignant,Preprocessed_Dataset/cmmd/cmmd_4524.jpg,train
0.18077219,1.5074874,1.518361,1.806335,0,normal,Preprocessed_Dataset/kau-bcmd/kau-bcmd_336.jpg,train
2.0002687,2.0816529,0.90137017,0.9115043,0,normal,Preprocessed_Dataset/ddsm/ddsm_2515.jpg,train
0.55854285,0.777136,1.7600502,0.7607788,0,normal,Preprocessed_Dataset/kau-bcmd/kau-bcmd_2052.jpg,train
2.197987,0.7741607,1.983146,1.4245406,1,benign,Preprocessed_Dataset/ddsm/ddsm_6564.jpg,train
0.23044181,0.82420594,1.3727214,1.3615391,2,malignant,Preprocessed_Dataset/cmmd/cmmd_4323.jpg,train
2.22546,0.51475203,1.4875308,2.3474016,0,normal,Preprocessed_Dataset/ddsm/ddsm_450.jpg,train
1.4941894,0.7452749,2.2044392,0.78288025,0,normal,Preprocessed_Dataset/ddsm/ddsm_1288.jpg,train
2.2566037,0.9230582,3.011744,1.302621,0,normal,Preprocessed_Dataset/ddsm/ddsm_476.jpg,train
0.7437521,0.6179449,1.4738071,0.79298615,0,normal,Preprocessed_Dataset/kau-bcmd/kau-bcmd_1380.jpg,train
0.24975193,0.83755577,1.683659,1.2356795,2,malignant,Preprocessed_Dataset/cmmd/cmmd_5177.jpg,train
1.7257574,2.2793713,1.259141,1.3695347,0,normal,Preprocessed_Dataset/ddsm/ddsm_1109.jpg,train
2.3510861,1.9134659,1.8777527,0.5905766,1,benign,Preprocessed_Dataset/ddsm/ddsm_8949.jpg,train
1.7320918,1.3994396,2.2000093,1.6677855,1,benign,Preprocessed_Dataset/ddsm/ddsm_8712.jpg,train
1.4674824,1.7639775,1.3533676,1.57926,1,benign,Preprocessed_Dataset/ddsm/ddsm_7257.jpg,train
2.0104892,0.6208402,2.3420615,1.2157335,2,malignant,Preprocessed_Dataset/ddsm/ddsm_4572.jpg,train
0.19693792,1.4779592,1.3680472,1.6479893,2,malignant,Preprocessed_Dataset/cmmd/cmmd_1573.jpg,train
1.5096972,2.109089,1.6638832,1.8563404,0,normal,Preprocessed_Dataset/inbreast/inbreast_216.jpg,train
2.183763,0.5932387,1.2103876,2.2159796,2,malignant,Preprocessed_Dataset/ddsm/ddsm_5118.jpg,train
2.2343001,0.39630395,1.3777416,1.5425787,0,normal,Preprocessed_Dataset/ddsm/ddsm_1406.jpg,train
1.7535932,0.78034747,2.3262784,0.92849106,0,normal,Preprocessed_Dataset/ddsm/ddsm_764.jpg,train
2.1992295,0.66814303,1.1775671,2.1408577,2,malignant,Preprocessed_Dataset/ddsm/ddsm_5402.jpg,train
1.9614973,1.0753988,1.803458,1.478731,2,malignant,Preprocessed_Dataset/ddsm/ddsm_4088.jpg,train
1.8468449,0.50883126,0.94474536,1.7923315,0,normal,Preprocessed_Dataset/ddsm/ddsm_2218.jpg,train
0.27193272,1.1387734,1.7646322,1.0961417,0,normal,Preprocessed_Dataset/kau-bcmd/kau-bcmd_21.jpg,train
1.6315155,1.7311621,1.9480944,1.7780701,0,normal,Preprocessed_Dataset/ddsm/ddsm_1197.jpg,train
2.2179275,1.9749382,1.1588851,1.1930852,1,benign,Preprocessed_Dataset/ddsm/ddsm_9669.jpg,train
2.1780994,1.18095,2.2741237,1.3113637,0,normal,Preprocessed_Dataset/ddsm/ddsm_748.jpg,train
0.7329559,0.38751054,0.97185576,1.356119,2,malignant,Preprocessed_Dataset/dmid/dmid_445.jpg,train
0.38106185,0.80182445,1.6003871,0.9864904,2,malignant,Preprocessed_Dataset/cmmd/cmmd_726.jpg,train
1.7668407,0.90125996,2.0611997,1.4413228,2,malignant,Preprocessed_Dataset/ddsm/ddsm_4812.jpg,train
2.2160995,2.5140104,0.8526383,1.2818958,1,benign,Preprocessed_Dataset/ddsm/ddsm_8907.jpg,train
2.4792812,0.34841096,1.3630836,2.0520902,1,benign,Preprocessed_Dataset/ddsm/ddsm_10382.jpg,train
1.0766139,1.0151422,1.5775272,1.5048972,0,normal,Preprocessed_Dataset/cdd-cesm/cdd-cesm_18.jpg,train
1.692514,2.3165555,0.39467776,1.2509563,1,benign,Preprocessed_Dataset/ddsm/ddsm_7591.jpg,train
1.0820167,0.5685052,1.2993795,1.1762333,1,benign,Preprocessed_Dataset/inbreast/inbreast_43.jpg,train
1.172281,0.6165304,1.7274508,0.82203144,0,normal,Preprocessed_Dataset/kau-bcmd/kau-bcmd_1743.jpg,train
0.21411002,0.8729139,1.5532571,1.2771609,2,malignant,Preprocessed_Dataset/cmmd/cmmd_4135.jpg,train
0.20885801,0.87650406,1.5427271,1.1236954,1,benign,Preprocessed_Dataset/cmmd/cmmd_4431.jpg,train
0.2122742,1.4545835,1.4577968,1.8058065,2,malignant,Preprocessed_Dataset/cmmd/cmmd_2991.jpg,train
0.63516736,1.8656821,1.2547798,2.264062,1,benign,Preprocessed_Dataset/inbreast/inbreast_390.jpg,train
0.16571927,0.93199086,1.4659945,1.3300172,2,malignant,Preprocessed_Dataset/cmmd/cmmd_4058.jpg,train
0.23986971,0.8369397,1.6351523,1.3046488,2,malignant,Preprocessed_Dataset/cmmd/cmmd_4538.jpg,train
0.30461615,1.2745371,1.7004242,1.4214995,1,benign,Preprocessed_Dataset/kau-bcmd/kau-bcmd_1435.jpg,train
0.228086,1.1337,1.7485629,1.0932214,0,normal,Preprocessed_Dataset/kau-bcmd/kau-bcmd_1164.jpg,train
0.25573087,1.2701302,1.8033788,1.4183785,0,normal,Preprocessed_Dataset/kau-bcmd/kau-bcmd_32.jpg,train
1.3057715,1.742176,1.670754,1.3128636,2,malignant,Preprocessed_Dataset/ddsm/ddsm_4087.jpg,train
1.6960936,1.9308107,1.1282403,0.80352914,1,benign,Preprocessed_Dataset/ddsm/ddsm_10017.jpg,train
0.298689,0.7928476,1.5768214,1.1846616,2,malignant,Preprocessed_Dataset/cmmd/cmmd_2755.jpg,train
0.2811889,0.7983104,1.5748699,1.2233276,2,malignant,Preprocessed_Dataset/cmmd/cmmd_4457.jpg,train
1.7196038,2.4326632,1.0141797,1.718044,2,malignant,Preprocessed_Dataset/ddsm/ddsm_4995.jpg,train
0.48766214,1.4575523,1.6156528,1.9231116,2,malignant,Preprocessed_Dataset/cmmd/cmmd_1104.jpg,train
1.5853958,0.8381791,1.4418398,1.5590053,1,benign,Preprocessed_Dataset/ddsm/ddsm_7972.jpg,train
1.6901416,0.96158004,2.128796,1.0633845,0,normal,Preprocessed_Dataset/ddsm/ddsm_2020.jpg,train
2.5487275,0.4534855,0.8441315,1.6345925,1,benign,Preprocessed_Dataset/ddsm/ddsm_8042.jpg,train
2.1264715,1.0525374,2.3107963,1.1552932,1,benign,Preprocessed_Dataset/ddsm/ddsm_8660.jpg,train
2.3148036,0.46734625,0.69030374,1.3342867,0,normal,Preprocessed_Dataset/ddsm/ddsm_1402.jpg,train
1.5429229,1.7333794,1.9840511,1.8828453,0,normal,Preprocessed_Dataset/ddsm/ddsm_2613.jpg,train
2.3660882,0.72895396,0.8052667,2.0501437,2,malignant,Preprocessed_Dataset/ddsm/ddsm_5662.jpg,train
0.10147762,1.3532602,1.5746832,1.5921279,2,malignant,Preprocessed_Dataset/cmmd/cmmd_3077.jpg,train
1.8590237,1.9975692,1.8705201,1.1095884,2,malignant,Preprocessed_Dataset/ddsm/ddsm_6121.jpg,train
1.0730466,1.3195225,2.1910057,1.4358529,2,malignant,Preprocessed_Dataset/cdd-cesm/cdd-cesm_851.jpg,train
1.6499462,0.76116234,2.0261273,1.6326646,1,benign,Preprocessed_Dataset/ddsm/ddsm_6772.jpg,train
0.59236443,0.80196965,1.6384444,0.6955346,0,normal,Preprocessed_Dataset/kau-bcmd/kau-bcmd_427.jpg,train
0.115489006,1.4137018,1.6709193,1.6200998,2,malignant,Preprocessed_Dataset/cmmd/cmmd_1441.jpg,train
0.30718672,0.7904617,1.3689338,1.067308,2,malignant,Preprocessed_Dataset/cmmd/cmmd_4999.jpg,train
0.1635474,1.4918934,1.4005504,1.6253982,1,benign,Preprocessed_Dataset/cmmd/cmmd_535.jpg,train
0.17110968,1.4761792,1.6417589,1.7830462,0,normal,Preprocessed_Dataset/kau-bcmd/kau-bcmd_496.jpg,train
0.4225434,1.6337824,1.5885711,2.076982,0,normal,Preprocessed_Dataset/kau-bcmd/kau-bcmd_1250.jpg,train
0.34154737,1.5753059,1.3929191,1.9020433,2,malignant,Preprocessed_Dataset/cmmd/cmmd_789.jpg,train
0.9600935,1.2510026,1.9854373,1.9518056,2,malignant,Preprocessed_Dataset/cdd-cesm/cdd-cesm_309.jpg,train
0.3197869,1.6755742,1.4870044,2.0089376,0,normal,Preprocessed_Dataset/kau-bcmd/kau-bcmd_1994.jpg,train
1.7299148,1.7863629,2.14091,1.6465349,2,malignant,Preprocessed_Dataset/ddsm/ddsm_6217.jpg,train
1.6504725,0.7803124,2.0300288,1.8538454,2,malignant,Preprocessed_Dataset/ddsm/ddsm_4328.jpg,train
1.1524918,1.025284,2.172951,1.6920052,0,normal,Preprocessed_Dataset/cdd-cesm/cdd-cesm_833.jpg,train
1.520419,1.2912768,2.300009,1.2774916,2,malignant,Preprocessed_Dataset/ddsm/ddsm_5188.jpg,train
0.2614829,1.2590791,1.7985692,1.4517876,0,normal,Preprocessed_Dataset/kau-bcmd/kau-bcmd_177.jpg,train
0.23344314,0.9404012,1.6551172,1.0209911,1,benign,Preprocessed_Dataset/cmmd/cmmd_2251.jpg,train
0.35091335,1.6832731,1.6096269,2.0613256,1,benign,Preprocessed_Dataset/cmmd/cmmd_1940.jpg,train
1.1893791,1.157845,2.2682505,1.5409503,2,malignant,Preprocessed_Dataset/cdd-cesm/cdd-cesm_194.jpg,train
2.3235285,2.2446373,2.2803793,1.5491986,2,malignant,Preprocessed_Dataset/ddsm/ddsm_4935.jpg,train
2.2855844,0.47561288,0.8580572,1.8645674,1,benign,Preprocessed_Dataset/ddsm/ddsm_10162.jpg,train
2.585593,0.7462972,2.1676517,1.9158423,0,normal,Preprocessed_Dataset/ddsm/ddsm_2056.jpg,train
1.0043142,1.2139345,1.4181093,1.4873558,1,benign,Preprocessed_Dataset/cdd-cesm/cdd-cesm_75.jpg,train
2.123526,0.89321136,1.8912356,1.0405798,0,normal,Preprocessed_Dataset/ddsm/ddsm_656.jpg,train
0.75209713,1.8348119,1.2652634,1.9195999,0,normal,Preprocessed_Dataset/kau-bcmd/kau-bcmd_1824.jpg,train
2.154329,1.9971099,1.5594887,0.62752074,1,benign,Preprocessed_Dataset/ddsm/ddsm_10373.jpg,train
0.7567221,1.7536204,1.5621443,1.9766575,0,normal,Preprocessed_Dataset/kau-bcmd/kau-bcmd_505.jpg,train
1.8357832,2.1824474,0.46120512,1.7483035,0,normal,Preprocessed_Dataset/ddsm/ddsm_1379.jpg,train
1.7667687,0.44782013,0.29023755,1.2447923,2,malignant,Preprocessed_Dataset/ddsm/ddsm_5690.jpg,train
0.7802408,0.73266274,1.4204912,1.0473588,0,normal,Preprocessed_Dataset/kau-bcmd/kau-bcmd_659.jpg,train
0.42660344,0.7118674,1.5298738,1.2546142,2,malignant,Preprocessed_Dataset/cmmd/cmmd_785.jpg,train
2.180536,1.8710145,2.140212,1.0317228,1,benign,Preprocessed_Dataset/ddsm/ddsm_6909.jpg,train
2.378708,0.3112967,1.0655621,2.062894,2,malignant,Preprocessed_Dataset/ddsm/ddsm_4974.jpg,train
1.9499267,0.84985536,2.103013,0.91820246,2,malignant,Preprocessed_Dataset/ddsm/ddsm_5572.jpg,train
1.746712,2.1067772,2.260684,1.4321667,0,normal,Preprocessed_Dataset/ddsm/ddsm_1633.jpg,train
1.8340722,2.3334615,1.2216244,1.4585863,0,normal,Preprocessed_Dataset/ddsm/ddsm_983.jpg,train
0.8609749,0.67047065,1.867964,0.80273056,0,normal,Preprocessed_Dataset/kau-bcmd/kau-bcmd_110.jpg,train
1.6262949,2.126161,2.369268,1.9702635,2,malignant,Preprocessed_Dataset/ddsm/ddsm_5061.jpg,train
1.7722261,2.025275,2.4063687,1.7563438,0,normal,Preprocessed_Dataset/ddsm/ddsm_2625.jpg,train
0.573312,0.7705425,1.6599214,0.6475429,0,normal,Preprocessed_Dataset/kau-bcmd/kau-bcmd_1580.jpg,train
0.3895014,0.850314,1.5846758,0.9368324,2,malignant,Preprocessed_Dataset/cmmd/cmmd_954.jpg,train
1.3015475,0.9509682,1.6229216,1.4180185,2,malignant,Preprocessed_Dataset/ddsm/ddsm_4104.jpg,train
0.095887065,1.3881099,1.5455389,1.5552363,2,malignant,Preprocessed_Dataset/cmmd/cmmd_3454.jpg,train
0.28646284,0.8317337,1.5029107,1.1471132,1,benign,Preprocessed_Dataset/cmmd/cmmd_3614.jpg,train
0.24757564,1.5863211,1.4755756,1.8399135,2,malignant,Preprocessed_Dataset/cmmd/cmmd_1274.jpg,train
2.508346,0.7000655,1.0907586,2.2087512,1,benign,Preprocessed_Dataset/ddsm/ddsm_7518.jpg,train
2.7004867,0.5633719,1.3976706,2.3296573,2,malignant,Preprocessed_Dataset/ddsm/ddsm_5278.jpg,train
1.8132098,2.2133775,1.8669481,1.3136173,2,malignant,Preprocessed_Dataset/ddsm/ddsm_5565.jpg,train
1.9049128,0.37818134,0.70974797,1.368883,0,normal,Preprocessed_Dataset/ddsm/ddsm_1886.jpg,train
1.8048086,2.2628973,1.6591618,1.3467532,2,malignant,Preprocessed_Dataset/ddsm/ddsm_5575.jpg,train
1.150123,1.2341363,1.8906476,1.9118398,0,normal,Preprocessed_Dataset/cdd-cesm/cdd-cesm_518.jpg,train
2.3093784,2.3905997,1.3693122,1.0436076,0,normal,Preprocessed_Dataset/ddsm/ddsm_1583.jpg,train
2.4519613,0.49939162,0.91657776,1.9586134,0,normal,Preprocessed_Dataset/ddsm/ddsm_1206.jpg,train
0.8319082,1.1621917,1.5856982,1.8512304,0,normal,Preprocessed_Dataset/cdd-cesm/cdd-cesm_157.jpg,train
1.7585946,0.7918949,0.9279715,1.7497188,1,benign,Preprocessed_Dataset/ddsm/ddsm_7496.jpg,train
1.8297353,0.50136954,2.0682988,1.558304,0,normal,Preprocessed_Dataset/ddsm/ddsm_2648.jpg,train
1.8649354,0.9255966,1.783386,0.85790247,2,malignant,Preprocessed_Dataset/ddsm/ddsm_2852.jpg,train
0.67721206,0.75069094,1.333026,0.89182574,0,normal,Preprocessed_Dataset/kau-bcmd/kau-bcmd_2074.jpg,train
0.25848424,1.6330628,1.2003814,1.7402548,1,benign,Preprocessed_Dataset/cmmd/cmmd_413.jpg,train
2.1033242,0.76277906,2.3830624,0.9214028,0,normal,Preprocessed_Dataset/ddsm/ddsm_1604.jpg,train
1.91008,2.301842,0.7777107,1.3457296,1,benign,Preprocessed_Dataset/ddsm/ddsm_7231.jpg,train
0.18137765,0.9433667,1.6458167,1.1589227,1,benign,Preprocessed_Dataset/cmmd/cmmd_1932.jpg,train
2.121724,2.2624846,2.0097857,1.4486212,0,normal,Preprocessed_Dataset/ddsm/ddsm_1617.jpg,train
0.22963142,1.6300627,1.1874671,1.6322949,0,normal,Preprocessed_Dataset/kau-bcmd/kau-bcmd_1255.jpg,train
1.499004,1.0151818,1.4269674,0.74999326,1,benign,Preprocessed_Dataset/ddsm/ddsm_7160.jpg,train
2.617982,0.9136572,1.7707319,1.4796053,1,benign,Preprocessed_Dataset/ddsm/ddsm_8740.jpg,train
0.38791114,1.6515524,1.694469,1.9185762,2,malignant,Preprocessed_Dataset/cmmd/cmmd_1883.jpg,train
1.995365,2.1278713,1.9311966,1.0334382,0,normal,Preprocessed_Dataset/ddsm/ddsm_425.jpg,train
1.6953068,2.1056464,1.1352959,1.0352349,2,malignant,Preprocessed_Dataset/ddsm/ddsm_5647.jpg,train
0.29311556,1.5223589,1.5613633,2.0375228,0,normal,Preprocessed_Dataset/kau-bcmd/kau-bcmd_634.jpg,train
0.22746539,1.5030484,1.6184844,1.9170756,0,normal,Preprocessed_Dataset/kau-bcmd/kau-bcmd_2132.jpg,train
1.9840713,0.88367665,2.1939893,1.2167777,0,normal,Preprocessed_Dataset/ddsm/ddsm_448.jpg,train
2.393217,0.9409906,2.3666685,1.5704893,2,malignant,Preprocessed_Dataset/ddsm/ddsm_5672.jpg,train
1.7989707,0.7718462,2.3248343,1.813301,2,malignant,Preprocessed_Dataset/ddsm/ddsm_4056.jpg,train
2.0985894,2.1403317,1.2237959,0.8715893,1,benign,Preprocessed_Dataset/ddsm/ddsm_9375.jpg,train
1.9711242,0.80084395,2.378993,1.3761427,0,normal,Preprocessed_Dataset/ddsm/ddsm_1496.jpg,train
0.113868,1.4153738,1.4935058,1.6401315,2,malignant,Preprocessed_Dataset/cmmd/cmmd_1719.jpg,train
1.9495605,2.2772083,1.1951985,1.2975641,1,benign,Preprocessed_Dataset/ddsm/ddsm_7413.jpg,train
1.2249213,1.2821337,2.4950695,1.2892165,0,normal,Preprocessed_Dataset/cdd-cesm/cdd-cesm_286.jpg,train
0.2828443,0.8342037,1.4976542,1.0382915,0,normal,Preprocessed_Dataset/kau-bcmd/kau-bcmd_2013.jpg,train
2.4435105,1.0061069,1.9831202,1.5697591,0,normal,Preprocessed_Dataset/ddsm/ddsm_1992.jpg,train
2.0678706,2.603738,1.2661899,0.88568664,0,normal,Preprocessed_Dataset/ddsm/ddsm_2049.jpg,train
0.2141236,0.83947587,1.4188783,1.4159745,2,malignant,Preprocessed_Dataset/cmmd/cmmd_4156.jpg,train
1.4247959,0.92446244,2.1727624,1.2681663,0,normal,Preprocessed_Dataset/ddsm/ddsm_852.jpg,train
0.31671077,0.7552923,1.3871368,1.2588412,1,benign,Preprocessed_Dataset/cmmd/cmmd_443.jpg,train
0.41501993,1.5237281,1.6302348,1.9310899,2,malignant,Preprocessed_Dataset/cmmd/cmmd_1404.jpg,train
1.3159775,1.3895218,1.6359788,0.70106876,1,benign,Preprocessed_Dataset/cdd-cesm/cdd-cesm_361.jpg,train
1.9845724,1.0195339,2.288404,1.411471,0,normal,Preprocessed_Dataset/ddsm/ddsm_1904.jpg,train
0.1927712,0.8495563,1.5217098,1.4014384,2,malignant,Preprocessed_Dataset/cmmd/cmmd_980.jpg,train
1.6150453,1.6127393,2.1685147,1.2455218,1,benign,Preprocessed_Dataset/ddsm/ddsm_7717.jpg,train
0.66566986,0.7497188,1.4288294,0.9436523,0,normal,Preprocessed_Dataset/kau-bcmd/kau-bcmd_298.jpg,train
0.27958226,0.7701213,1.3469493,1.2784501,2,malignant,Preprocessed_Dataset/cmmd/cmmd_4095.jpg,train
2.234793,0.6936756,1.8651302,1.1841047,1,benign,Preprocessed_Dataset/ddsm/ddsm_7376.jpg,train
1.0758884,1.4011925,1.4990488,0.92889404,1,benign,Preprocessed_Dataset/cdd-cesm/cdd-cesm_181.jpg,train
0.8283853,1.4229641,1.9169794,1.0714079,0,normal,Preprocessed_Dataset/cdd-cesm/cdd-cesm_142.jpg,train
2.2067351,0.22566807,0.8513375,1.9322402,0,normal,Preprocessed_Dataset/ddsm/ddsm_1074.jpg,train
0.3961239,0.85696995,1.761375,0.9573699,1,benign,Preprocessed_Dataset/cmmd/cmmd_2439.jpg,train
2.3313713,0.986632,2.2652829,1.5911505,2,malignant,Preprocessed_Dataset/ddsm/ddsm_4804.jpg,train
2.0331626,2.127693,2.6112566,1.8335667,1,benign,Preprocessed_Dataset/ddsm/ddsm_7709.jpg,train
1.2311931,1.2914057,1.5148481,0.7018476,2,malignant,Preprocessed_Dataset/cdd-cesm/cdd-cesm_406.jpg,train
0.414405,1.1248589,1.7340004,1.0170348,0,normal,Preprocessed_Dataset/kau-bcmd/kau-bcmd_198.jpg,train
1.8469067,1.8569889,2.3986912,1.4895766,2,malignant,Preprocessed_Dataset/ddsm/ddsm_5445.jpg,train
1.6358608,0.6501681,1.2595066,0.30745173,1,benign,Preprocessed_Dataset/ddsm/ddsm_9520.jpg,train
0.34202456,1.117686,1.7026541,1.067858,1,benign,Preprocessed_Dataset/kau-bcmd/kau-bcmd_346.jpg,train
0.11248934,1.4237523,1.461819,1.5912571,1,benign,Preprocessed_Dataset/cmmd/cmmd_438.jpg,train
0.50565654,1.8676196,1.0477891,1.8187997,1,benign,Preprocessed_Dataset/dmid/dmid_70.jpg,train
0.6080825,2.0011406,0.9918872,1.7595081,1,benign,Preprocessed_Dataset/dmid/dmid_232.jpg,train
2.1840622,0.5636584,1.3759335,2.050784,2,malignant,Preprocessed_Dataset/ddsm/ddsm_3422.jpg,train
0.7080646,2.0289552,1.1451597,1.9432373,0,normal,Preprocessed_Dataset/dmid/dmid_168.jpg,train
1.3806791,1.6705116,1.7513995,1.3306904,2,malignant,Preprocessed_Dataset/ddsm/ddsm_4085.jpg,train
1.9460595,0.5945432,2.246289,1.1417236,1,benign,Preprocessed_Dataset/ddsm/ddsm_8404.jpg,train
1.327357,1.9942015,1.5029955,2.2548137,2,malignant,Preprocessed_Dataset/ddsm/ddsm_6191.jpg,train
1.560421,1.2751139,2.6179292,1.4564198,1,benign,Preprocessed_Dataset/cdd-cesm/cdd-cesm_754.jpg,train
0.76552427,0.6531858,1.4118897,0.9181733,0,normal,Preprocessed_Dataset/kau-bcmd/kau-bcmd_470.jpg,train
0.7006435,1.979777,0.9308092,1.5977918,0,normal,Preprocessed_Dataset/dmid/dmid_161.jpg,train
1.6444815,2.0392613,1.7165487,1.488746,1,benign,Preprocessed_Dataset/ddsm/ddsm_8589.jpg,train
0.089965224,1.4116045,1.4361265,1.4793602,2,malignant,Preprocessed_Dataset/cmmd/cmmd_1157.jpg,train
2.5699968,0.89983,2.1769106,1.5758892,0,normal,Preprocessed_Dataset/ddsm/ddsm_1924.jpg,train
1.3258342,1.299683,1.7495322,0.7544309,0,normal,Preprocessed_Dataset/cdd-cesm/cdd-cesm_546.jpg,train
0.6132053,0.6696361,1.3014646,1.0788343,2,malignant,Preprocessed_Dataset/cmmd/cmmd_4076.jpg,train
2.2262878,0.72271776,1.227239,1.348165,1,benign,Preprocessed_Dataset/ddsm/ddsm_7956.jpg,train
0.60444593,1.5708781,1.2592001,1.6077546,2,malignant,Preprocessed_Dataset/cmmd/cmmd_1005.jpg,train
0.21865427,0.8756886,1.3820312,1.2703098,1,benign,Preprocessed_Dataset/cmmd/cmmd_3552.jpg,train
1.5195153,0.9779523,1.6463209,1.6357976,1,benign,Preprocessed_Dataset/cdd-cesm/cdd-cesm_820.jpg,train
0.2825774,0.7561023,1.3043864,1.4557284,1,benign,Preprocessed_Dataset/cmmd/cmmd_163.jpg,train
0.275176,0.79116976,1.3573561,1.2924796,2,malignant,Preprocessed_Dataset/cmmd/cmmd_3718.jpg,train
0.27119917,0.833936,1.5214082,1.2314945,2,malignant,Preprocessed_Dataset/cmmd/cmmd_3883.jpg,train
1.7799864,1.8655901,1.7588094,1.1388639,2,malignant,Preprocessed_Dataset/ddsm/ddsm_3797.jpg,train
0.34098703,1.4071263,1.7489375,2.0158532,1,benign,Preprocessed_Dataset/cmmd/cmmd_2200.jpg,train
2.1799512,0.4800498,1.0633432,2.1215405,0,normal,Preprocessed_Dataset/ddsm/ddsm_1306.jpg,train
1.8563981,2.2255104,1.7348747,0.8992576,0,normal,Preprocessed_Dataset/ddsm/ddsm_2377.jpg,train
0.5595184,0.8339349,1.4429258,0.99002814,2,malignant,Preprocessed_Dataset/cmmd/cmmd_931.jpg,train
0.15795255,0.8944691,1.485796,1.4388726,2,malignant,Preprocessed_Dataset/cmmd/cmmd_4101.jpg,train
2.5458295,0.5509503,1.4970199,2.1925275,0,normal,Preprocessed_Dataset/ddsm/ddsm_1530.jpg,train
0.26172686,1.4570225,1.8737705,1.8204846,2,malignant,Preprocessed_Dataset/cmmd/cmmd_2959.jpg,train
0.25176632,1.7445117,1.3448513,1.8910832,2,malignant,Preprocessed_Dataset/cmmd/cmmd_3104.jpg,train
1.2225537,1.212598,1.4178212,1.0192173,0,normal,Preprocessed_Dataset/cdd-cesm/cdd-cesm_741.jpg,train
1.755424,0.7349985,2.3553128,1.4618787,0,normal,Preprocessed_Dataset/ddsm/ddsm_1536.jpg,train
2.3908017,0.5468214,2.008081,1.2833745,0,normal,Preprocessed_Dataset/ddsm/ddsm_1740.jpg,train
1.9406985,2.0803568,2.1819427,1.4227396,0,normal,Preprocessed_Dataset/ddsm/ddsm_2405.jpg,train
0.22673798,1.4203521,1.567046,1.8796794,2,malignant,Preprocessed_Dataset/cmmd/cmmd_3195.jpg,train
2.4441931,0.6768569,0.6464265,1.8319095,0,normal,Preprocessed_Dataset/ddsm/ddsm_2102.jpg,train
0.28440887,1.5665585,1.4528595,1.953933,0,normal,Preprocessed_Dataset/kau-bcmd/kau-bcmd_1279.jpg,train
1.568554,0.96557057,1.9428695,0.9796273,1,benign,Preprocessed_Dataset/ddsm/ddsm_8016.jpg,train
0.25336778,0.8650415,1.5621154,1.0889539,2,malignant,Preprocessed_Dataset/cmmd/cmmd_5007.jpg,train
1.7913613,2.3538823,1.1160057,1.3922952,0,normal,Preprocessed_Dataset/ddsm/ddsm_999.jpg,train
1.6302798,0.8592814,1.3276556,1.9065888,2,malignant,Preprocessed_Dataset/ddsm/ddsm_6430.jpg,train
2.0768359,1.9394791,2.0564992,1.6777054,0,normal,Preprocessed_Dataset/ddsm/ddsm_1909.jpg,train
0.2184323,1.1441557,1.8042185,1.1644162,0,normal,Preprocessed_Dataset/kau-bcmd/kau-bcmd_89.jpg,train
1.9283257,0.6616386,1.5909203,1.7358559,2,malignant,Preprocessed_Dataset/ddsm/ddsm_5480.jpg,train
1.0919081,0.90912586,0.9860659,1.5342078,2,malignant,Preprocessed_Dataset/cdd-cesm/cdd-cesm_513.jpg,train
1.7025192,0.63020086,0.5391017,1.2610127,1,benign,Preprocessed_Dataset/ddsm/ddsm_9626.jpg,train
1.6150905,0.7950305,2.2597013,0.7690216,0,normal,Preprocessed_Dataset/ddsm/ddsm_1576.jpg,train
0.7054409,1.5119649,1.7788787,1.7486758,1,benign,Preprocessed_Dataset/cmmd/cmmd_2315.jpg,train
0.28249532,1.4492751,1.660862,1.9917697,2,malignant,Preprocessed_Dataset/cmmd/cmmd_2789.jpg,train
1.453004,0.6056688,0.32017815,0.9464934,2,malignant,Preprocessed_Dataset/ddsm/ddsm_3254.jpg,train
1.8298779,0.8514973,2.1431088,1.090178,1,benign,Preprocessed_Dataset/ddsm/ddsm_6540.jpg,train
1.5539564,1.7569764,2.2460923,1.6906704,0,normal,Preprocessed_Dataset/ddsm/ddsm_2409.jpg,train
2.3084908,0.50219446,1.8493042,2.0915728,0,normal,Preprocessed_Dataset/ddsm/ddsm_1254.jpg,train
1.9986656,0.51490605,0.85850394,1.9134021,2,malignant,Preprocessed_Dataset/ddsm/ddsm_4434.jpg,train
1.3226091,2.142322,0.4555812,1.343004,1,benign,Preprocessed_Dataset/ddsm/ddsm_10047.jpg,train
2.2179558,1.0442065,2.365239,1.605243,1,benign,Preprocessed_Dataset/ddsm/ddsm_8964.jpg,train
0.23394239,0.86059594,1.4288108,1.2313792,1,benign,Preprocessed_Dataset/cmmd/cmmd_609.jpg,train
2.1203465,1.0078614,2.3596396,1.0622947,2,malignant,Preprocessed_Dataset/ddsm/ddsm_2780.jpg,train
0.28847986,1.137486,1.7172855,1.1051626,0,normal,Preprocessed_Dataset/kau-bcmd/kau-bcmd_591.jpg,train
1.751045,2.3268416,1.4024642,1.2834878,0,normal,Preprocessed_Dataset/ddsm/ddsm_671.jpg,train
0.12517595,0.9738122,1.606897,1.329825,1,benign,Preprocessed_Dataset/cmmd/cmmd_186.jpg,train
1.5262733,2.0836606,1.3626069,1.0399297,1,benign,Preprocessed_Dataset/ddsm/ddsm_6743.jpg,train
1.8259444,0.79695535,2.422666,1.0912708,0,normal,Preprocessed_Dataset/ddsm/ddsm_348.jpg,train
0.8140519,0.537927,1.8031285,0.75308543,1,benign,Preprocessed_Dataset/dmid/dmid_145.jpg,train
2.068346,0.82613677,2.4707942,1.4557631,1,benign,Preprocessed_Dataset/ddsm/ddsm_8728.jpg,train
0.28885633,1.1206095,1.6873752,1.0921814,1,benign,Preprocessed_Dataset/kau-bcmd/kau-bcmd_728.jpg,train
1.4402658,2.0125656,0.8722653,1.4912487,1,benign,Preprocessed_Dataset/ddsm/ddsm_10235.jpg,train
2.2038183,0.53537667,1.688934,1.9991572,1,benign,Preprocessed_Dataset/ddsm/ddsm_9330.jpg,train
0.3458575,0.90773004,1.7860432,0.9438526,2,malignant,Preprocessed_Dataset/cmmd/cmmd_2739.jpg,train
0.5043362,0.8368902,1.4488537,0.77791935,0,normal,Preprocessed_Dataset/kau-bcmd/kau-bcmd_1361.jpg,train
1.7817504,0.40779263,0.6924271,1.8717008,0,normal,Preprocessed_Dataset/ddsm/ddsm_1694.jpg,train
0.1506542,0.91391575,1.4736596,1.3569163,2,malignant,Preprocessed_Dataset/cmmd/cmmd_4527.jpg,train
2.087731,2.2438645,1.0243747,0.7749164,1,benign,Preprocessed_Dataset/ddsm/ddsm_6623.jpg,train
0.1563319,0.8885504,1.4712493,1.4425809,2,malignant,Preprocessed_Dataset/cmmd/cmmd_3699.jpg,train
0.8053571,1.8349634,1.7218593,2.0985608,0,normal,Preprocessed_Dataset/kau-bcmd/kau-bcmd_1777.jpg,train
1.5714495,1.9847252,1.3803766,0.93575644,0,normal,Preprocessed_Dataset/ddsm/ddsm_2299.jpg,train
2.0723612,2.4159074,1.2554197,0.9802959,0,normal,Preprocessed_Dataset/ddsm/ddsm_2227.jpg,train
0.5876753,1.8532876,1.3019603,2.261595,0,normal,Preprocessed_Dataset/dmid/dmid_37.jpg,train
1.6582786,1.7282666,2.2149754,1.5336444,1,benign,Preprocessed_Dataset/ddsm/ddsm_6949.jpg,train
1.2126241,1.6626006,1.8850775,1.0584092,1,benign,Preprocessed_Dataset/ddsm/ddsm_9033.jpg,train
1.0826827,1.1648738,1.9611515,1.2605877,1,benign,Preprocessed_Dataset/cdd-cesm/cdd-cesm_323.jpg,train
1.3907754,1.2517103,2.1627986,1.5475749,2,malignant,Preprocessed_Dataset/cdd-cesm/cdd-cesm_701.jpg,train
1.3704921,0.47073054,1.8103687,1.0064381,1,benign,Preprocessed_Dataset/ddsm/ddsm_9144.jpg,train
0.1961428,0.82219577,1.4606047,1.5155665,2,malignant,Preprocessed_Dataset/cmmd/cmmd_4023.jpg,train
0.378492,1.601625,1.7274723,2.0796447,2,malignant,Preprocessed_Dataset/cmmd/cmmd_3395.jpg,train
2.1505172,2.3341963,1.4162195,1.059743,2,malignant,Preprocessed_Dataset/ddsm/ddsm_4539.jpg,train
0.9951937,0.6863889,1.6382223,0.69394904,0,normal,Preprocessed_Dataset/kau-bcmd/kau-bcmd_636.jpg,train
1.8195817,1.8686258,2.2076805,1.4370345,0,normal,Preprocessed_Dataset/ddsm/ddsm_1413.jpg,train
2.4070866,0.4025759,1.1401479,1.8880492,0,normal,Preprocessed_Dataset/ddsm/ddsm_1658.jpg,train
2.0942976,0.6780488,2.1259208,1.7502792,0,normal,Preprocessed_Dataset/ddsm/ddsm_2112.jpg,train
1.0001049,1.3562348,1.4058679,0.7506771,1,benign,Preprocessed_Dataset/cdd-cesm/cdd-cesm_322.jpg,train
0.93192726,1.3274771,1.7028123,1.7849251,1,benign,Preprocessed_Dataset/cdd-cesm/cdd-cesm_637.jpg,train
0.9304951,1.3760571,1.4807864,0.8709605,1,benign,Preprocessed_Dataset/cdd-cesm/cdd-cesm_81.jpg,train
1.1699642,1.7412763,2.182488,1.7928835,1,benign,Preprocessed_Dataset/ddsm/ddsm_7745.jpg,train
0.2962368,1.489964,1.5880344,2.012339,2,malignant,Preprocessed_Dataset/cmmd/cmmd_1660.jpg,train
2.336307,0.37913287,1.2059704,2.0374556,0,normal,Preprocessed_Dataset/ddsm/ddsm_686.jpg,train
2.1040845,1.8427775,2.2857654,1.2409713,2,malignant,Preprocessed_Dataset/ddsm/ddsm_2893.jpg,train
2.1951668,0.7290453,1.4648039,1.477854,2,malignant,Preprocessed_Dataset/ddsm/ddsm_6156.jpg,train
1.6690977,0.70012206,1.8458657,0.60984194,1,benign,Preprocessed_Dataset/ddsm/ddsm_8076.jpg,train
1.1283095,1.2078476,1.6461294,2.1086745,0,normal,Preprocessed_Dataset/cdd-cesm/cdd-cesm_579.jpg,train
2.2353826,2.2319384,1.082353,0.57324654,2,malignant,Preprocessed_Dataset/ddsm/ddsm_6339.jpg,train
1.6757989,0.657735,1.5529573,1.8908408,1,benign,Preprocessed_Dataset/ddsm/ddsm_9692.jpg,train
0.28743374,1.5018158,1.4884337,1.9443023,0,normal,Preprocessed_Dataset/kau-bcmd/kau-bcmd_461.jpg,train
0.3128152,0.86145365,1.7286898,1.008143,0,normal,Preprocessed_Dataset/kau-bcmd/kau-bcmd_274.jpg,train
0.57728255,1.8918443,1.0508103,1.8146417,0,normal,Preprocessed_Dataset/dmid/dmid_460.jpg,train
1.1009831,1.9341707,1.84075,1.9445189,0,normal,Preprocessed_Dataset/kau-bcmd/kau-bcmd_2141.jpg,train
0.7819469,1.794075,1.7453551,1.9028754,1,benign,Preprocessed_Dataset/inbreast/inbreast_293.jpg,train
1.3337579,1.8379765,2.451389,1.9891282,0,normal,Preprocessed_Dataset/ddsm/ddsm_1537.jpg,train
0.4962247,1.1494304,1.880868,1.1626766,0,normal,Preprocessed_Dataset/kau-bcmd/kau-bcmd_387.jpg,train
1.8783598,0.7686884,1.1566129,2.0245566,2,malignant,Preprocessed_Dataset/ddsm/ddsm_5366.jpg,train
0.30344748,0.81193477,1.5543703,1.1051574,0,normal,Preprocessed_Dataset/kau-bcmd/kau-bcmd_2182.jpg,train
1.6318157,0.8856784,2.331366,1.5815239,1,benign,Preprocessed_Dataset/ddsm/ddsm_9516.jpg,train
2.152627,0.7739246,1.8849077,0.82948565,2,malignant,Preprocessed_Dataset/ddsm/ddsm_6324.jpg,train
0.8271375,2.2227163,1.3026989,2.507455,0,normal,Preprocessed_Dataset/inbreast/inbreast_388.jpg,train
0.32383865,0.7310295,1.3679695,1.4408317,2,malignant,Preprocessed_Dataset/cmmd/cmmd_3937.jpg,train
2.281311,2.63241,1.2698891,1.2771715,0,normal,Preprocessed_Dataset/ddsm/ddsm_1803.jpg,train
0.7508526,0.7090776,1.3765873,0.9721085,0,normal,Preprocessed_Dataset/kau-bcmd/kau-bcmd_1846.jpg,train
2.0216606,0.8443998,1.9624647,0.584566,0,normal,Preprocessed_Dataset/ddsm/ddsm_48.jpg,train
2.4626412,0.8462471,2.5491076,1.7809066,0,normal,Preprocessed_Dataset/ddsm/ddsm_2160.jpg,train
1.6275879,0.84401494,1.609579,1.6165744,1,benign,Preprocessed_Dataset/ddsm/ddsm_7016.jpg,train
0.25086653,1.1143794,1.7450303,1.1359742,1,benign,Preprocessed_Dataset/kau-bcmd/kau-bcmd_2.jpg,train
0.4336843,1.5915464,1.7366011,2.0876007,0,normal,Preprocessed_Dataset/kau-bcmd/kau-bcmd_1494.jpg,train
2.312786,0.5214536,1.0225761,1.9257567,1,benign,Preprocessed_Dataset/ddsm/ddsm_9962.jpg,train
1.2774755,0.2606094,1.5072731,0.40585053,2,malignant,Preprocessed_Dataset/ddsm/ddsm_5176.jpg,train
0.13698709,0.93863106,1.6502143,1.3302686,0,normal,Preprocessed_Dataset/kau-bcmd/kau-bcmd_1667.jpg,train
0.21748257,0.83271873,1.6511569,1.2977111,1,benign,Preprocessed_Dataset/cmmd/cmmd_2203.jpg,train
1.5073766,0.8981017,1.9379023,0.78381497,0,normal,Preprocessed_Dataset/ddsm/ddsm_472.jpg,train
0.083974004,1.0089638,1.5951014,1.3883417,1,benign,Preprocessed_Dataset/cmmd/cmmd_358.jpg,train
2.2049012,0.38292783,1.2291191,1.863383,2,malignant,Preprocessed_Dataset/ddsm/ddsm_2874.jpg,train
1.1006203,1.1843754,1.3319311,1.4059058,2,malignant,Preprocessed_Dataset/ddsm/ddsm_4840.jpg,train
0.24587691,1.2551631,1.7060816,1.4504062,1,benign,Preprocessed_Dataset/kau-bcmd/kau-bcmd_842.jpg,train
1.979111,0.30057842,1.9215196,1.5156432,1,benign,Preprocessed_Dataset/ddsm/ddsm_9008.jpg,train
2.1944194,0.8024899,1.6345594,1.9628751,0,normal,Preprocessed_Dataset/ddsm/ddsm_846.jpg,train
1.0842266,0.41417557,1.1091158,0.93179864,1,benign,Preprocessed_Dataset/inbreast/inbreast_256.jpg,train
0.38511133,0.7690316,1.6103873,0.9310023,0,normal,Preprocessed_Dataset/kau-bcmd/kau-bcmd_2186.jpg,train
2.0887299,0.48428535,1.3243927,1.9444785,0,normal,Preprocessed_Dataset/ddsm/ddsm_1182.jpg,train
2.2497203,0.77980745,1.282079,2.1895335,2,malignant,Preprocessed_Dataset/ddsm/ddsm_5446.jpg,train
1.8049388,1.9513931,1.8175104,1.2586668,1,benign,Preprocessed_Dataset/ddsm/ddsm_6815.jpg,train
2.1955485,0.42566377,1.3232837,1.5582058,1,benign,Preprocessed_Dataset/ddsm/ddsm_6678.jpg,train
1.4367776,1.5395592,1.4720801,1.211184,2,malignant,Preprocessed_Dataset/ddsm/ddsm_4881.jpg,train
0.28472555,1.4606519,1.7986603,1.9656559,1,benign,Preprocessed_Dataset/cmmd/cmmd_2137.jpg,train
0.33120316,0.8151356,1.5632436,1.0716147,2,malignant,Preprocessed_Dataset/cmmd/cmmd_5119.jpg,train
2.1368892,1.6722238,2.4252954,1.4641345,1,benign,Preprocessed_Dataset/ddsm/ddsm_8721.jpg,train
0.23156333,0.8766127,1.6510912,1.2032983,2,malignant,Preprocessed_Dataset/cmmd/cmmd_1874.jpg,train
0.31416947,1.6536715,1.5108883,1.9360685,2,malignant,Preprocessed_Dataset/cmmd/cmmd_720.jpg,train
2.0478094,0.47936016,1.1290574,2.039498,1,benign,Preprocessed_Dataset/ddsm/ddsm_6782.jpg,train
1.7967062,2.244047,1.2414063,1.0223564,2,malignant,Preprocessed_Dataset/ddsm/ddsm_5135.jpg,train
1.8576174,1.955189,1.9384577,1.3060391,2,malignant,Preprocessed_Dataset/ddsm/ddsm_2901.jpg,train
1.7123308,2.1580486,1.6034269,1.4590243,1,benign,Preprocessed_Dataset/ddsm/ddsm_9597.jpg,train
2.0903466,0.73404676,2.213307,1.4875449,0,normal,Preprocessed_Dataset/ddsm/ddsm_2148.jpg,train
1.7351493,1.8729553,1.2479457,0.7577333,2,malignant,Preprocessed_Dataset/ddsm/ddsm_3235.jpg,train
1.6744909,0.6711687,1.1932311,1.911143,2,malignant,Preprocessed_Dataset/ddsm/ddsm_3262.jpg,train
0.21820652,0.86408335,1.5669993,1.1661563,0,normal,Preprocessed_Dataset/kau-bcmd/kau-bcmd_2012.jpg,train
0.27640897,0.9517755,1.5556947,0.90042955,2,malignant,Preprocessed_Dataset/cmmd/cmmd_745.jpg,train
1.4082061,1.1228402,2.5259933,1.1910937,0,normal,Preprocessed_Dataset/cdd-cesm/cdd-cesm_372.jpg,train
1.7908814,2.1185973,1.8255318,1.5953363,2,malignant,Preprocessed_Dataset/ddsm/ddsm_2953.jpg,train
2.085291,2.3237214,0.82650584,0.8373039,0,normal,Preprocessed_Dataset/ddsm/ddsm_2259.jpg,train
1.7934171,0.7544332,2.019695,1.5522645,1,benign,Preprocessed_Dataset/ddsm/ddsm_8468.jpg,train
2.145338,0.8159877,2.0927806,1.6298034,0,normal,Preprocessed_Dataset/ddsm/ddsm_2320.jpg,train
0.24736047,0.83671594,1.4339086,1.2651904,2,malignant,Preprocessed_Dataset/cmmd/cmmd_4216.jpg,train
0.42892337,0.72820514,1.6176715,1.0636945,1,benign,Preprocessed_Dataset/cmmd/cmmd_1954.jpg,train
0.13051546,1.4503081,1.3534954,1.4601095,2,malignant,Preprocessed_Dataset/cmmd/cmmd_2932.jpg,train
0.26245147,1.4613212,1.7012961,1.9407613,2,malignant,Preprocessed_Dataset/cmmd/cmmd_1381.jpg,train
2.449222,0.8024197,2.3162951,2.129403,1,benign,Preprocessed_Dataset/ddsm/ddsm_8908.jpg,train
0.5118102,1.8759067,1.2589405,2.1729033,0,normal,Preprocessed_Dataset/dmid/dmid_258.jpg,train
0.24318504,0.8632903,1.5699636,1.2157601,2,malignant,Preprocessed_Dataset/cmmd/cmmd_3783.jpg,train
0.31947488,0.77097994,1.5733299,1.1100286,0,normal,Preprocessed_Dataset/kau-bcmd/kau-bcmd_1711.jpg,train
0.8965235,2.1228604,1.2539078,1.8669758,0,normal,Preprocessed_Dataset/dmid/dmid_228.jpg,train
0.58434963,1.3138952,1.8706656,1.2908031,1,benign,Preprocessed_Dataset/kau-bcmd/kau-bcmd_84.jpg,train
0.75370795,1.9796109,1.4021426,2.2189922,1,benign,Preprocessed_Dataset/dmid/dmid_68.jpg,train
1.844677,1.8364241,1.3721877,1.2213607,1,benign,Preprocessed_Dataset/ddsm/ddsm_9951.jpg,train
2.0142636,2.0078945,2.155683,1.6217715,0,normal,Preprocessed_Dataset/ddsm/ddsm_2105.jpg,train
1.8593102,0.6788941,1.2617415,2.0929446,1,benign,Preprocessed_Dataset/ddsm/ddsm_7130.jpg,train
1.7317013,0.5949963,1.0420592,1.6663693,1,benign,Preprocessed_Dataset/ddsm/ddsm_7930.jpg,train
1.9786566,2.1283557,2.3845959,1.795636,1,benign,Preprocessed_Dataset/ddsm/ddsm_10069.jpg,train
0.688553,0.85154635,1.6959279,0.8213841,0,normal,Preprocessed_Dataset/kau-bcmd/kau-bcmd_1628.jpg,train
2.4253216,2.2488382,1.29945,0.5618597,2,malignant,Preprocessed_Dataset/ddsm/ddsm_5751.jpg,train
0.949055,1.6899904,1.4589139,1.626832,2,malignant,Preprocessed_Dataset/ddsm/ddsm_3023.jpg,train
0.17813432,1.5153866,1.5165097,1.746478,1,benign,Preprocessed_Dataset/cmmd/cmmd_198.jpg,train
1.7614111,1.7454278,2.2006395,1.8552048,0,normal,Preprocessed_Dataset/ddsm/ddsm_1101.jpg,train
0.9192133,1.1435902,2.049993,1.2741631,0,normal,Preprocessed_Dataset/cdd-cesm/cdd-cesm_151.jpg,train
2.0283413,2.059826,1.6098934,1.3478711,2,malignant,Preprocessed_Dataset/ddsm/ddsm_3281.jpg,train
1.7956719,0.81553054,2.3258927,1.1725779,1,benign,Preprocessed_Dataset/ddsm/ddsm_7640.jpg,train
0.301912,0.91327834,1.5342282,0.93450236,1,benign,Preprocessed_Dataset/cmmd/cmmd_4389.jpg,train
1.620966,0.5857809,1.9120076,0.43942165,1,benign,Preprocessed_Dataset/ddsm/ddsm_8424.jpg,train
1.827841,2.0441475,1.8909932,1.7459401,2,malignant,Preprocessed_Dataset/ddsm/ddsm_5781.jpg,train
1.2787164,1.2146409,1.4731666,1.9036527,1,benign,Preprocessed_Dataset/cdd-cesm/cdd-cesm_404.jpg,train
0.32931405,1.1172543,1.6557783,1.0343854,1,benign,Preprocessed_Dataset/kau-bcmd/kau-bcmd_9.jpg,train
0.3288237,0.70529616,1.415462,1.3203485,2,malignant,Preprocessed_Dataset/cmmd/cmmd_3670.jpg,train
1.7654986,0.656391,2.2311811,1.635712,1,benign,Preprocessed_Dataset/ddsm/ddsm_6740.jpg,train
0.6276814,1.7435431,1.6984878,2.1743534,0,normal,Preprocessed_Dataset/kau-bcmd/kau-bcmd_1805.jpg,train
0.13002086,1.4118326,1.5506397,1.697972,1,benign,Preprocessed_Dataset/cmmd/cmmd_10.jpg,train
1.4651326,1.7521032,2.3281524,1.6562266,2,malignant,Preprocessed_Dataset/ddsm/ddsm_3505.jpg,train
0.29584384,1.5322105,1.5687847,1.9460249,2,malignant,Preprocessed_Dataset/cmmd/cmmd_2612.jpg,train
0.47652835,1.7798753,1.3732983,1.7533636,2,malignant,Preprocessed_Dataset/cmmd/cmmd_862.jpg,train
2.4376483,0.6425364,0.92023104,2.2500763,0,normal,Preprocessed_Dataset/ddsm/ddsm_2694.jpg,train
1.6251711,2.2451012,0.78731084,1.5092161,1,benign,Preprocessed_Dataset/ddsm/ddsm_8295.jpg,train
0.39503706,1.2651123,1.7066926,1.3380008,1,benign,Preprocessed_Dataset/kau-bcmd/kau-bcmd_694.jpg,train
0.36177182,0.8129195,1.6914933,0.99296904,0,normal,Preprocessed_Dataset/kau-bcmd/kau-bcmd_450.jpg,train
1.882041,0.67870766,0.81267464,1.6991113,1,benign,Preprocessed_Dataset/ddsm/ddsm_10206.jpg,train
2.1934059,0.5530049,0.73197913,1.674154,0,normal,Preprocessed_Dataset/ddsm/ddsm_1906.jpg,train
1.7854414,1.9905367,1.6190692,1.3566976,1,benign,Preprocessed_Dataset/ddsm/ddsm_7957.jpg,train
0.36626077,1.5684423,1.479305,2.0694118,0,normal,Preprocessed_Dataset/kau-bcmd/kau-bcmd_1662.jpg,train
0.17295623,1.5091144,1.4435643,1.6801685,2,malignant,Preprocessed_Dataset/cmmd/cmmd_1543.jpg,train
1.3929952,1.70054,1.3524954,1.0811903,1,benign,Preprocessed_Dataset/ddsm/ddsm_7949.jpg,train
0.89306605,1.6704388,1.623455,1.64993,2,malignant,Preprocessed_Dataset/ddsm/ddsm_3303.jpg,train
1.5259389,1.6343044,1.7776322,0.8581509,1,benign,Preprocessed_Dataset/ddsm/ddsm_10305.jpg,train
0.9109871,0.38602662,1.0539033,1.0620881,1,benign,Preprocessed_Dataset/dmid/dmid_309.jpg,train
1.5775487,1.8709726,2.0340497,1.647228,2,malignant,Preprocessed_Dataset/ddsm/ddsm_4497.jpg,train
1.8934693,2.1228647,1.6033632,1.0908343,1,benign,Preprocessed_Dataset/ddsm/ddsm_9331.jpg,train
1.6405736,0.7245497,2.2911413,1.3112999,1,benign,Preprocessed_Dataset/ddsm/ddsm_6964.jpg,train
2.0272593,2.0540206,1.2461782,0.9252259,1,benign,Preprocessed_Dataset/ddsm/ddsm_9967.jpg,train
0.14776492,1.1419821,1.7134933,1.1418917,1,benign,Preprocessed_Dataset/kau-bcmd/kau-bcmd_53.jpg,train
1.2825744,0.8081256,1.5262814,1.2454755,0,normal,Preprocessed_Dataset/kau-bcmd/kau-bcmd_1944.jpg,train
0.63376606,1.8897016,1.4443138,2.0986626,1,benign,Preprocessed_Dataset/inbreast/inbreast_255.jpg,train
0.48208046,0.8065902,1.7075719,0.71096164,1,benign,Preprocessed_Dataset/cmmd/cmmd_2428.jpg,train
1.5528471,1.9880142,1.2348258,1.482622,2,malignant,Preprocessed_Dataset/ddsm/ddsm_4011.jpg,train
0.17901623,1.1281539,1.6704761,1.1720868,1,benign,Preprocessed_Dataset/kau-bcmd/kau-bcmd_1117.jpg,train
2.1483989,0.7853399,2.1740792,1.6497067,1,benign,Preprocessed_Dataset/ddsm/ddsm_10280.jpg,train
1.6898398,2.4084208,1.3485506,1.7380227,1,benign,Preprocessed_Dataset/ddsm/ddsm_9783.jpg,train
2.4752429,0.3383882,0.6391217,1.8950555,1,benign,Preprocessed_Dataset/ddsm/ddsm_9998.jpg,train
1.6366653,1.8947053,1.753896,1.2758312,1,benign,Preprocessed_Dataset/ddsm/ddsm_6709.jpg,train
1.8456731,2.5427954,0.53916895,1.4012408,0,normal,Preprocessed_Dataset/ddsm/ddsm_255.jpg,train
1.3741488,2.0601313,0.8878332,1.2310404,2,malignant,Preprocessed_Dataset/ddsm/ddsm_6235.jpg,train
1.7345577,0.8964946,2.4176471,1.083792,2,malignant,Preprocessed_Dataset/ddsm/ddsm_4224.jpg,train
0.156757,0.99832666,1.5190032,1.1447537,2,malignant,Preprocessed_Dataset/cmmd/cmmd_3878.jpg,train
0.20993268,1.515941,1.4848499,1.7973319,2,malignant,Preprocessed_Dataset/cmmd/cmmd_2058.jpg,train
0.15888834,0.9033837,1.5105344,1.4001712,0,normal,Preprocessed_Dataset/kau-bcmd/kau-bcmd_1377.jpg,train
2.1837807,1.7089369,1.7099046,1.2192891,1,benign,Preprocessed_Dataset/ddsm/ddsm_9911.jpg,train
0.48445553,1.7437562,1.670075,2.1576896,0,normal,Preprocessed_Dataset/kau-bcmd/kau-bcmd_1704.jpg,train
0.23870301,0.86840355,1.5029356,1.1000104,0,normal,Preprocessed_Dataset/kau-bcmd/kau-bcmd_1317.jpg,train
0.21976101,1.4243699,1.668502,1.9123874,2,malignant,Preprocessed_Dataset/cmmd/cmmd_2825.jpg,train
0.42006856,1.7933857,1.3785707,2.1970646,0,normal,Preprocessed_Dataset/dmid/dmid_246.jpg,train
1.5863796,1.6604639,1.7677814,1.1340659,2,malignant,Preprocessed_Dataset/ddsm/ddsm_6125.jpg,train
0.22948027,1.1218476,1.5657946,1.1352031,0,normal,Preprocessed_Dataset/kau-bcmd/kau-bcmd_1161.jpg,train
0.3133499,0.8483884,1.720286,1.0667119,2,malignant,Preprocessed_Dataset/cmmd/cmmd_5010.jpg,train
1.9991877,2.2694192,1.5757145,1.0464513,1,benign,Preprocessed_Dataset/ddsm/ddsm_6567.jpg,train
1.6388716,0.5566112,1.9024149,1.3277887,1,benign,Preprocessed_Dataset/ddsm/ddsm_7768.jpg,train
1.9283061,0.6061254,1.9223526,1.4796287,1,benign,Preprocessed_Dataset/ddsm/ddsm_7596.jpg,train
2.423995,2.482936,1.4761577,0.8438111,2,malignant,Preprocessed_Dataset/ddsm/ddsm_5711.jpg,train
0.26134783,0.822677,1.3331519,1.3244796,1,benign,Preprocessed_Dataset/cmmd/cmmd_387.jpg,train
2.4450765,2.2275748,1.157024,0.68267167,0,normal,Preprocessed_Dataset/ddsm/ddsm_2487.jpg,train
0.29747683,1.576308,1.5157198,2.0092149,0,normal,Preprocessed_Dataset/kau-bcmd/kau-bcmd_1351.jpg,train
0.1462735,1.3475177,1.6090461,1.7966508,2,malignant,Preprocessed_Dataset/cmmd/cmmd_3057.jpg,train
1.6632612,2.1543188,1.7958281,1.1484312,1,benign,Preprocessed_Dataset/ddsm/ddsm_7205.jpg,train
2.5109603,0.5237738,0.9325759,2.2788477,2,malignant,Preprocessed_Dataset/ddsm/ddsm_6186.jpg,train
1.815568,0.0067726374,1.1562943,1.054747,1,benign,Preprocessed_Dataset/inbreast/inbreast_63.jpg,train
1.2945141,0.3295704,1.4822247,0.34289002,1,benign,Preprocessed_Dataset/inbreast/inbreast_220.jpg,train
1.501223,2.0479136,1.1785775,1.5062642,0,normal,Preprocessed_Dataset/ddsm/ddsm_2679.jpg,train
1.949369,2.355213,1.0008928,0.9944973,2,malignant,Preprocessed_Dataset/ddsm/ddsm_3195.jpg,train
2.1294932,0.41526616,1.4628431,1.4280031,1,benign,Preprocessed_Dataset/ddsm/ddsm_6682.jpg,train
2.1080637,0.50839293,1.8933299,1.1864378,2,malignant,Preprocessed_Dataset/ddsm/ddsm_4188.jpg,train
0.078021884,1.014317,1.5939136,1.4219245,1,benign,Preprocessed_Dataset/cmmd/cmmd_684.jpg,train
1.9968988,0.7645501,2.8214717,1.12044,1,benign,Preprocessed_Dataset/ddsm/ddsm_6512.jpg,train
0.4235496,0.80150574,1.4838198,0.9347949,0,normal,Preprocessed_Dataset/kau-bcmd/kau-bcmd_426.jpg,train
0.44746137,1.550382,1.9422541,1.833204,2,malignant,Preprocessed_Dataset/cmmd/cmmd_3179.jpg,train
2.5780072,0.5378331,1.4244856,2.1847343,2,malignant,Preprocessed_Dataset/ddsm/ddsm_3242.jpg,train
1.7261074,0.56037456,0.5286988,1.4724417,1,benign,Preprocessed_Dataset/ddsm/ddsm_9662.jpg,train
2.8499007,0.11707699,1.2314181,2.1559484,1,benign,Preprocessed_Dataset/ddsm/ddsm_6958.jpg,train
0.9017719,0.6454029,1.5226223,0.75873005,0,normal,Preprocessed_Dataset/kau-bcmd/kau-bcmd_985.jpg,train
2.3638806,0.6727194,1.6160363,1.1310856,0,normal,Preprocessed_Dataset/ddsm/ddsm_1652.jpg,train
0.63697463,0.7973378,1.4919438,0.6964714,0,normal,Preprocessed_Dataset/kau-bcmd/kau-bcmd_431.jpg,train
2.4871798,0.39632392,1.3502879,2.2298427,0,normal,Preprocessed_Dataset/ddsm/ddsm_1334.jpg,train
1.6815683,0.9355255,2.1965013,1.6473901,1,benign,Preprocessed_Dataset/ddsm/ddsm_8488.jpg,train
0.11139774,1.4768468,1.4858841,1.534963,2,malignant,Preprocessed_Dataset/cmmd/cmmd_850.jpg,train
1.8631203,0.6051838,2.4757884,1.2064306,1,benign,Preprocessed_Dataset/ddsm/ddsm_10184.jpg,train
2.1493444,0.5334305,1.1579235,1.4858329,2,malignant,Preprocessed_Dataset/ddsm/ddsm_3576.jpg,train
0.39634347,0.8147898,1.446972,1.0956815,2,malignant,Preprocessed_Dataset/cmmd/cmmd_4078.jpg,train
0.15197027,0.90192395,1.272539,1.7127402,0,normal,Preprocessed_Dataset/kau-bcmd/kau-bcmd_128.jpg,train
2.4446876,0.5562881,2.1735759,1.6773696,1,benign,Preprocessed_Dataset/ddsm/ddsm_9440.jpg,train
1.7253578,2.050296,2.1373644,1.8303063,0,normal,Preprocessed_Dataset/ddsm/ddsm_389.jpg,train
0.47868252,1.1229422,1.7671297,1.0647123,1,benign,Preprocessed_Dataset/kau-bcmd/kau-bcmd_804.jpg,train
0.15666842,0.907879,1.4696549,1.3704183,2,malignant,Preprocessed_Dataset/cmmd/cmmd_52.jpg,train
1.8574843,2.0382967,1.440979,0.66440934,1,benign,Preprocessed_Dataset/ddsm/ddsm_8391.jpg,train
2.2460055,0.51977324,1.7365663,1.8028446,0,normal,Preprocessed_Dataset/ddsm/ddsm_2140.jpg,train
2.1156645,2.296338,1.0387502,0.56773686,0,normal,Preprocessed_Dataset/ddsm/ddsm_883.jpg,train
0.5412196,0.78253543,1.5753354,0.87965333,2,malignant,Preprocessed_Dataset/cmmd/cmmd_893.jpg,train
1.6546135,1.903875,1.1644049,1.3959092,2,malignant,Preprocessed_Dataset/ddsm/ddsm_6165.jpg,train
1.558712,1.7792462,2.7810612,2.3692527,0,normal,Preprocessed_Dataset/ddsm/ddsm_733.jpg,train
0.19973004,1.5328348,1.4941245,1.7874664,2,malignant,Preprocessed_Dataset/cmmd/cmmd_1486.jpg,train
0.2297175,0.7712582,1.536594,1.5126305,2,malignant,Preprocessed_Dataset/cmmd/cmmd_2712.jpg,train
1.7060826,1.3353415,2.2615275,1.3869021,0,normal,Preprocessed_Dataset/ddsm/ddsm_345.jpg,train
0.57587314,0.6710911,1.213136,1.0181216,0,normal,Preprocessed_Dataset/kau-bcmd/kau-bcmd_354.jpg,train
0.33642507,0.8609054,1.7509334,1.0593885,1,benign,Preprocessed_Dataset/cmmd/cmmd_1956.jpg,train
0.8070724,0.7867256,1.3965008,1.0491297,0,normal,Preprocessed_Dataset/kau-bcmd/kau-bcmd_941.jpg,train
1.3671553,1.4182476,1.4186256,0.70581776,0,normal,Preprocessed_Dataset/cdd-cesm/cdd-cesm_715.jpg,train
0.6578604,0.674904,1.7037867,0.6120784,1,benign,Preprocessed_Dataset/cmmd/cmmd_2372.jpg,train
1.4046113,1.7130878,1.9853826,1.7696049,1,benign,Preprocessed_Dataset/ddsm/ddsm_8017.jpg,train
0.22884619,1.2594754,1.6555747,1.4279107,1,benign,Preprocessed_Dataset/kau-bcmd/kau-bcmd_80.jpg,train
1.5045588,1.8087717,2.4691133,1.9489603,0,normal,Preprocessed_Dataset/ddsm/ddsm_921.jpg,train
0.3114664,0.8916489,1.639093,0.8721409,2,malignant,Preprocessed_Dataset/cmmd/cmmd_2503.jpg,train
2.1657386,2.1148434,2.0484192,1.2917851,2,malignant,Preprocessed_Dataset/ddsm/ddsm_3009.jpg,train
0.81996286,0.69969404,1.7885041,0.78094167,0,normal,Preprocessed_Dataset/kau-bcmd/kau-bcmd_1381.jpg,train
1.1200314,1.0936865,1.3834151,1.8283972,1,benign,Preprocessed_Dataset/cdd-cesm/cdd-cesm_369.jpg,train
1.9172578,2.2418065,1.190352,0.81237614,0,normal,Preprocessed_Dataset/ddsm/ddsm_607.jpg,train
1.7054659,2.1368685,0.852581,1.2851849,1,benign,Preprocessed_Dataset/ddsm/ddsm_6563.jpg,train
0.16147125,1.4704635,1.5026009,1.6919079,1,benign,Preprocessed_Dataset/cmmd/cmmd_487.jpg,train
1.5149003,0.8251828,1.3201529,0.8218263,2,malignant,Preprocessed_Dataset/ddsm/ddsm_5840.jpg,train
2.172839,2.2029395,1.46103,0.9816961,0,normal,Preprocessed_Dataset/ddsm/ddsm_2347.jpg,train
0.38931948,1.6200473,1.6196964,2.1713228,0,normal,Preprocessed_Dataset/kau-bcmd/kau-bcmd_1054.jpg,train
2.2862742,0.5687135,2.126915,1.4593118,0,normal,Preprocessed_Dataset/ddsm/ddsm_1548.jpg,train
1.2512908,0.40447474,1.1097447,1.031784,0,normal,Preprocessed_Dataset/dmid/dmid_377.jpg,train
1.2595272,0.56074595,1.1841432,1.2163991,2,malignant,Preprocessed_Dataset/ddsm/ddsm_3804.jpg,train
1.601791,2.2595127,1.3983637,1.2614465,1,benign,Preprocessed_Dataset/ddsm/ddsm_9139.jpg,train
0.33367258,1.4425794,1.6446464,1.9637917,2,malignant,Preprocessed_Dataset/cmmd/cmmd_3215.jpg,train
2.0136626,0.7599048,1.7482367,1.373511,2,malignant,Preprocessed_Dataset/ddsm/ddsm_3904.jpg,train
1.7283354,0.7710299,2.1923957,0.7038004,0,normal,Preprocessed_Dataset/ddsm/ddsm_2608.jpg,train
0.3346935,1.5893688,1.497469,2.09553,2,malignant,Preprocessed_Dataset/cmmd/cmmd_2753.jpg,train
2.2533493,2.1027448,1.078269,0.70288765,2,malignant,Preprocessed_Dataset/ddsm/ddsm_3367.jpg,train
2.2928162,0.9836923,1.9902602,2.0056014,1,benign,Preprocessed_Dataset/ddsm/ddsm_9796.jpg,train
2.307838,0.8325238,2.1654143,1.8903631,2,malignant,Preprocessed_Dataset/ddsm/ddsm_3104.jpg,train
2.0091252,1.127553,2.728784,1.2313848,1,benign,Preprocessed_Dataset/ddsm/ddsm_8916.jpg,train
0.41580963,0.6769743,1.5355443,1.0611413,1,benign,Preprocessed_Dataset/cmmd/cmmd_2296.jpg,train
1.604227,0.96888345,0.6384627,0.20563114,1,benign,Preprocessed_Dataset/ddsm/ddsm_7462.jpg,train
0.58898723,1.4583305,1.7228966,1.8410065,2,malignant,Preprocessed_Dataset/cmmd/cmmd_2609.jpg,train
0.42127854,0.7177902,1.4216286,1.127587,2,malignant,Preprocessed_Dataset/cmmd/cmmd_3719.jpg,train
0.4539727,0.86509526,1.4308891,0.7505112,0,normal,Preprocessed_Dataset/kau-bcmd/kau-bcmd_1181.jpg,train
2.2205908,2.393155,1.300169,0.864037,1,benign,Preprocessed_Dataset/ddsm/ddsm_8435.jpg,train
2.1469698,2.1177998,1.6507193,0.6335113,1,benign,Preprocessed_Dataset/ddsm/ddsm_8497.jpg,train
0.45856237,0.7813028,1.5944098,0.86678225,0,normal,Preprocessed_Dataset/kau-bcmd/kau-bcmd_2044.jpg,train
2.24175,1.8053148,2.0317373,1.0409777,0,normal,Preprocessed_Dataset/ddsm/ddsm_1053.jpg,train
1.5970923,2.4647388,1.9331678,1.5864762,1,benign,Preprocessed_Dataset/ddsm/ddsm_6933.jpg,train
0.3769042,1.7517247,1.5517137,2.3393955,2,malignant,Preprocessed_Dataset/cmmd/cmmd_3088.jpg,train
1.6445894,2.1507695,1.7706118,1.4415652,1,benign,Preprocessed_Dataset/ddsm/ddsm_6649.jpg,train
1.4233874,1.6917709,2.3133135,1.672604,2,malignant,Preprocessed_Dataset/ddsm/ddsm_6077.jpg,train
0.54322416,0.8623315,1.649324,0.7411096,0,normal,Preprocessed_Dataset/kau-bcmd/kau-bcmd_836.jpg,train
1.9815699,2.1721792,2.303246,1.7270995,1,benign,Preprocessed_Dataset/ddsm/ddsm_8857.jpg,train
2.3142395,0.53099674,0.91908467,1.8608212,0,normal,Preprocessed_Dataset/ddsm/ddsm_1806.jpg,train
0.13523388,1.4304562,1.5753424,1.687245,2,malignant,Preprocessed_Dataset/cmmd/cmmd_1395.jpg,train
1.7249833,1.7341366,2.30694,1.7324837,0,normal,Preprocessed_Dataset/ddsm/ddsm_789.jpg,train
1.4348717,0.83350074,1.8779458,0.9640686,0,normal,Preprocessed_Dataset/kau-bcmd/kau-bcmd_1033.jpg,train
0.6346874,1.3378698,1.7632251,1.2794851,0,normal,Preprocessed_Dataset/kau-bcmd/kau-bcmd_185.jpg,train
0.5584211,1.899727,1.5196475,2.342148,0,normal,Preprocessed_Dataset/dmid/dmid_106.jpg,train
0.27166504,0.7926614,1.2976444,1.4404651,1,benign,Preprocessed_Dataset/cmmd/cmmd_643.jpg,train
1.8407762,1.7364538,2.3891883,1.514455,1,benign,Preprocessed_Dataset/ddsm/ddsm_7697.jpg,train
1.2834566,1.4243171,1.9532154,1.2218937,2,malignant,Preprocessed_Dataset/cdd-cesm/cdd-cesm_617.jpg,train
1.954848,1.0471133,2.7846913,1.3979597,1,benign,Preprocessed_Dataset/ddsm/ddsm_10104.jpg,train
2.1658576,2.0122411,1.4671435,0.67500085,2,malignant,Preprocessed_Dataset/ddsm/ddsm_5899.jpg,train
2.0350215,1.1896471,2.5639386,1.6458912,1,benign,Preprocessed_Dataset/ddsm/ddsm_6556.jpg,train
0.5095696,1.661566,1.5768015,2.0363562,0,normal,Preprocessed_Dataset/kau-bcmd/kau-bcmd_901.jpg,train
1.812479,0.73616505,1.8930951,1.4453791,1,benign,Preprocessed_Dataset/ddsm/ddsm_8540.jpg,train
1.0471054,1.1157676,1.420115,1.6903585,2,malignant,Preprocessed_Dataset/cdd-cesm/cdd-cesm_166.jpg,train
0.31266224,0.7727569,1.291558,1.2878675,2,malignant,Preprocessed_Dataset/cmmd/cmmd_947.jpg,train
0.4494307,1.8715539,1.1004362,1.9298143,1,benign,Preprocessed_Dataset/inbreast/inbreast_231.jpg,train
1.6523104,1.9156966,1.6939226,1.1776203,1,benign,Preprocessed_Dataset/ddsm/ddsm_6629.jpg,train
1.7995453,2.0798142,1.990684,1.5737115,2,malignant,Preprocessed_Dataset/ddsm/ddsm_3197.jpg,train
1.762557,2.0667343,2.1702113,2.380608,1,benign,Preprocessed_Dataset/ddsm/ddsm_9521.jpg,train
0.5207027,0.7017499,1.4875655,0.88541377,1,benign,Preprocessed_Dataset/cmmd/cmmd_2476.jpg,train
1.8632909,1.8891777,2.1201203,1.8671584,0,normal,Preprocessed_Dataset/ddsm/ddsm_1313.jpg,train
1.5555751,1.5872092,0.935848,0.52605104,2,malignant,Preprocessed_Dataset/ddsm/ddsm_4055.jpg,train
0.32351422,1.7447656,1.3553054,2.048363,1,benign,Preprocessed_Dataset/dmid/dmid_467.jpg,train
2.1114101,2.1715124,0.9368581,0.4429263,1,benign,Preprocessed_Dataset/ddsm/ddsm_10263.jpg,train
0.33420658,1.6063426,1.4411328,1.8899963,1,benign,Preprocessed_Dataset/cmmd/cmmd_1813.jpg,train
0.13406754,1.4631109,1.6391262,1.6690538,0,normal,Preprocessed_Dataset/kau-bcmd/kau-bcmd_1892.jpg,train
0.34910464,1.5987141,1.5242898,1.9815185,0,normal,Preprocessed_Dataset/kau-bcmd/kau-bcmd_1530.jpg,train
1.4626359,1.7625585,2.3458533,1.7430086,0,normal,Preprocessed_Dataset/ddsm/ddsm_2461.jpg,train
2.5211053,0.1503011,1.1832596,1.5656285,0,normal,Preprocessed_Dataset/ddsm/ddsm_1910.jpg,train
1.9913881,2.494814,1.0487924,1.0854177,0,normal,Preprocessed_Dataset/ddsm/ddsm_55.jpg,train
1.8399564,2.1703846,1.3164853,0.892268,2,malignant,Preprocessed_Dataset/ddsm/ddsm_4155.jpg,train
1.5741588,1.1481315,1.7433645,1.9364462,0,normal,Preprocessed_Dataset/cdd-cesm/cdd-cesm_95.jpg,train
2.0445375,2.4087148,1.019382,0.7053438,0,normal,Preprocessed_Dataset/ddsm/ddsm_135.jpg,train
0.483029,0.7403579,1.4732053,0.9328155,0,normal,Preprocessed_Dataset/kau-bcmd/kau-bcmd_1444.jpg,train
1.6504893,1.6736479,2.019,1.1091846,2,malignant,Preprocessed_Dataset/ddsm/ddsm_5453.jpg,train
0.46253842,0.4511655,1.1078808,1.525478,2,malignant,Preprocessed_Dataset/cmmd/cmmd_3816.jpg,train
1.2038827,0.19226515,0.98505694,0.8472007,1,benign,Preprocessed_Dataset/inbreast/inbreast_28.jpg,train
0.27258205,0.8358922,1.6862626,1.139893,0,normal,Preprocessed_Dataset/kau-bcmd/kau-bcmd_1276.jpg,train
2.3798738,0.47543246,1.2060564,1.5668519,0,normal,Preprocessed_Dataset/ddsm/ddsm_1106.jpg,train
1.8542576,1.7612746,2.1491148,1.5461676,0,normal,Preprocessed_Dataset/ddsm/ddsm_221.jpg,train
0.8671211,0.80794084,1.6439705,0.7562369,0,normal,Preprocessed_Dataset/kau-bcmd/kau-bcmd_1025.jpg,train
1.7972137,0.80207884,2.0494757,1.2003639,0,normal,Preprocessed_Dataset/ddsm/ddsm_556.jpg,train
0.1665355,1.5253363,1.3801959,1.6267148,2,malignant,Preprocessed_Dataset/cmmd/cmmd_3507.jpg,train
0.4009205,0.6793606,1.3279035,1.110039,1,benign,Preprocessed_Dataset/cmmd/cmmd_4397.jpg,train
1.8551171,0.46147984,0.96523064,1.3737108,1,benign,Preprocessed_Dataset/ddsm/ddsm_7634.jpg,train
1.6077923,1.7260187,1.7406162,1.1650188,2,malignant,Preprocessed_Dataset/ddsm/ddsm_6209.jpg,train
1.9947805,0.9710294,2.1235397,1.2230332,1,benign,Preprocessed_Dataset/ddsm/ddsm_9644.jpg,train
1.9751747,0.77986413,1.9822007,1.7776232,2,malignant,Preprocessed_Dataset/ddsm/ddsm_5548.jpg,train
1.1788195,0.30325294,1.1090344,1.2381757,0,normal,Preprocessed_Dataset/dmid/dmid_180.jpg,train
0.93818593,1.6231573,1.5439316,1.5988514,0,normal,Preprocessed_Dataset/kau-bcmd/kau-bcmd_944.jpg,train
0.40077853,1.8853252,1.1159194,1.8814701,0,normal,Preprocessed_Dataset/dmid/dmid_348.jpg,train
1.5654542,1.8123279,1.4371265,1.8353162,1,benign,Preprocessed_Dataset/ddsm/ddsm_7753.jpg,train
0.14616275,1.2329168,1.6276398,1.4198587,0,normal,Preprocessed_Dataset/kau-bcmd/kau-bcmd_273.jpg,train
1.5820811,0.7890338,2.2454264,1.3817865,0,normal,Preprocessed_Dataset/ddsm/ddsm_2460.jpg,train
1.0908931,0.3666829,1.3043306,1.1571164,1,benign,Preprocessed_Dataset/dmid/dmid_494.jpg,train
0.51643777,1.7217505,1.6388346,2.0939927,0,normal,Preprocessed_Dataset/kau-bcmd/kau-bcmd_2010.jpg,train
1.4912815,2.32538,0.611551,1.4276066,0,normal,Preprocessed_Dataset/ddsm/ddsm_2139.jpg,train
0.277444,1.1202621,1.6885808,1.081945,1,benign,Preprocessed_Dataset/kau-bcmd/kau-bcmd_880.jpg,train
0.11237872,1.3865175,1.5280097,1.6203368,2,malignant,Preprocessed_Dataset/cmmd/cmmd_1147.jpg,train
0.089049935,1.3321863,1.5376056,1.5739702,2,malignant,Preprocessed_Dataset/cmmd/cmmd_1143.jpg,train
1.442293,0.95254207,2.3163729,1.6814309,1,benign,Preprocessed_Dataset/ddsm/ddsm_6688.jpg,train
2.0350614,2.187328,1.7334893,1.2602098,2,malignant,Preprocessed_Dataset/ddsm/ddsm_4133.jpg,train
2.1948638,2.2688138,1.8152966,1.112876,0,normal,Preprocessed_Dataset/ddsm/ddsm_283.jpg,train
1.5691875,1.4437492,1.6566359,0.850782,0,normal,Preprocessed_Dataset/cdd-cesm/cdd-cesm_716.jpg,train
2.6876266,0.32065433,0.7652537,1.9411143,1,benign,Preprocessed_Dataset/ddsm/ddsm_8714.jpg,train
2.1734817,0.39140606,0.93252593,1.8714805,0,normal,Preprocessed_Dataset/ddsm/ddsm_1598.jpg,train
2.1430278,2.3682833,1.595237,1.2422677,2,malignant,Preprocessed_Dataset/ddsm/ddsm_4447.jpg,train
0.1959846,1.4667727,1.6693068,1.8824543,1,benign,Preprocessed_Dataset/cmmd/cmmd_2309.jpg,train
1.8601105,0.76852125,2.3976488,0.8280667,0,normal,Preprocessed_Dataset/ddsm/ddsm_376.jpg,train
1.8926474,0.3893131,1.6668985,1.8679514,0,normal,Preprocessed_Dataset/ddsm/ddsm_30.jpg,train
0.12860811,1.1407256,1.7296872,1.179322,0,normal,Preprocessed_Dataset/kau-bcmd/kau-bcmd_511.jpg,train
1.8327343,0.8043785,2.2884984,1.1969929,2,malignant,Preprocessed_Dataset/ddsm/ddsm_3832.jpg,train
1.7790859,0.61277765,1.5584736,2.0336242,0,normal,Preprocessed_Dataset/ddsm/ddsm_2590.jpg,train
0.21722627,1.4964306,1.751602,1.8518283,1,benign,Preprocessed_Dataset/cmmd/cmmd_2323.jpg,train
1.4026511,0.9209793,2.0524044,2.17725,2,malignant,Preprocessed_Dataset/ddsm/ddsm_4880.jpg,train
2.155866,0.52736336,1.0745873,1.2428323,2,malignant,Preprocessed_Dataset/ddsm/ddsm_5806.jpg,train
1.769011,1.695453,1.9754854,1.2404445,2,malignant,Preprocessed_Dataset/ddsm/ddsm_5517.jpg,train
2.0734904,0.1829387,0.78783417,1.3188465,2,malignant,Preprocessed_Dataset/ddsm/ddsm_4894.jpg,train
2.0718877,1.8968214,2.1423948,1.7213901,1,benign,Preprocessed_Dataset/ddsm/ddsm_7589.jpg,train
0.8965713,0.24429977,0.7512038,1.0999027,0,normal,Preprocessed_Dataset/inbreast/inbreast_238.jpg,train
0.12136483,1.4047253,1.6411561,1.6827658,0,normal,Preprocessed_Dataset/kau-bcmd/kau-bcmd_1609.jpg,train
2.2793365,0.46879184,1.3942418,2.103329,0,normal,Preprocessed_Dataset/ddsm/ddsm_886.jpg,train
0.47289324,1.7363379,1.3277458,2.016123,0,normal,Preprocessed_Dataset/kau-bcmd/kau-bcmd_1549.jpg,train
1.8402331,0.32865614,1.4587198,1.711652,0,normal,Preprocessed_Dataset/ddsm/ddsm_274.jpg,train
1.7145429,2.2295206,0.86734116,1.2753251,2,malignant,Preprocessed_Dataset/ddsm/ddsm_5807.jpg,train
1.8962121,0.29376668,1.6614984,1.2826266,0,normal,Preprocessed_Dataset/ddsm/ddsm_416.jpg,train
2.337566,0.52582234,1.436926,2.52558,0,normal,Preprocessed_Dataset/ddsm/ddsm_470.jpg,train
0.30136555,0.8681941,1.5214517,1.0330192,2,malignant,Preprocessed_Dataset/cmmd/cmmd_4761.jpg,train
2.301632,0.42074186,1.0534136,1.8909376,0,normal,Preprocessed_Dataset/ddsm/ddsm_82.jpg,train
1.8500919,2.1551065,1.4640719,0.95359147,1,benign,Preprocessed_Dataset/ddsm/ddsm_9127.jpg,train
1.6371222,2.0868025,1.7911712,1.4431698,2,malignant,Preprocessed_Dataset/ddsm/ddsm_5093.jpg,train
0.13176107,1.4218409,1.5756421,1.7120678,2,malignant,Preprocessed_Dataset/cmmd/cmmd_1686.jpg,train
1.0989107,1.7425636,1.980279,1.86202,0,normal,Preprocessed_Dataset/kau-bcmd/kau-bcmd_264.jpg,train
2.0634012,0.7561193,0.7527942,1.6211094,1,benign,Preprocessed_Dataset/ddsm/ddsm_8774.jpg,train
1.7369924,1.7253132,1.9605231,1.8069377,0,normal,Preprocessed_Dataset/ddsm/ddsm_1241.jpg,train
1.5373348,0.9775952,2.0298574,0.47430938,1,benign,Preprocessed_Dataset/dmid/dmid_124.jpg,train
1.1274351,1.273579,1.5438788,0.9456558,1,benign,Preprocessed_Dataset/cdd-cesm/cdd-cesm_163.jpg,train
0.26887947,0.8214825,1.6358473,1.2690091,2,malignant,Preprocessed_Dataset/cmmd/cmmd_4721.jpg,train
0.42192513,1.5882552,1.7801315,2.0153828,2,malignant,Preprocessed_Dataset/cmmd/cmmd_3093.jpg,train
1.7484152,2.0176113,2.3229604,1.8437626,0,normal,Preprocessed_Dataset/ddsm/ddsm_1569.jpg,train
0.16536832,1.1047769,1.7806256,1.0878285,0,normal,Preprocessed_Dataset/kau-bcmd/kau-bcmd_170.jpg,train
1.8792408,0.73523366,1.3627125,1.6033477,1,benign,Preprocessed_Dataset/ddsm/ddsm_8058.jpg,train
1.6863544,0.6307759,2.2264204,1.6187961,0,normal,Preprocessed_Dataset/ddsm/ddsm_524.jpg,train
0.21102059,1.4482708,1.4653019,1.7699492,2,malignant,Preprocessed_Dataset/cmmd/cmmd_1694.jpg,train
1.3407702,1.874114,0.5719032,1.0003107,1,benign,Preprocessed_Dataset/ddsm/ddsm_7863.jpg,train
0.19541728,1.4708394,1.4748687,1.614677,2,malignant,Preprocessed_Dataset/cmmd/cmmd_1440.jpg,train
1.8714464,0.86925864,2.0017219,1.0023177,0,normal,Preprocessed_Dataset/ddsm/ddsm_432.jpg,train
1.7821007,0.831866,1.4403332,2.224338,2,malignant,Preprocessed_Dataset/ddsm/ddsm_5254.jpg,train
2.63764,0.65097076,1.0138841,2.4582157,1,benign,Preprocessed_Dataset/ddsm/ddsm_10042.jpg,train
1.6145592,1.5412917,2.0181956,2.1649773,2,malignant,Preprocessed_Dataset/cdd-cesm/cdd-cesm_752.jpg,train
1.5008188,1.8572278,1.8182905,1.5390902,2,malignant,Preprocessed_Dataset/ddsm/ddsm_5977.jpg,train
0.82013845,2.1148343,1.3263526,2.5031166,0,normal,Preprocessed_Dataset/inbreast/inbreast_126.jpg,train
0.11147773,1.4938185,1.5189866,1.4981581,2,malignant,Preprocessed_Dataset/cmmd/cmmd_1421.jpg,train
1.0995107,1.9470677,2.1250029,2.4165196,0,normal,Preprocessed_Dataset/ddsm/ddsm_609.jpg,train
2.0910783,2.149301,1.0313323,0.9408371,1,benign,Preprocessed_Dataset/ddsm/ddsm_6463.jpg,train
1.9022048,2.4569576,1.4367964,1.2280356,0,normal,Preprocessed_Dataset/ddsm/ddsm_1479.jpg,train
1.7310928,0.26412296,1.6991643,1.8446567,1,benign,Preprocessed_Dataset/ddsm/ddsm_7212.jpg,train
0.6827738,0.62657076,1.4066472,1.0217855,1,benign,Preprocessed_Dataset/cmmd/cmmd_3593.jpg,train
0.27045655,1.274351,1.7424386,1.4269707,0,normal,Preprocessed_Dataset/kau-bcmd/kau-bcmd_437.jpg,train
1.9903293,0.949252,2.4672856,1.426157,2,malignant,Preprocessed_Dataset/ddsm/ddsm_2812.jpg,train
1.8845987,0.8738302,2.176376,1.0206789,0,normal,Preprocessed_Dataset/ddsm/ddsm_1300.jpg,train
1.8066939,0.44483554,0.8942703,1.6990745,1,benign,Preprocessed_Dataset/ddsm/ddsm_8382.jpg,train
2.062978,1.6835206,1.9474148,0.84610444,1,benign,Preprocessed_Dataset/ddsm/ddsm_10041.jpg,train
0.76409006,1.840751,1.4338719,1.9908416,1,benign,Preprocessed_Dataset/inbreast/inbreast_371.jpg,train
0.4495898,0.8392,1.6570846,0.7505004,0,normal,Preprocessed_Dataset/kau-bcmd/kau-bcmd_2032.jpg,train
0.43776685,1.5868632,1.5913445,1.9646618,0,normal,Preprocessed_Dataset/kau-bcmd/kau-bcmd_1238.jpg,train
0.3765551,0.8550981,1.7641773,0.91914845,2,malignant,Preprocessed_Dataset/cmmd/cmmd_2590.jpg,train
1.6048023,1.9039391,2.1603947,1.5146604,2,malignant,Preprocessed_Dataset/ddsm/ddsm_3361.jpg,train
1.2608929,0.14217508,0.99237514,1.0034773,1,benign,Preprocessed_Dataset/inbreast/inbreast_129.jpg,train
1.0871569,1.0323141,1.2284441,1.3749905,2,malignant,Preprocessed_Dataset/cdd-cesm/cdd-cesm_342.jpg,train
1.7930746,2.464827,1.6339978,1.1304659,2,malignant,Preprocessed_Dataset/ddsm/ddsm_4573.jpg,train
1.9105535,1.0147007,2.0983148,1.0768771,2,malignant,Preprocessed_Dataset/ddsm/ddsm_4408.jpg,train
1.9072684,0.6093257,0.8243189,1.9002264,0,normal,Preprocessed_Dataset/ddsm/ddsm_2594.jpg,train
0.92722034,1.8756106,0.57759595,1.8651557,2,malignant,Preprocessed_Dataset/ddsm/ddsm_4917.jpg,train
0.0,1.1628354,1.6845797,1.365088,1,benign,Preprocessed_Dataset/ddsm/ddsm_7394.jpg,train
0.6007831,0.85524505,1.6161699,0.8118599,0,normal,Preprocessed_Dataset/kau-bcmd/kau-bcmd_98.jpg,train
1.3009996,1.4649926,1.9085537,2.0451455,1,benign,Preprocessed_Dataset/cdd-cesm/cdd-cesm_780.jpg,train
2.3702927,2.1946774,1.6077093,0.63199955,1,benign,Preprocessed_Dataset/ddsm/ddsm_6559.jpg,train
1.1855426,1.3329005,2.0701857,1.2558317,2,malignant,Preprocessed_Dataset/cdd-cesm/cdd-cesm_746.jpg,train
0.5748964,0.7811384,1.654446,0.83187467,0,normal,Preprocessed_Dataset/kau-bcmd/kau-bcmd_1683.jpg,train
2.2764647,0.7196504,1.1671555,1.9498718,1,benign,Preprocessed_Dataset/ddsm/ddsm_8784.jpg,train
1.1001902,2.097904,1.1508088,1.7748702,1,benign,Preprocessed_Dataset/dmid/dmid_98.jpg,train
1.8970283,1.9555562,2.1267076,1.5720558,0,normal,Preprocessed_Dataset/ddsm/ddsm_321.jpg,train
1.9015086,0.48305446,1.718774,1.9300704,1,benign,Preprocessed_Dataset/ddsm/ddsm_8268.jpg,train
1.0306667,2.042664,1.7407498,2.5485597,2,malignant,Preprocessed_Dataset/ddsm/ddsm_4773.jpg,train
1.3141575,2.0897653,1.928083,2.28086,2,malignant,Preprocessed_Dataset/ddsm/ddsm_3245.jpg,train
1.1225758,1.1537555,1.5127026,0.8153923,1,benign,Preprocessed_Dataset/cdd-cesm/cdd-cesm_628.jpg,train
1.915502,0.5883182,1.5576278,1.5750723,1,benign,Preprocessed_Dataset/ddsm/ddsm_6458.jpg,train
0.8713139,1.614176,1.5335382,1.5993584,2,malignant,Preprocessed_Dataset/cmmd/cmmd_830.jpg,train
0.6526972,1.8058796,1.4966811,2.074237,0,normal,Preprocessed_Dataset/kau-bcmd/kau-bcmd_504.jpg,train
0.20865178,1.51187,1.543091,1.7882956,1,benign,Preprocessed_Dataset/cmmd/cmmd_657.jpg,train
1.8843148,0.4762736,0.79090047,1.4046633,2,malignant,Preprocessed_Dataset/ddsm/ddsm_3762.jpg,train
2.2296894,0.8864103,2.0382707,1.4395424,1,benign,Preprocessed_Dataset/ddsm/ddsm_9548.jpg,train
0.7913202,0.38988185,0.94177276,1.2761683,1,benign,Preprocessed_Dataset/dmid/dmid_311.jpg,train
1.8977342,1.1198286,1.8497548,1.2081696,0,normal,Preprocessed_Dataset/ddsm/ddsm_2532.jpg,train
2.1293368,1.1792006,2.3696332,1.1512784,2,malignant,Preprocessed_Dataset/ddsm/ddsm_4260.jpg,train
1.5710458,1.8321571,2.1272874,1.6753229,0,normal,Preprocessed_Dataset/ddsm/ddsm_929.jpg,train
2.0599082,0.5950731,1.5654807,1.9937004,1,benign,Preprocessed_Dataset/ddsm/ddsm_9002.jpg,train
0.3227399,1.5923393,1.5078858,2.0630429,2,malignant,Preprocessed_Dataset/cmmd/cmmd_3061.jpg,train
0.8626572,0.34213465,1.5121052,0.8383959,0,normal,Preprocessed_Dataset/inbreast/inbreast_181.jpg,train
1.8365097,2.7181678,1.1739411,2.1063907,1,benign,Preprocessed_Dataset/ddsm/ddsm_10183.jpg,train
0.31193262,0.80028224,1.3671646,1.2200639,2,malignant,Preprocessed_Dataset/cmmd/cmmd_4243.jpg,train
1.6826744,2.090097,1.6340312,1.4056412,1,benign,Preprocessed_Dataset/ddsm/ddsm_9385.jpg,train
0.29525268,1.2725034,1.7079219,1.4226559,1,benign,Preprocessed_Dataset/kau-bcmd/kau-bcmd_996.jpg,train
0.66005963,1.3167269,1.871136,1.3699539,1,benign,Preprocessed_Dataset/kau-bcmd/kau-bcmd_529.jpg,train
2.2947264,2.1868873,1.8353213,1.066435,2,malignant,Preprocessed_Dataset/ddsm/ddsm_4511.jpg,train
1.8527749,1.8907611,2.0853395,1.2933154,1,benign,Preprocessed_Dataset/ddsm/ddsm_7881.jpg,train
0.55196124,1.569134,1.7504685,1.9025012,2,malignant,Preprocessed_Dataset/cmmd/cmmd_3420.jpg,train
1.2839813,1.2695134,1.4840993,1.8893121,1,benign,Preprocessed_Dataset/cdd-cesm/cdd-cesm_338.jpg,train
1.5652068,1.7349513,2.1824143,1.5590463,2,malignant,Preprocessed_Dataset/ddsm/ddsm_6357.jpg,train
0.7013524,1.7838833,1.6491672,1.944647,0,normal,Preprocessed_Dataset/kau-bcmd/kau-bcmd_2081.jpg,train
0.8333705,2.0420392,0.98074144,1.8530253,1,benign,Preprocessed_Dataset/dmid/dmid_20.jpg,train
1.5645491,1.8425299,1.938725,1.8852595,0,normal,Preprocessed_Dataset/ddsm/ddsm_829.jpg,train
1.624803,2.0674386,0.9212785,1.0895835,2,malignant,Preprocessed_Dataset/ddsm/ddsm_4475.jpg,train
1.5529681,0.57541776,1.8605922,0.9424208,0,normal,Preprocessed_Dataset/ddsm/ddsm_380.jpg,train
0.23010302,1.5528581,1.6489971,1.7940443,2,malignant,Preprocessed_Dataset/cmmd/cmmd_3525.jpg,train
2.1637132,0.39415598,0.8215432,1.6503303,1,benign,Preprocessed_Dataset/ddsm/ddsm_6946.jpg,train
0.3770669,0.7471514,1.3275819,1.1721206,2,malignant,Preprocessed_Dataset/cmmd/cmmd_969.jpg,train
2.3674607,0.5797194,1.5906215,2.085235,1,benign,Preprocessed_Dataset/ddsm/ddsm_10010.jpg,train
0.111805916,1.4381299,1.5167383,1.5897058,1,benign,Preprocessed_Dataset/cmmd/cmmd_176.jpg,train
0.35581994,0.82421315,1.6534353,1.0176271,1,benign,Preprocessed_Dataset/cmmd/cmmd_2227.jpg,train
0.6807102,0.7302604,1.4068063,0.91654366,0,normal,Preprocessed_Dataset/kau-bcmd/kau-bcmd_1842.jpg,train
2.0373676,0.5581036,1.7666187,2.405939,2,malignant,Preprocessed_Dataset/ddsm/ddsm_4204.jpg,train
1.5495332,0.65282446,0.89781123,1.8195506,1,benign,Preprocessed_Dataset/ddsm/ddsm_6718.jpg,train
0.44151634,1.5477808,1.6951414,1.9744813,0,normal,Preprocessed_Dataset/kau-bcmd/kau-bcmd_1123.jpg,train
0.3424927,0.8434298,1.6139426,0.9465707,2,malignant,Preprocessed_Dataset/cmmd/cmmd_4801.jpg,train
1.9638345,2.2196019,1.8478129,1.2055271,1,benign,Preprocessed_Dataset/ddsm/ddsm_8285.jpg,train
0.34389496,0.84295845,1.7627171,0.96296424,2,malignant,Preprocessed_Dataset/cmmd/cmmd_2630.jpg,train
0.28418905,1.6203613,1.5141355,1.9773294,2,malignant,Preprocessed_Dataset/cmmd/cmmd_1208.jpg,train
1.6282889,1.9021516,1.7702278,1.4722053,1,benign,Preprocessed_Dataset/ddsm/ddsm_6497.jpg,train
0.58806247,1.7632289,1.3123976,1.7411256,2,malignant,Preprocessed_Dataset/cmmd/cmmd_1526.jpg,train
1.7779733,2.4275389,1.3918712,1.4667907,0,normal,Preprocessed_Dataset/ddsm/ddsm_259.jpg,train
2.556398,0.45867252,1.0984428,2.321769,2,malignant,Preprocessed_Dataset/ddsm/ddsm_6310.jpg,train
0.5166893,1.7387677,1.3243206,1.8935946,2,malignant,Preprocessed_Dataset/inbreast/inbreast_146.jpg,train
0.6762297,0.2674054,0.96527755,1.3489375,0,normal,Preprocessed_Dataset/inbreast/inbreast_353.jpg,train
0.110722065,1.435329,1.510698,1.555526,1,benign,Preprocessed_Dataset/cmmd/cmmd_354.jpg,train
0.2246033,1.2592661,1.6444511,1.4287146,1,benign,Preprocessed_Dataset/kau-bcmd/kau-bcmd_906.jpg,train
1.790067,0.65324336,1.5263596,1.711493,1,benign,Preprocessed_Dataset/ddsm/ddsm_7244.jpg,train
0.3558148,0.7974499,1.5037235,1.1956459,2,malignant,Preprocessed_Dataset/cmmd/cmmd_3836.jpg,train
0.37142676,1.6509495,1.4171442,1.970674,1,benign,Preprocessed_Dataset/cmmd/cmmd_2147.jpg,train
1.6617186,2.2457829,1.043197,0.97446764,1,benign,Preprocessed_Dataset/ddsm/ddsm_8387.jpg,train
2.083611,2.3589358,1.0823298,0.9292959,0,normal,Preprocessed_Dataset/ddsm/ddsm_1795.jpg,train
1.8079587,2.0581744,1.1369407,0.8538917,1,benign,Preprocessed_Dataset/ddsm/ddsm_9547.jpg,train
1.5180719,1.3221755,2.2218006,1.419037,2,malignant,Preprocessed_Dataset/ddsm/ddsm_4097.jpg,train
0.29168236,1.5109104,1.4831958,1.8443204,2,malignant,Preprocessed_Dataset/cmmd/cmmd_1773.jpg,train
0.23595619,0.85680443,1.5973725,1.16619,2,malignant,Preprocessed_Dataset/cmmd/cmmd_2601.jpg,train
0.90897185,1.7770579,1.5494918,1.8071579,0,normal,Preprocessed_Dataset/kau-bcmd/kau-bcmd_943.jpg,train
0.43240327,1.4135932,1.4782076,1.5768061,0,normal,Preprocessed_Dataset/kau-bcmd/kau-bcmd_1139.jpg,train
1.8691437,0.6396324,1.8701915,1.7242897,2,malignant,Preprocessed_Dataset/ddsm/ddsm_6122.jpg,train
0.88654864,1.493494,1.4233676,1.1114577,0,normal,Preprocessed_Dataset/cdd-cesm/cdd-cesm_301.jpg,train
1.3849282,1.3274349,2.0932767,1.6789043,1,benign,Preprocessed_Dataset/cdd-cesm/cdd-cesm_339.jpg,train
1.4059112,0.98484683,1.7754022,0.9793478,0,normal,Preprocessed_Dataset/ddsm/ddsm_2696.jpg,train
2.0630517,0.76673716,1.9782419,1.5140318,1,benign,Preprocessed_Dataset/ddsm/ddsm_8120.jpg,train
0.8447864,0.79328555,1.6888949,0.9406472,0,normal,Preprocessed_Dataset/kau-bcmd/kau-bcmd_1069.jpg,train
0.9671562,1.9765781,1.2133739,1.934418,1,benign,Preprocessed_Dataset/dmid/dmid_477.jpg,train
0.2444886,0.8589854,1.6946762,1.1422801,0,normal,Preprocessed_Dataset/kau-bcmd/kau-bcmd_322.jpg,train
1.5463083,0.6047955,0.8808913,2.029368,1,benign,Preprocessed_Dataset/ddsm/ddsm_8302.jpg,train
2.348404,0.55075914,1.7061195,2.0290966,1,benign,Preprocessed_Dataset/ddsm/ddsm_9184.jpg,train
0.69891787,1.8740845,1.6228768,2.339399,0,normal,Preprocessed_Dataset/kau-bcmd/kau-bcmd_1438.jpg,train
0.18969798,0.8524301,1.3034348,1.5497155,2,malignant,Preprocessed_Dataset/cmmd/cmmd_4286.jpg,train
0.10906851,1.4636304,1.322356,1.3249085,0,normal,Preprocessed_Dataset/kau-bcmd/kau-bcmd_130.jpg,train
2.465881,0.9809199,1.2299991,2.2594044,1,benign,Preprocessed_Dataset/ddsm/ddsm_7810.jpg,train
1.5588292,1.8128408,2.377937,1.9987192,0,normal,Preprocessed_Dataset/ddsm/ddsm_1349.jpg,train
2.041625,2.0964293,0.97806877,1.3538245,1,benign,Preprocessed_Dataset/ddsm/ddsm_10087.jpg,train
0.34492755,1.2837151,1.7526761,1.3728445,1,benign,Preprocessed_Dataset/kau-bcmd/kau-bcmd_1087.jpg,train
0.38113487,0.71684647,1.2928507,1.2610772,2,malignant,Preprocessed_Dataset/cmmd/cmmd_3977.jpg,train
1.7486997,2.407302,1.8292699,1.8791789,0,normal,Preprocessed_Dataset/ddsm/ddsm_455.jpg,train
2.1803045,2.2113454,0.65054804,1.0268819,1,benign,Preprocessed_Dataset/ddsm/ddsm_10127.jpg,train
0.69930845,0.7365611,2.0659668,0.8364548,2,malignant,Preprocessed_Dataset/cmmd/cmmd_2520.jpg,train
2.152071,1.98001,2.1475222,1.7456043,2,malignant,Preprocessed_Dataset/ddsm/ddsm_3493.jpg,train
2.2038443,0.7040568,1.2486727,2.0605817,2,malignant,Preprocessed_Dataset/ddsm/ddsm_5582.jpg,train
0.33575916,1.5037249,1.7849426,1.9289196,2,malignant,Preprocessed_Dataset/cmmd/cmmd_2851.jpg,train
0.8292853,2.0739894,1.265514,2.3085349,1,benign,Preprocessed_Dataset/inbreast/inbreast_180.jpg,train
0.20267594,0.8491302,1.3744912,1.4248874,2,malignant,Preprocessed_Dataset/cmmd/cmmd_896.jpg,train
2.090732,0.50615424,1.9290663,1.9578432,2,malignant,Preprocessed_Dataset/ddsm/ddsm_6080.jpg,train
0.42037553,1.5207434,1.5921433,1.8959395,1,benign,Preprocessed_Dataset/cmmd/cmmd_1922.jpg,train
0.2642616,0.8693942,1.6228294,1.213676,1,benign,Preprocessed_Dataset/cmmd/cmmd_664.jpg,train
0.1657337,0.9317156,1.5982724,1.2748778,2,malignant,Preprocessed_Dataset/cmmd/cmmd_66.jpg,train
2.4297023,0.7661061,1.838481,2.214539,2,malignant,Preprocessed_Dataset/ddsm/ddsm_6288.jpg,train
1.7285277,0.49099147,2.0028775,1.7133924,2,malignant,Preprocessed_Dataset/ddsm/ddsm_4174.jpg,train
1.8661846,0.7263158,2.2148056,1.6098377,2,malignant,Preprocessed_Dataset/ddsm/ddsm_5508.jpg,train
1.0740656,0.80663055,1.9104465,1.1233861,1,benign,Preprocessed_Dataset/inbreast/inbreast_99.jpg,train
0.33877844,1.7614176,1.4378297,2.0823147,0,normal,Preprocessed_Dataset/dmid/dmid_191.jpg,train
1.4691256,2.2883933,2.068743,1.9141209,1,benign,Preprocessed_Dataset/ddsm/ddsm_7181.jpg,train
0.24474537,0.8998933,1.491016,1.0387363,0,normal,Preprocessed_Dataset/kau-bcmd/kau-bcmd_323.jpg,train
0.28616673,0.83279073,1.4559705,1.2048776,2,malignant,Preprocessed_Dataset/cmmd/cmmd_746.jpg,train
0.3402046,0.83290505,1.5760808,1.0618479,0,normal,Preprocessed_Dataset/kau-bcmd/kau-bcmd_615.jpg,train
0.32513726,0.8749418,1.4212002,1.049619,2,malignant,Preprocessed_Dataset/cmmd/cmmd_4088.jpg,train
1.5189253,1.7951636,1.8146361,1.4658753,1,benign,Preprocessed_Dataset/ddsm/ddsm_9571.jpg,train
1.8782072,2.0559096,2.6621952,1.931341,2,malignant,Preprocessed_Dataset/ddsm/ddsm_3765.jpg,train
1.9165707,0.75386137,2.4430916,1.2511294,0,normal,Preprocessed_Dataset/ddsm/ddsm_1596.jpg,train
0.1680286,1.4552656,1.5040352,1.6360024,1,benign,Preprocessed_Dataset/cmmd/cmmd_2214.jpg,train
1.8154964,0.7322012,2.1305566,1.4430467,1,benign,Preprocessed_Dataset/ddsm/ddsm_7204.jpg,train
2.266504,0.62579757,1.7462994,2.0455227,0,normal,Preprocessed_Dataset/ddsm/ddsm_2410.jpg,train
0.46620762,1.6264391,1.6144058,2.1383448,0,normal,Preprocessed_Dataset/kau-bcmd/kau-bcmd_1717.jpg,train
0.276843,1.1036572,1.6858197,1.0910755,0,normal,Preprocessed_Dataset/kau-bcmd/kau-bcmd_38.jpg,train
0.5037422,1.6881175,1.67914,2.2059162,1,benign,Preprocessed_Dataset/cmmd/cmmd_2390.jpg,train
1.3511237,1.1570152,2.1077573,1.543225,1,benign,Preprocessed_Dataset/cdd-cesm/cdd-cesm_849.jpg,train
1.2267442,1.1427282,1.7123071,1.9580139,2,malignant,Preprocessed_Dataset/cdd-cesm/cdd-cesm_283.jpg,train
0.4257337,1.2801133,1.7613364,1.5142345,1,benign,Preprocessed_Dataset/kau-bcmd/kau-bcmd_929.jpg,train
1.9777517,2.200842,1.3218544,0.79997295,0,normal,Preprocessed_Dataset/ddsm/ddsm_1403.jpg,train
1.7957754,1.7040716,1.7636702,1.4577974,0,normal,Preprocessed_Dataset/ddsm/ddsm_1917.jpg,train
2.575284,1.9990901,2.1057673,0.6937437,0,normal,Preprocessed_Dataset/ddsm/ddsm_1473.jpg,train
2.2160578,0.4371639,0.42394233,1.556702,0,normal,Preprocessed_Dataset/ddsm/ddsm_1666.jpg,train
0.36408365,0.7886609,1.541994,1.0694405,0,normal,Preprocessed_Dataset/kau-bcmd/kau-bcmd_607.jpg,train
0.2130301,1.457764,1.5203855,1.8864534,1,benign,Preprocessed_Dataset/cmmd/cmmd_2202.jpg,train
2.3498082,1.8340845,1.4753397,0.41688085,1,benign,Preprocessed_Dataset/ddsm/ddsm_8335.jpg,train
0.39942867,1.5494013,1.77881,2.1414912,0,normal,Preprocessed_Dataset/kau-bcmd/kau-bcmd_1692.jpg,train
0.21465933,0.86275756,1.4068836,1.3698521,2,malignant,Preprocessed_Dataset/cmmd/cmmd_4249.jpg,train
1.6498337,1.1882429,1.3156112,1.8003325,0,normal,Preprocessed_Dataset/cdd-cesm/cdd-cesm_828.jpg,train
0.3315879,1.4447188,1.6093072,1.9088452,1,benign,Preprocessed_Dataset/cmmd/cmmd_2356.jpg,train
1.2471627,1.4998251,2.2469907,1.3969196,1,benign,Preprocessed_Dataset/cdd-cesm/cdd-cesm_921.jpg,train
2.1489713,0.75404257,2.2696724,1.3043842,1,benign,Preprocessed_Dataset/ddsm/ddsm_8848.jpg,train
2.8948135,2.187337,1.12046,0.60933125,0,normal,Preprocessed_Dataset/ddsm/ddsm_2107.jpg,train
0.38235378,1.5893867,1.5433893,1.8948631,1,benign,Preprocessed_Dataset/cmmd/cmmd_496.jpg,train
1.4615058,0.8298068,2.4332066,1.7397764,1,benign,Preprocessed_Dataset/ddsm/ddsm_7924.jpg,train
2.0407176,0.55077463,1.4841521,1.655241,2,malignant,Preprocessed_Dataset/ddsm/ddsm_3278.jpg,train
1.9534092,0.5844259,0.91333264,1.2062172,1,benign,Preprocessed_Dataset/ddsm/ddsm_6594.jpg,train
0.13536191,0.9505558,1.5231138,1.2983214,1,benign,Preprocessed_Dataset/cmmd/cmmd_1958.jpg,train
2.2959108,0.63428944,1.5532742,2.0732965,0,normal,Preprocessed_Dataset/ddsm/ddsm_2630.jpg,train
1.709844,2.2854748,1.2578213,1.3537567,0,normal,Preprocessed_Dataset/ddsm/ddsm_2023.jpg,train
2.0644956,0.68631524,1.5138791,2.2715557,1,benign,Preprocessed_Dataset/ddsm/ddsm_8156.jpg,train
0.6393189,0.82225215,1.4083526,1.1918147,2,malignant,Preprocessed_Dataset/cmmd/cmmd_884.jpg,train
1.9132692,2.1618204,0.7395728,0.7314268,0,normal,Preprocessed_Dataset/ddsm/ddsm_247.jpg,train
1.970736,0.8633884,2.1429572,1.4950314,0,normal,Preprocessed_Dataset/ddsm/ddsm_1828.jpg,train
1.5174818,0.76507163,1.7213032,1.2038857,1,benign,Preprocessed_Dataset/ddsm/ddsm_9092.jpg,train
1.8672271,0.7758083,1.7231507,1.3527373,1,benign,Preprocessed_Dataset/ddsm/ddsm_8992.jpg,train
0.18975425,0.86399984,1.3574873,1.4479609,2,malignant,Preprocessed_Dataset/cmmd/cmmd_4048.jpg,train
2.1254869,2.2221868,0.39677882,0.6772263,2,malignant,Preprocessed_Dataset/ddsm/ddsm_2915.jpg,train
1.7717514,2.1523805,1.1227427,0.86909354,1,benign,Preprocessed_Dataset/ddsm/ddsm_8243.jpg,train
0.302862,0.8018954,1.4457557,1.2156225,2,malignant,Preprocessed_Dataset/cmmd/cmmd_4239.jpg,train
0.10901582,0.9485035,1.3251199,1.7622427,2,malignant,Preprocessed_Dataset/cmmd/cmmd_4250.jpg,train
0.8492315,1.7376282,1.7790109,2.065968,0,normal,Preprocessed_Dataset/kau-bcmd/kau-bcmd_1541.jpg,train
0.18425095,1.1328464,1.6883138,1.1205246,1,benign,Preprocessed_Dataset/kau-bcmd/kau-bcmd_949.jpg,train
0.28917623,1.5278256,1.557529,1.9903795,0,normal,Preprocessed_Dataset/kau-bcmd/kau-bcmd_1885.jpg,train
0.47172278,0.74416083,1.7410523,0.9034754,1,benign,Preprocessed_Dataset/cmmd/cmmd_2252.jpg,train
2.1184866,0.51038086,0.762343,1.5008122,0,normal,Preprocessed_Dataset/ddsm/ddsm_1610.jpg,train
1.8727741,1.0661054,2.225864,0.9756637,0,normal,Preprocessed_Dataset/ddsm/ddsm_400.jpg,train
0.09315848,1.4216645,1.4862245,1.4135771,0,normal,Preprocessed_Dataset/kau-bcmd/kau-bcmd_1379.jpg,train
0.19340122,0.8165634,1.2516896,1.7165164,2,malignant,Preprocessed_Dataset/cmmd/cmmd_4310.jpg,train
2.6489036,0.7359014,0.46659636,2.288918,0,normal,Preprocessed_Dataset/ddsm/ddsm_1078.jpg,train
1.7523113,0.53319955,1.4618268,1.3262635,2,malignant,Preprocessed_Dataset/ddsm/ddsm_5598.jpg,train
2.5712457,0.43013895,0.9197206,2.0126085,2,malignant,Preprocessed_Dataset/ddsm/ddsm_4922.jpg,train
1.6379501,1.8573976,2.2034278,1.605418,1,benign,Preprocessed_Dataset/ddsm/ddsm_8161.jpg,train
0.21423256,0.86460644,1.4394535,1.2944828,2,malignant,Preprocessed_Dataset/cmmd/cmmd_4055.jpg,train
1.8856018,0.38859135,1.7891984,1.2550308,0,normal,Preprocessed_Dataset/ddsm/ddsm_968.jpg,train
1.2040838,2.0570908,0.8608414,1.7633225,1,benign,Preprocessed_Dataset/ddsm/ddsm_7947.jpg,train
0.40635055,0.74392384,1.6784017,0.98498464,1,benign,Preprocessed_Dataset/cmmd/cmmd_2363.jpg,train
2.3840013,0.6903396,1.7959073,1.7926688,2,malignant,Preprocessed_Dataset/ddsm/ddsm_3542.jpg,train
0.13863015,0.95212597,1.5876703,1.2826475,2,malignant,Preprocessed_Dataset/cmmd/cmmd_3745.jpg,train
0.38110387,1.674613,1.6271213,2.12852,0,normal,Preprocessed_Dataset/kau-bcmd/kau-bcmd_316.jpg,train
2.5106323,0.30957663,1.4214215,2.029061,1,benign,Preprocessed_Dataset/ddsm/ddsm_8894.jpg,train
1.6359539,2.4771628,1.5899253,2.0668201,2,malignant,Preprocessed_Dataset/ddsm/ddsm_5615.jpg,train
2.3651536,2.641234,1.4652964,1.026824,0,normal,Preprocessed_Dataset/ddsm/ddsm_2579.jpg,train
0.12945902,1.438937,1.3987043,1.5515268,2,malignant,Preprocessed_Dataset/cmmd/cmmd_3138.jpg,train
0.25340426,0.8452323,1.6130517,1.1870046,0,normal,Preprocessed_Dataset/kau-bcmd/kau-bcmd_1392.jpg,train
2.4247456,0.65295947,1.172449,2.1510503,0,normal,Preprocessed_Dataset/ddsm/ddsm_2458.jpg,train
2.3462129,0.2808302,1.0943414,1.864857,0,normal,Preprocessed_Dataset/ddsm/ddsm_2738.jpg,train
0.40301389,0.8939333,1.8329657,0.98237044,1,benign,Preprocessed_Dataset/cmmd/cmmd_2387.jpg,train
1.2816781,1.1820204,1.6618325,2.0617442,1,benign,Preprocessed_Dataset/cdd-cesm/cdd-cesm_795.jpg,train
0.21236634,0.91522384,1.6781125,1.0577477,2,malignant,Preprocessed_Dataset/cmmd/cmmd_1844.jpg,train
2.2527428,1.033985,2.5015333,1.5484028,0,normal,Preprocessed_Dataset/ddsm/ddsm_2380.jpg,train
2.4560678,0.45273125,0.8101324,2.0540001,2,malignant,Preprocessed_Dataset/ddsm/ddsm_5378.jpg,train
2.3536909,0.861938,2.2540808,1.0701177,2,malignant,Preprocessed_Dataset/ddsm/ddsm_4816.jpg,train
0.22540665,1.5705092,1.3580536,1.8008031,1,benign,Preprocessed_Dataset/cmmd/cmmd_433.jpg,train
0.62108487,1.5846324,1.84606,2.362183,2,malignant,Preprocessed_Dataset/cmmd/cmmd_3169.jpg,train
0.3803584,1.661086,1.2478156,1.9408635,0,normal,Preprocessed_Dataset/kau-bcmd/kau-bcmd_108.jpg,train
0.2607175,0.9341126,1.7869331,1.1007166,1,benign,Preprocessed_Dataset/cmmd/cmmd_1925.jpg,train
1.7203169,0.8193736,1.767148,1.9561142,2,malignant,Preprocessed_Dataset/ddsm/ddsm_4158.jpg,train
2.0175982,0.6575922,2.200857,1.1667268,0,normal,Preprocessed_Dataset/ddsm/ddsm_1004.jpg,train
1.6454096,1.9799829,0.82399046,0.79547447,1,benign,Preprocessed_Dataset/ddsm/ddsm_8995.jpg,train
0.68051636,0.79084575,1.7738597,0.786216,0,normal,Preprocessed_Dataset/kau-bcmd/kau-bcmd_1949.jpg,train
1.2498069,2.0562284,0.7928911,1.3941349,1,benign,Preprocessed_Dataset/ddsm/ddsm_8411.jpg,train
0.2998734,1.4986331,1.5140363,1.9958417,1,benign,Preprocessed_Dataset/cmmd/cmmd_425.jpg,train
1.152714,2.1838589,1.4534763,1.5972133,0,normal,Preprocessed_Dataset/dmid/dmid_134.jpg,train
1.8355963,0.36809283,1.681114,1.6827263,0,normal,Preprocessed_Dataset/ddsm/ddsm_2764.jpg,train
2.265539,1.1286708,1.3345374,0.95847285,0,normal,Preprocessed_Dataset/ddsm/ddsm_2514.jpg,train
0.53249717,1.6013534,1.8113952,2.2965007,0,normal,Preprocessed_Dataset/kau-bcmd/kau-bcmd_243.jpg,train
1.464423,0.42463744,1.2523855,1.2535276,1,benign,Preprocessed_Dataset/dmid/dmid_47.jpg,train
0.15419185,1.3816645,1.530861,1.753749,2,malignant,Preprocessed_Dataset/cmmd/cmmd_1278.jpg,train
1.5170807,1.7819285,1.8357434,1.6372396,1,benign,Preprocessed_Dataset/ddsm/ddsm_7425.jpg,train
0.78370047,1.8779275,1.6541865,2.0794673,0,normal,Preprocessed_Dataset/kau-bcmd/kau-bcmd_713.jpg,train
1.9686458,1.851923,1.3198895,0.52655095,1,benign,Preprocessed_Dataset/ddsm/ddsm_7919.jpg,train
0.19293177,1.4775689,1.5989488,1.8184258,1,benign,Preprocessed_Dataset/cmmd/cmmd_2270.jpg,train
2.5944865,0.65448457,1.0187085,2.3516254,1,benign,Preprocessed_Dataset/ddsm/ddsm_6558.jpg,train
0.53716135,1.7309363,1.4888086,2.2416878,0,normal,Preprocessed_Dataset/kau-bcmd/kau-bcmd_1709.jpg,train
0.13097,1.4318125,1.4782449,1.6271217,1,benign,Preprocessed_Dataset/cmmd/cmmd_356.jpg,train
1.9149774,0.6554382,2.3232837,1.3671007,0,normal,Preprocessed_Dataset/ddsm/ddsm_2636.jpg,train
2.3947673,0.30528843,1.0157859,1.5022321,0,normal,Preprocessed_Dataset/ddsm/ddsm_1418.jpg,train
0.1730349,1.4362509,1.4371903,1.7183707,2,malignant,Preprocessed_Dataset/cmmd/cmmd_941.jpg,train
0.5472878,0.75659347,1.6069418,0.7882175,0,normal,Preprocessed_Dataset/kau-bcmd/kau-bcmd_2036.jpg,train
2.095417,0.9642743,1.4342207,2.165126,1,benign,Preprocessed_Dataset/ddsm/ddsm_7706.jpg,train
0.40073925,0.7381792,1.1541032,1.3866478,0,normal,Preprocessed_Dataset/kau-bcmd/kau-bcmd_2171.jpg,train
2.135932,2.2550983,1.015255,0.6842298,0,normal,Preprocessed_Dataset/ddsm/ddsm_2375.jpg,train
0.24365485,1.5675782,1.5535688,1.7373544,2,malignant,Preprocessed_Dataset/cmmd/cmmd_1502.jpg,train
1.3543166,1.7135178,1.9631951,1.5692842,1,benign,Preprocessed_Dataset/ddsm/ddsm_7785.jpg,train
2.1776478,0.36591327,1.2564249,1.7739855,1,benign,Preprocessed_Dataset/ddsm/ddsm_6654.jpg,train
1.6591033,1.4427668,2.5584877,1.3820068,2,malignant,Preprocessed_Dataset/ddsm/ddsm_4377.jpg,train
2.2017689,0.792792,1.8952773,1.0439557,1,benign,Preprocessed_Dataset/ddsm/ddsm_6920.jpg,train
0.47442144,0.74732226,1.5974092,1.0287184,1,benign,Preprocessed_Dataset/cmmd/cmmd_3569.jpg,train
2.2553878,0.7680975,2.3291466,1.7865753,0,normal,Preprocessed_Dataset/ddsm/ddsm_2372.jpg,train
1.7871153,1.6830184,1.842587,1.1527643,2,malignant,Preprocessed_Dataset/ddsm/ddsm_3365.jpg,train
1.9711571,2.0699058,1.5509976,0.77628356,1,benign,Preprocessed_Dataset/ddsm/ddsm_10337.jpg,train
1.004849,1.2204198,1.466945,0.87123436,0,normal,Preprocessed_Dataset/cdd-cesm/cdd-cesm_141.jpg,train
0.58574545,0.70631737,1.6651989,0.7786037,0,normal,Preprocessed_Dataset/kau-bcmd/kau-bcmd_1021.jpg,train
1.1629069,0.9734489,2.05054,1.1453819,0,normal,Preprocessed_Dataset/kau-bcmd/kau-bcmd_1779.jpg,train
0.54089457,1.6659563,1.6772131,2.242618,0,normal,Preprocessed_Dataset/kau-bcmd/kau-bcmd_1450.jpg,train
1.87252,0.73659575,2.270139,1.2059804,1,benign,Preprocessed_Dataset/ddsm/ddsm_10368.jpg,train
2.099266,1.8917027,1.3628964,0.57539487,1,benign,Preprocessed_Dataset/ddsm/ddsm_6475.jpg,train
1.4625049,2.0255167,1.2813649,0.71240765,1,benign,Preprocessed_Dataset/ddsm/ddsm_8213.jpg,train
1.3217865,1.8786201,1.6138332,1.5082841,0,normal,Preprocessed_Dataset/kau-bcmd/kau-bcmd_1034.jpg,train
0.0723418,1.3730545,1.6957368,1.4805642,0,normal,Preprocessed_Dataset/kau-bcmd/kau-bcmd_1796.jpg,train
2.3984618,0.991288,1.7030348,1.9662951,0,normal,Preprocessed_Dataset/ddsm/ddsm_1968.jpg,train
2.146471,2.4298146,1.1520071,0.9289922,0,normal,Preprocessed_Dataset/ddsm/ddsm_1455.jpg,train
0.32365775,0.8775813,1.7208071,0.95333874,2,malignant,Preprocessed_Dataset/cmmd/cmmd_4560.jpg,train
1.9725627,0.963418,2.313794,1.458999,1,benign,Preprocessed_Dataset/ddsm/ddsm_9212.jpg,train
1.9547366,0.91310066,2.1026409,1.4999491,2,malignant,Preprocessed_Dataset/ddsm/ddsm_5852.jpg,train
2.6851044,0.726272,1.909874,1.6390008,0,normal,Preprocessed_Dataset/ddsm/ddsm_1860.jpg,train
1.1289989,2.3273237,1.6529324,2.1836843,0,normal,Preprocessed_Dataset/ddsm/ddsm_645.jpg,train
1.9315629,1.5881423,1.4061852,0.37962663,2,malignant,Preprocessed_Dataset/ddsm/ddsm_3313.jpg,train
0.74359447,1.2566187,2.2216568,1.5182091,1,benign,Preprocessed_Dataset/cdd-cesm/cdd-cesm_313.jpg,train
0.21337533,1.4610578,1.7008913,1.878397,1,benign,Preprocessed_Dataset/cmmd/cmmd_2189.jpg,train
1.7201135,2.1956055,1.0176055,1.199859,0,normal,Preprocessed_Dataset/ddsm/ddsm_2315.jpg,train
1.7986712,2.273397,1.4470472,1.2035055,1,benign,Preprocessed_Dataset/ddsm/ddsm_6819.jpg,train
0.7318484,2.012402,1.3391478,2.4299145,0,normal,Preprocessed_Dataset/dmid/dmid_378.jpg,train
2.2488332,1.8859363,1.7424169,0.8126033,2,malignant,Preprocessed_Dataset/ddsm/ddsm_3921.jpg,train
2.138259,0.40796,1.5756856,1.8933153,1,benign,Preprocessed_Dataset/ddsm/ddsm_9986.jpg,train
0.36490768,0.8141344,1.4399399,0.9185929,0,normal,Preprocessed_Dataset/kau-bcmd/kau-bcmd_2183.jpg,train
1.530958,2.296258,0.90433854,1.4275322,2,malignant,Preprocessed_Dataset/ddsm/ddsm_5423.jpg,train
0.38681728,0.8882451,1.6152786,0.96894133,1,benign,Preprocessed_Dataset/cmmd/cmmd_4414.jpg,train
1.821171,2.1090732,2.6323504,2.0535953,2,malignant,Preprocessed_Dataset/ddsm/ddsm_2881.jpg,train
2.3507807,2.2884932,1.6280398,0.86853147,2,malignant,Preprocessed_Dataset/ddsm/ddsm_2963.jpg,train
0.33264554,0.78273517,1.514208,1.1275184,0,normal,Preprocessed_Dataset/kau-bcmd/kau-bcmd_1964.jpg,train
0.34404993,1.4571657,1.4162568,1.668765,2,malignant,Preprocessed_Dataset/cmmd/cmmd_715.jpg,train
1.7696013,1.7189101,1.3460445,0.98659086,2,malignant,Preprocessed_Dataset/ddsm/ddsm_4797.jpg,train
1.1059229,1.2186118,1.5773436,0.8232134,0,normal,Preprocessed_Dataset/cdd-cesm/cdd-cesm_519.jpg,train
1.4853038,1.668758,2.1605349,1.8817039,0,normal,Preprocessed_Dataset/ddsm/ddsm_473.jpg,train
1.9376267,1.9893454,1.8946755,1.261654,0,normal,Preprocessed_Dataset/ddsm/ddsm_449.jpg,train
2.0068562,0.70995647,2.262797,1.6859195,1,benign,Preprocessed_Dataset/ddsm/ddsm_9348.jpg,train
2.1469772,2.221611,1.2587019,0.7967211,1,benign,Preprocessed_Dataset/ddsm/ddsm_10243.jpg,train
0.6745967,1.7173308,1.6837213,2.33209,0,normal,Preprocessed_Dataset/kau-bcmd/kau-bcmd_1509.jpg,train
0.122151375,0.9500027,1.7032286,1.4097528,0,normal,Preprocessed_Dataset/kau-bcmd/kau-bcmd_907.jpg,train
0.204131,1.4957143,1.6459175,1.8653862,0,normal,Preprocessed_Dataset/kau-bcmd/kau-bcmd_1390.jpg,train
1.2852988,1.4275976,2.0083423,1.4486018,0,normal,Preprocessed_Dataset/cdd-cesm/cdd-cesm_199.jpg,train
1.0431674,1.2767056,2.107804,1.3805674,1,benign,Preprocessed_Dataset/cdd-cesm/cdd-cesm_182.jpg,train
0.36182398,1.5541313,1.6928041,1.9347534,1,benign,Preprocessed_Dataset/cmmd/cmmd_2201.jpg,train
0.36762094,0.8279445,1.5321549,0.7761569,1,benign,Preprocessed_Dataset/cmmd/cmmd_4378.jpg,train
2.0116549,0.37819237,1.435703,1.9587488,1,benign,Preprocessed_Dataset/ddsm/ddsm_7566.jpg,train
2.434617,0.67548454,2.0243514,2.1352563,0,normal,Preprocessed_Dataset/ddsm/ddsm_1952.jpg,train
0.6236744,1.4956876,1.855511,1.7481784,2,malignant,Preprocessed_Dataset/cmmd/cmmd_3130.jpg,train
2.3425844,2.2128239,1.7765036,0.9912112,2,malignant,Preprocessed_Dataset/ddsm/ddsm_4807.jpg,train
0.7038373,0.7178579,1.5681581,0.7097325,0,normal,Preprocessed_Dataset/kau-bcmd/kau-bcmd_1499.jpg,train
1.8607707,2.4207973,1.0264667,1.6173464,0,normal,Preprocessed_Dataset/ddsm/ddsm_203.jpg,train
0.16242898,1.49282,1.4997002,1.6140555,2,malignant,Preprocessed_Dataset/cmmd/cmmd_1913.jpg,train
0.60792917,1.8887656,1.2740377,2.3460073,0,normal,Preprocessed_Dataset/dmid/dmid_90.jpg,train
2.0144496,0.7107379,2.5929172,1.4795116,0,normal,Preprocessed_Dataset/ddsm/ddsm_2616.jpg,train
1.8912818,0.73757327,0.9078194,0.63629925,2,malignant,Preprocessed_Dataset/ddsm/ddsm_2946.jpg,train
0.69023895,1.4979639,1.9810789,1.7455388,2,malignant,Preprocessed_Dataset/cmmd/cmmd_2788.jpg,train
0.83464277,1.6678947,1.8785415,1.834259,0,normal,Preprocessed_Dataset/kau-bcmd/kau-bcmd_948.jpg,train
0.20674634,0.9351642,1.40541,1.1807187,2,malignant,Preprocessed_Dataset/cmmd/cmmd_3647.jpg,train
0.18181586,1.5066786,1.5975631,1.7551866,2,malignant,Preprocessed_Dataset/cmmd/cmmd_1169.jpg,train
1.8410877,1.9556189,1.7866633,1.2203085,1,benign,Preprocessed_Dataset/ddsm/ddsm_10021.jpg,train
1.9676459,2.2102065,1.0316396,0.93360275,0,normal,Preprocessed_Dataset/ddsm/ddsm_1291.jpg,train
1.2094767,0.9297962,1.9317019,1.2670206,2,malignant,Preprocessed_Dataset/ddsm/ddsm_3208.jpg,train
1.1147914,1.9697337,1.8756201,2.1049807,2,malignant,Preprocessed_Dataset/ddsm/ddsm_3773.jpg,train
0.58617103,0.8297614,1.6885731,0.85098785,2,malignant,Preprocessed_Dataset/cmmd/cmmd_4706.jpg,train
1.8285522,1.8137739,1.7708957,1.5006514,1,benign,Preprocessed_Dataset/ddsm/ddsm_9341.jpg,train
1.8940288,1.7289006,2.1719701,1.5476775,1,benign,Preprocessed_Dataset/ddsm/ddsm_8849.jpg,train
0.5136701,1.772043,1.0715339,1.7252406,1,benign,Preprocessed_Dataset/ddsm/ddsm_7407.jpg,train
0.24481845,1.4579773,1.7272899,1.8979793,2,malignant,Preprocessed_Dataset/cmmd/cmmd_3002.jpg,train
1.5842388,2.0529604,1.5051088,1.4090228,2,malignant,Preprocessed_Dataset/ddsm/ddsm_5431.jpg,train
1.9065669,0.7370468,1.9253213,0.91698205,1,benign,Preprocessed_Dataset/ddsm/ddsm_6804.jpg,train
1.2080082,1.3674406,1.5792968,2.1524482,1,benign,Preprocessed_Dataset/cdd-cesm/cdd-cesm_1.jpg,train
1.9829164,0.95203835,2.386652,2.0871012,2,malignant,Preprocessed_Dataset/ddsm/ddsm_4060.jpg,train
1.635009,0.38167214,1.5893716,1.5397751,1,benign,Preprocessed_Dataset/dmid/dmid_27.jpg,train
1.2684858,1.5913959,0.99320865,0.74827737,1,benign,Preprocessed_Dataset/ddsm/ddsm_7311.jpg,train
0.29842287,0.836772,1.3963143,1.1993968,2,malignant,Preprocessed_Dataset/cmmd/cmmd_3830.jpg,train
1.7140236,0.9435144,1.626605,1.5591922,1,benign,Preprocessed_Dataset/ddsm/ddsm_8688.jpg,train
1.6605449,2.142894,1.0641296,0.9072463,2,malignant,Preprocessed_Dataset/ddsm/ddsm_4323.jpg,train
2.0233114,0.6403352,1.6345186,2.0658565,1,benign,Preprocessed_Dataset/ddsm/ddsm_9156.jpg,train
1.8818197,2.528623,1.0516065,1.2489994,2,malignant,Preprocessed_Dataset/ddsm/ddsm_2911.jpg,train
2.0369425,0.9955007,2.0320914,2.1241271,0,normal,Preprocessed_Dataset/ddsm/ddsm_2732.jpg,train
1.9376948,1.5913216,2.1363518,1.1777515,0,normal,Preprocessed_Dataset/ddsm/ddsm_2097.jpg,train
2.3984609,2.4316306,1.0910382,0.90996015,1,benign,Preprocessed_Dataset/ddsm/ddsm_9131.jpg,train
1.6486489,1.0482208,2.2404413,1.28046,2,malignant,Preprocessed_Dataset/ddsm/ddsm_6356.jpg,train
1.5225462,1.8649557,1.5308948,1.3231806,1,benign,Preprocessed_Dataset/ddsm/ddsm_10265.jpg,train
0.27288526,1.5276628,1.5549561,2.011011,2,malignant,Preprocessed_Dataset/cmmd/cmmd_3483.jpg,train
0.5225243,0.8174874,1.6300601,0.82738686,1,benign,Preprocessed_Dataset/cmmd/cmmd_2263.jpg,train
0.35118026,0.81683075,1.4426575,1.0540487,1,benign,Preprocessed_Dataset/cmmd/cmmd_647.jpg,train
2.1980507,0.2911963,1.5456915,2.633364,1,benign,Preprocessed_Dataset/ddsm/ddsm_8080.jpg,train
2.472221,0.53739965,1.1350383,2.1384823,0,normal,Preprocessed_Dataset/ddsm/ddsm_1926.jpg,train
0.1887691,0.9153495,1.6294597,1.1899076,0,normal,Preprocessed_Dataset/kau-bcmd/kau-bcmd_1806.jpg,train
0.38065547,1.5883106,1.6294547,2.079773,0,normal,Preprocessed_Dataset/kau-bcmd/kau-bcmd_2033.jpg,train
0.20334983,1.4712847,1.4885519,1.8508388,0,normal,Preprocessed_Dataset/kau-bcmd/kau-bcmd_1319.jpg,train
2.1904874,0.55233824,2.078057,1.5485736,1,benign,Preprocessed_Dataset/ddsm/ddsm_8168.jpg,train
2.251537,1.8042483,2.3391113,1.0802596,0,normal,Preprocessed_Dataset/ddsm/ddsm_2089.jpg,train
0.34944803,0.9019783,1.6136961,0.8763219,2,malignant,Preprocessed_Dataset/cmmd/cmmd_4931.jpg,train
1.1884898,1.3078582,1.8205853,1.1263707,1,benign,Preprocessed_Dataset/cdd-cesm/cdd-cesm_837.jpg,train
1.712368,1.5846783,2.4771512,1.3270313,1,benign,Preprocessed_Dataset/ddsm/ddsm_9225.jpg,train
2.0355082,0.9697071,2.4005957,1.4773898,0,normal,Preprocessed_Dataset/ddsm/ddsm_1088.jpg,train
1.4863539,1.8038445,2.032864,1.6755006,1,benign,Preprocessed_Dataset/ddsm/ddsm_8337.jpg,train
0.70034987,2.0722136,0.98565215,2.3385074,1,benign,Preprocessed_Dataset/inbreast/inbreast_154.jpg,train
2.5003443,0.7106564,1.1809759,2.1911397,1,benign,Preprocessed_Dataset/ddsm/ddsm_8934.jpg,train
2.5000992,1.1826862,1.4756867,2.0443811,1,benign,Preprocessed_Dataset/cdd-cesm/cdd-cesm_966.jpg,train
0.13821733,1.214728,1.7157245,1.5380961,1,benign,Preprocessed_Dataset/kau-bcmd/kau-bcmd_1621.jpg,train
1.8948286,0.82207495,0.89564234,2.1550586,2,malignant,Preprocessed_Dataset/ddsm/ddsm_5082.jpg,train
1.7533431,1.6452758,2.7702146,1.6347182,2,malignant,Preprocessed_Dataset/ddsm/ddsm_3501.jpg,train
0.23655748,1.3663448,1.624915,1.8960123,2,malignant,Preprocessed_Dataset/cmmd/cmmd_97.jpg,train
2.1258817,0.8342286,1.0111511,1.1422359,0,normal,Preprocessed_Dataset/ddsm/ddsm_290.jpg,train
0.21110368,1.1193209,1.6256554,1.0868187,1,benign,Preprocessed_Dataset/kau-bcmd/kau-bcmd_668.jpg,train
1.6091992,1.8597343,2.3036048,1.7021472,1,benign,Preprocessed_Dataset/ddsm/ddsm_6953.jpg,train
1.6978004,2.0307822,2.300169,1.8059239,0,normal,Preprocessed_Dataset/ddsm/ddsm_113.jpg,train
0.3805523,0.7991648,1.6294055,0.98098516,0,normal,Preprocessed_Dataset/kau-bcmd/kau-bcmd_1260.jpg,train
0.55636543,0.8088486,1.6410588,0.80556643,0,normal,Preprocessed_Dataset/kau-bcmd/kau-bcmd_855.jpg,train
0.23633564,1.1317451,1.6863883,1.1003394,0,normal,Preprocessed_Dataset/kau-bcmd/kau-bcmd_350.jpg,train
0.5931024,0.57819134,1.3781947,1.2088187,2,malignant,Preprocessed_Dataset/cmmd/cmmd_4268.jpg,train
1.9172388,0.9817205,2.5685587,1.5100517,1,benign,Preprocessed_Dataset/ddsm/ddsm_9800.jpg,train
0.26127708,1.7275434,1.0965967,1.5743567,0,normal,Preprocessed_Dataset/dmid/dmid_364.jpg,train
2.3822951,0.9312686,1.9341394,1.8329369,1,benign,Preprocessed_Dataset/ddsm/ddsm_7516.jpg,train
0.37268043,1.5738813,1.5033047,2.0425453,0,normal,Preprocessed_Dataset/kau-bcmd/kau-bcmd_618.jpg,train
0.2477293,0.87265325,1.6160358,1.2256992,1,benign,Preprocessed_Dataset/cmmd/cmmd_152.jpg,train
1.6378073,1.7150633,1.6428146,1.6432945,0,normal,Preprocessed_Dataset/ddsm/ddsm_2157.jpg,train
0.33080608,1.0975242,1.8142806,1.1240346,0,normal,Preprocessed_Dataset/kau-bcmd/kau-bcmd_30.jpg,train
1.4228506,1.7775993,2.22334,1.8764876,2,malignant,Preprocessed_Dataset/ddsm/ddsm_3657.jpg,train
1.5867469,1.6537421,2.052171,1.5164487,1,benign,Preprocessed_Dataset/ddsm/ddsm_10269.jpg,train
1.9848073,0.79662704,2.375495,1.4245496,0,normal,Preprocessed_Dataset/ddsm/ddsm_2264.jpg,train
0.33453137,1.5277033,1.5526354,2.012329,2,malignant,Preprocessed_Dataset/cmmd/cmmd_3054.jpg,train
0.8080861,1.789387,1.8085867,2.2159064,0,normal,Preprocessed_Dataset/kau-bcmd/kau-bcmd_1725.jpg,train
1.7216518,0.56824267,2.338152,2.002767,2,malignant,Preprocessed_Dataset/ddsm/ddsm_3776.jpg,train
1.10911,1.1974204,2.0073256,1.1609907,0,normal,Preprocessed_Dataset/cdd-cesm/cdd-cesm_622.jpg,train
0.35224545,0.93741345,1.8000262,0.8794305,2,malignant,Preprocessed_Dataset/cmmd/cmmd_4779.jpg,train
0.95636433,0.5933979,1.5879141,0.891922,1,benign,Preprocessed_Dataset/dmid/dmid_493.jpg,train
1.7545191,0.79363,2.2165601,1.2114563,1,benign,Preprocessed_Dataset/ddsm/ddsm_10052.jpg,train
1.7931043,0.47044945,1.2665826,1.6222064,0,normal,Preprocessed_Dataset/ddsm/ddsm_838.jpg,train
1.6325958,0.730113,1.025329,1.9056704,2,malignant,Preprocessed_Dataset/ddsm/ddsm_4654.jpg,train
0.3073997,1.1108797,1.6145337,1.065679,1,benign,Preprocessed_Dataset/kau-bcmd/kau-bcmd_287.jpg,train
1.7516593,2.327433,1.2677592,1.2389947,0,normal,Preprocessed_Dataset/ddsm/ddsm_1643.jpg,train
1.1696216,0.7024102,1.9198246,0.48597544,2,malignant,Preprocessed_Dataset/cmmd/cmmd_4616.jpg,train
0.30010325,1.5459371,1.530469,2.0264897,2,malignant,Preprocessed_Dataset/cmmd/cmmd_3314.jpg,train
1.9329227,2.330721,0.5535474,0.88957065,2,malignant,Preprocessed_Dataset/ddsm/ddsm_3071.jpg,train
0.2788105,0.8616641,1.4985738,1.0922459,2,malignant,Preprocessed_Dataset/cmmd/cmmd_4311.jpg,train
2.3536303,2.2349524,1.6933962,1.3306693,0,normal,Preprocessed_Dataset/ddsm/ddsm_2009.jpg,train
1.2304506,1.2275839,1.4526854,1.8484446,1,benign,Preprocessed_Dataset/cdd-cesm/cdd-cesm_791.jpg,train
1.876735,0.8792484,2.7846375,1.1830798,0,normal,Preprocessed_Dataset/ddsm/ddsm_732.jpg,train
0.86899257,0.7050904,1.9485855,0.89622414,0,normal,Preprocessed_Dataset/kau-bcmd/kau-bcmd_1512.jpg,train
2.1370826,0.50934494,1.6246438,0.97186434,1,benign,Preprocessed_Dataset/ddsm/ddsm_8292.jpg,train
1.9106739,0.501236,1.4557573,2.287866,1,benign,Preprocessed_Dataset/ddsm/ddsm_6984.jpg,train
2.2656856,1.9762743,1.3985983,0.78659254,2,malignant,Preprocessed_Dataset/ddsm/ddsm_5975.jpg,train
2.004496,2.146757,0.9861251,0.6926473,1,benign,Preprocessed_Dataset/ddsm/ddsm_7535.jpg,train
0.2268399,0.8448214,1.6510763,1.2500188,0,normal,Preprocessed_Dataset/kau-bcmd/kau-bcmd_1176.jpg,train
0.38492608,0.66512024,1.3065999,1.2077647,0,normal,Preprocessed_Dataset/dmid/dmid_197.jpg,train
1.1284156,1.4097154,1.8716376,0.9332693,0,normal,Preprocessed_Dataset/cdd-cesm/cdd-cesm_742.jpg,train
1.8678867,0.9468874,1.937166,1.7878411,2,malignant,Preprocessed_Dataset/ddsm/ddsm_4692.jpg,train
2.579844,0.41144943,2.165052,2.2115898,1,benign,Preprocessed_Dataset/ddsm/ddsm_6796.jpg,train
0.3118074,0.7949122,1.5187051,1.1254538,0,normal,Preprocessed_Dataset/kau-bcmd/kau-bcmd_1924.jpg,train
1.9612795,0.7456848,1.7054826,2.0719743,1,benign,Preprocessed_Dataset/ddsm/ddsm_9474.jpg,train
1.5462004,0.9774029,2.28464,1.4914883,2,malignant,Preprocessed_Dataset/ddsm/ddsm_3940.jpg,train
2.3631687,0.51862586,0.3544501,1.7250277,0,normal,Preprocessed_Dataset/ddsm/ddsm_2750.jpg,train
1.2593695,0.4770525,1.1004361,0.9867939,1,benign,Preprocessed_Dataset/dmid/dmid_135.jpg,train
0.96182656,1.7151614,1.7176112,2.1684432,1,benign,Preprocessed_Dataset/ddsm/ddsm_8409.jpg,train
0.19116545,1.4154812,1.7307085,1.8868067,2,malignant,Preprocessed_Dataset/cmmd/cmmd_3222.jpg,train
0.4450128,1.5819211,1.5473897,2.125799,2,malignant,Preprocessed_Dataset/cmmd/cmmd_3226.jpg,train
0.7183561,0.46354276,1.0042462,1.0885725,1,benign,Preprocessed_Dataset/inbreast/inbreast_240.jpg,train
1.5902058,1.9066088,1.9083068,1.3100489,1,benign,Preprocessed_Dataset/ddsm/ddsm_9163.jpg,train
0.32289213,0.69571185,1.2434407,1.4797013,1,benign,Preprocessed_Dataset/cmmd/cmmd_462.jpg,train
0.3798731,1.6852661,1.3099105,1.8894264,2,malignant,Preprocessed_Dataset/cmmd/cmmd_2010.jpg,train
0.573395,0.61821824,1.4852808,0.9846146,1,benign,Preprocessed_Dataset/cmmd/cmmd_597.jpg,train
1.4164672,1.2331173,0.7675431,0.18214273,2,malignant,Preprocessed_Dataset/ddsm/ddsm_6188.jpg,train
0.3854158,1.573456,1.5485605,1.943709,2,malignant,Preprocessed_Dataset/cmmd/cmmd_1195.jpg,train
1.748974,2.2554817,1.0338105,0.90696573,0,normal,Preprocessed_Dataset/ddsm/ddsm_1307.jpg,train
2.1930625,0.6617154,1.6386616,2.1804438,1,benign,Preprocessed_Dataset/ddsm/ddsm_8682.jpg,train
2.0430088,0.8331574,1.7456298,0.74478894,0,normal,Preprocessed_Dataset/ddsm/ddsm_1908.jpg,train
2.1008382,0.99626243,1.9484181,1.5459125,1,benign,Preprocessed_Dataset/ddsm/ddsm_7552.jpg,train
1.2601333,0.97521347,1.4026924,1.7552084,0,normal,Preprocessed_Dataset/cdd-cesm/cdd-cesm_771.jpg,train
0.3562935,0.9179731,1.5953877,0.89634234,2,malignant,Preprocessed_Dataset/cmmd/cmmd_4084.jpg,train
1.9671155,0.797634,1.8954906,0.73389643,2,malignant,Preprocessed_Dataset/ddsm/ddsm_5052.jpg,train
1.2735429,1.821378,1.5512156,1.2634587,0,normal,Preprocessed_Dataset/kau-bcmd/kau-bcmd_1962.jpg,train
0.73239,1.7314894,1.8670453,1.9785535,2,malignant,Preprocessed_Dataset/cmmd/cmmd_3290.jpg,train
0.6263403,0.69711906,1.5655576,0.86281586,1,benign,Preprocessed_Dataset/inbreast/inbreast_49.jpg,train
0.35583776,0.7645605,1.5811355,1.0534514,0,normal,Preprocessed_Dataset/kau-bcmd/kau-bcmd_1393.jpg,train
0.26457387,1.1319,1.7557915,1.070314,1,benign,Preprocessed_Dataset/kau-bcmd/kau-bcmd_935.jpg,train
1.5811346,0.7746774,1.8577263,1.7161095,1,benign,Preprocessed_Dataset/ddsm/ddsm_7132.jpg,train
1.3633274,0.71121204,1.9089237,1.2965953,2,malignant,Preprocessed_Dataset/ddsm/ddsm_5536.jpg,train
0.27994114,1.5184972,1.4772267,1.9968812,1,benign,Preprocessed_Dataset/cmmd/cmmd_2142.jpg,train
1.9480243,1.9420888,2.2451732,1.5393431,0,normal,Preprocessed_Dataset/ddsm/ddsm_849.jpg,train
2.0921936,2.4414783,0.7456323,1.058088,0,normal,Preprocessed_Dataset/ddsm/ddsm_1855.jpg,train
0.5756192,1.6474584,1.569189,2.110344,0,normal,Preprocessed_Dataset/kau-bcmd/kau-bcmd_1705.jpg,train
0.30537534,0.8968732,1.5428042,0.8189741,2,malignant,Preprocessed_Dataset/cmmd/cmmd_2101.jpg,train
1.617299,2.07144,1.8767416,1.0089086,2,malignant,Preprocessed_Dataset/ddsm/ddsm_4633.jpg,train
0.8389274,0.7551193,1.5458905,0.7762419,0,normal,Preprocessed_Dataset/kau-bcmd/kau-bcmd_163.jpg,train
1.2343856,1.3729856,1.587287,0.89052457,1,benign,Preprocessed_Dataset/cdd-cesm/cdd-cesm_277.jpg,train
1.7285028,2.379328,1.6472867,1.5261332,1,benign,Preprocessed_Dataset/ddsm/ddsm_6927.jpg,train
2.360166,2.32882,1.21804,0.8927437,2,malignant,Preprocessed_Dataset/ddsm/ddsm_4387.jpg,train
1.1269644,1.2138017,1.9268601,1.7313923,0,normal,Preprocessed_Dataset/cdd-cesm/cdd-cesm_38.jpg,train
1.403344,2.1624386,1.7790937,2.1978965,0,normal,Preprocessed_Dataset/ddsm/ddsm_1931.jpg,train
1.3348334,2.2631304,1.2762228,1.4883492,0,normal,Preprocessed_Dataset/ddsm/ddsm_1209.jpg,train
0.28379017,1.2735378,1.6810167,1.4094617,0,normal,Preprocessed_Dataset/kau-bcmd/kau-bcmd_209.jpg,train
0.13785636,1.4577388,1.3895924,1.6122801,2,malignant,Preprocessed_Dataset/cmmd/cmmd_2604.jpg,train
2.2552397,1.955843,0.9968551,1.1223443,0,normal,Preprocessed_Dataset/ddsm/ddsm_2039.jpg,train
0.25080788,1.559947,1.6068792,1.9148942,2,malignant,Preprocessed_Dataset/cmmd/cmmd_3190.jpg,train
0.16813958,1.1089338,1.6636003,1.1914747,1,benign,Preprocessed_Dataset/kau-bcmd/kau-bcmd_1077.jpg,train
0.28068346,1.46654,1.8086534,2.0107205,1,benign,Preprocessed_Dataset/cmmd/cmmd_2350.jpg,train
1.6495004,1.7647336,2.226365,1.5527489,0,normal,Preprocessed_Dataset/ddsm/ddsm_2145.jpg,train
1.1086284,1.894946,1.2586693,1.4261233,0,normal,Preprocessed_Dataset/kau-bcmd/kau-bcmd_2180.jpg,train
1.4884337,2.2331722,1.1590546,1.173853,0,normal,Preprocessed_Dataset/ddsm/ddsm_831.jpg,train
1.705521,2.2293124,0.99141735,1.0902498,1,benign,Preprocessed_Dataset/ddsm/ddsm_8351.jpg,train
0.98106754,0.25877512,1.4177169,0.872989,0,normal,Preprocessed_Dataset/inbreast/inbreast_387.jpg,train
0.3602093,1.7312973,1.4442234,2.0885491,1,benign,Preprocessed_Dataset/cmmd/cmmd_2156.jpg,train
2.0315495,2.3026214,0.8750924,0.92301774,1,benign,Preprocessed_Dataset/ddsm/ddsm_8475.jpg,train
1.5326809,1.6706712,2.3280945,1.6951365,0,normal,Preprocessed_Dataset/ddsm/ddsm_481.jpg,train
0.26957387,1.515715,1.564616,1.9447045,0,normal,Preprocessed_Dataset/kau-bcmd/kau-bcmd_1267.jpg,train
1.9408838,0.92191106,0.8605203,2.031006,2,malignant,Preprocessed_Dataset/ddsm/ddsm_2830.jpg,train
0.45807046,1.5627725,1.6354415,2.05005,0,normal,Preprocessed_Dataset/kau-bcmd/kau-bcmd_902.jpg,train
1.1872559,0.8459437,2.1650348,0.924597,2,malignant,Preprocessed_Dataset/ddsm/ddsm_4556.jpg,train
1.903934,0.68601984,1.4194943,1.8729448,2,malignant,Preprocessed_Dataset/ddsm/ddsm_4006.jpg,train
0.15162838,0.9329658,1.4694577,1.3235236,1,benign,Preprocessed_Dataset/cmmd/cmmd_589.jpg,train
1.1280756,0.34035885,0.90010303,0.8415022,1,benign,Preprocessed_Dataset/inbreast/inbreast_67.jpg,train
2.0807471,0.7361459,1.9401094,0.5029906,0,normal,Preprocessed_Dataset/ddsm/ddsm_2600.jpg,train
1.5935287,0.6644487,2.083622,0.6149307,1,benign,Preprocessed_Dataset/ddsm/ddsm_8248.jpg,train
1.3163257,2.0514758,1.5965441,1.8678677,2,malignant,Preprocessed_Dataset/ddsm/ddsm_3875.jpg,train
1.4544542,2.0651793,1.6949575,1.929464,1,benign,Preprocessed_Dataset/ddsm/ddsm_9301.jpg,train
1.9750614,1.7609993,2.0905125,1.3585358,1,benign,Preprocessed_Dataset/ddsm/ddsm_10237.jpg,train
0.5725159,0.7297757,1.496178,0.8288854,0,normal,Preprocessed_Dataset/kau-bcmd/kau-bcmd_923.jpg,train
1.6734935,1.0963589,2.494566,0.755392,2,malignant,Preprocessed_Dataset/ddsm/ddsm_5653.jpg,train
0.3099031,1.4768236,1.5614244,2.050208,0,normal,Preprocessed_Dataset/kau-bcmd/kau-bcmd_1115.jpg,train
0.95174694,1.1055375,1.9801884,1.2724649,0,normal,Preprocessed_Dataset/cdd-cesm/cdd-cesm_349.jpg,train
1.7507224,2.5280087,0.67754424,1.7630183,2,malignant,Preprocessed_Dataset/ddsm/ddsm_3131.jpg,train
0.46165216,0.5562131,0.9384184,1.5860703,1,benign,Preprocessed_Dataset/dmid/dmid_89.jpg,train
1.2912779,0.6570386,1.2407143,1.1877029,0,normal,Preprocessed_Dataset/kau-bcmd/kau-bcmd_895.jpg,train
0.21874297,1.4835128,1.5300387,1.8320079,2,malignant,Preprocessed_Dataset/cmmd/cmmd_1239.jpg,train
0.19948459,1.5950133,1.2988098,1.6960776,2,malignant,Preprocessed_Dataset/cmmd/cmmd_1722.jpg,train
0.5670892,1.9763395,1.2187705,2.100051,0,normal,Preprocessed_Dataset/dmid/dmid_159.jpg,train
1.5507548,1.6611438,0.9385865,0.7917995,1,benign,Preprocessed_Dataset/ddsm/ddsm_10307.jpg,train
0.9640847,1.6818782,1.2166433,1.3399308,2,malignant,Preprocessed_Dataset/ddsm/ddsm_4067.jpg,train
1.8153949,2.108954,1.3522232,1.2996646,1,benign,Preprocessed_Dataset/ddsm/ddsm_6971.jpg,train
1.7799757,0.6773007,1.4095681,2.0108757,0,normal,Preprocessed_Dataset/ddsm/ddsm_2538.jpg,train
2.459999,0.4371286,1.3545129,2.2672882,2,malignant,Preprocessed_Dataset/ddsm/ddsm_4582.jpg,train
0.23831272,0.81521297,1.3737448,1.4116884,2,malignant,Preprocessed_Dataset/cmmd/cmmd_3578.jpg,train
1.5697595,2.2171347,1.5277518,1.3164381,1,benign,Preprocessed_Dataset/ddsm/ddsm_7647.jpg,train
1.8923051,0.9780101,2.0529888,1.0240161,1,benign,Preprocessed_Dataset/ddsm/ddsm_8140.jpg,train
2.2441506,0.85221195,2.2496307,1.4092823,1,benign,Preprocessed_Dataset/ddsm/ddsm_8472.jpg,train
1.8001649,0.95975316,2.0349212,1.02897,1,benign,Preprocessed_Dataset/ddsm/ddsm_7548.jpg,train
0.18188822,1.4734205,1.5497836,1.691446,2,malignant,Preprocessed_Dataset/cmmd/cmmd_2909.jpg,train
2.385953,0.83557385,2.747941,0.8160823,0,normal,Preprocessed_Dataset/ddsm/ddsm_300.jpg,train
0.3626144,0.74358624,1.4345984,1.1761935,2,malignant,Preprocessed_Dataset/cmmd/cmmd_3896.jpg,train
1.2213441,0.43859714,1.3321959,1.3479904,2,malignant,Preprocessed_Dataset/ddsm/ddsm_2908.jpg,train
2.1295416,0.7265922,1.2138817,2.0610313,1,benign,Preprocessed_Dataset/ddsm/ddsm_7138.jpg,train
1.6744763,2.137783,0.6154303,1.2714877,1,benign,Preprocessed_Dataset/ddsm/ddsm_9755.jpg,train
0.30856234,0.9121213,1.6126324,0.8643818,1,benign,Preprocessed_Dataset/cmmd/cmmd_2449.jpg,train
1.294679,1.1327709,1.7440671,1.7264607,1,benign,Preprocessed_Dataset/cdd-cesm/cdd-cesm_7.jpg,train
1.113554,0.609554,1.8372546,0.7974054,0,normal,Preprocessed_Dataset/kau-bcmd/kau-bcmd_1831.jpg,train
2.1244836,0.46945882,1.3251832,1.8947828,1,benign,Preprocessed_Dataset/ddsm/ddsm_8082.jpg,train
0.11364353,1.444649,1.4544001,1.5348397,2,malignant,Preprocessed_Dataset/cmmd/cmmd_773.jpg,train
0.50958294,1.6090419,1.3402505,1.9077208,2,malignant,Preprocessed_Dataset/cmmd/cmmd_1712.jpg,train
2.1689067,0.61140484,2.4118543,2.0199962,0,normal,Preprocessed_Dataset/ddsm/ddsm_2440.jpg,train
2.381887,2.5987353,1.389507,0.8541172,2,malignant,Preprocessed_Dataset/ddsm/ddsm_4679.jpg,train
2.286158,0.6410039,2.2158546,0.9677651,0,normal,Preprocessed_Dataset/ddsm/ddsm_1168.jpg,train
1.8738062,0.76501507,2.2606986,1.3327174,2,malignant,Preprocessed_Dataset/ddsm/ddsm_4588.jpg,train
1.489963,0.8096217,1.9893382,0.8616854,0,normal,Preprocessed_Dataset/ddsm/ddsm_828.jpg,train
2.5374832,0.63285124,1.8130337,2.1200125,0,normal,Preprocessed_Dataset/ddsm/ddsm_2196.jpg,train
2.2557502,0.3647169,1.464856,2.0519965,1,benign,Preprocessed_Dataset/ddsm/ddsm_8572.jpg,train
2.0739982,0.8008485,1.6363238,2.0653167,1,benign,Preprocessed_Dataset/ddsm/ddsm_8922.jpg,train
1.7503552,0.7154099,0.65620387,1.9365876,1,benign,Preprocessed_Dataset/ddsm/ddsm_8998.jpg,train
1.95702,0.96141875,2.535142,1.2535527,1,benign,Preprocessed_Dataset/ddsm/ddsm_10240.jpg,train
0.27563405,1.1056125,1.7122717,1.1092006,0,normal,Preprocessed_Dataset/kau-bcmd/kau-bcmd_435.jpg,train
1.7843499,0.6863204,0.60177416,1.8432951,1,benign,Preprocessed_Dataset/ddsm/ddsm_7798.jpg,train
1.950005,2.2655907,1.0613123,0.7159695,1,benign,Preprocessed_Dataset/ddsm/ddsm_8239.jpg,train
1.7839777,1.936292,1.8323025,1.5017016,1,benign,Preprocessed_Dataset/ddsm/ddsm_7825.jpg,train
0.55749846,1.6892754,1.5031875,2.059319,0,normal,Preprocessed_Dataset/kau-bcmd/kau-bcmd_1370.jpg,train
1.2978806,1.3297079,1.36535,0.6138457,0,normal,Preprocessed_Dataset/cdd-cesm/cdd-cesm_285.jpg,train
1.7993698,1.8601313,2.4055145,1.8017963,1,benign,Preprocessed_Dataset/ddsm/ddsm_7677.jpg,train
0.2739039,1.5888239,1.4713261,1.7772099,2,malignant,Preprocessed_Dataset/cmmd/cmmd_1148.jpg,train
1.4603081,2.1301422,1.7049806,2.1235304,1,benign,Preprocessed_Dataset/ddsm/ddsm_10187.jpg,train
0.13496125,1.486749,1.551485,1.5879942,2,malignant,Preprocessed_Dataset/cmmd/cmmd_1641.jpg,train
0.42272502,1.4883487,1.6995232,2.1876905,2,malignant,Preprocessed_Dataset/cmmd/cmmd_1859.jpg,train
2.0105882,2.0587692,1.9628046,1.315628,2,malignant,Preprocessed_Dataset/ddsm/ddsm_5105.jpg,train
0.10817361,1.427825,1.4597542,1.5343572,1,benign,Preprocessed_Dataset/cmmd/cmmd_1967.jpg,train
0.15802467,1.5023149,1.4078453,1.6234934,2,malignant,Preprocessed_Dataset/cmmd/cmmd_3216.jpg,train
0.10414362,1.4376264,1.5752151,1.5372878,2,malignant,Preprocessed_Dataset/cmmd/cmmd_1592.jpg,train
0.20315766,1.5848585,1.4479811,1.7588336,1,benign,Preprocessed_Dataset/cmmd/cmmd_359.jpg,train
2.07709,0.30471194,1.4493707,1.5656639,1,benign,Preprocessed_Dataset/ddsm/ddsm_8198.jpg,train
0.3954538,0.64237547,1.1706977,1.2449106,1,benign,Preprocessed_Dataset/dmid/dmid_481.jpg,train
0.34960932,0.71380043,1.5907999,1.0607347,1,benign,Preprocessed_Dataset/dmid/dmid_431.jpg,train
1.6649297,2.01766,0.94264394,1.4181279,1,benign,Preprocessed_Dataset/ddsm/ddsm_6595.jpg,train
0.3131361,0.81135297,1.5736558,1.0715466,2,malignant,Preprocessed_Dataset/cmmd/cmmd_1826.jpg,train
1.8085766,0.92356884,2.0958748,1.7765115,1,benign,Preprocessed_Dataset/ddsm/ddsm_10204.jpg,train
0.6740011,1.7134047,1.8403502,2.0209882,0,normal,Preprocessed_Dataset/kau-bcmd/kau-bcmd_1630.jpg,train
0.23232102,1.4996817,1.799648,1.8101401,1,benign,Preprocessed_Dataset/cmmd/cmmd_1957.jpg,train
0.43329018,0.8179723,1.3261491,0.9903478,2,malignant,Preprocessed_Dataset/cmmd/cmmd_4067.jpg,train
1.1924279,0.32206672,1.1531582,1.2686337,1,benign,Preprocessed_Dataset/dmid/dmid_185.jpg,train
0.29808772,0.9579743,1.5225134,0.9206799,2,malignant,Preprocessed_Dataset/cmmd/cmmd_3980.jpg,train
1.8367672,2.4406738,0.73408425,1.220672,0,normal,Preprocessed_Dataset/ddsm/ddsm_311.jpg,train
1.1086606,1.2528845,1.7205702,0.7878522,0,normal,Preprocessed_Dataset/cdd-cesm/cdd-cesm_13.jpg,train
2.833479,0.36439496,1.2508161,2.1716356,0,normal,Preprocessed_Dataset/ddsm/ddsm_2014.jpg,train
0.2928825,1.5951589,1.5905639,2.0164375,0,normal,Preprocessed_Dataset/kau-bcmd/kau-bcmd_1828.jpg,train
2.1529577,0.86841404,2.1109517,1.1715552,1,benign,Preprocessed_Dataset/ddsm/ddsm_8820.jpg,train
1.9285622,0.79937077,2.392956,1.0421427,2,malignant,Preprocessed_Dataset/ddsm/ddsm_3432.jpg,train
1.8454576,0.7341363,2.314322,1.0645295,0,normal,Preprocessed_Dataset/ddsm/ddsm_1212.jpg,train
0.4331059,1.6268327,1.7233719,2.191411,0,normal,Preprocessed_Dataset/kau-bcmd/kau-bcmd_1215.jpg,train
0.19146109,0.91593456,1.4878312,1.2432309,2,malignant,Preprocessed_Dataset/cmmd/cmmd_210.jpg,train
2.155783,0.42691135,1.1738927,2.0226479,0,normal,Preprocessed_Dataset/ddsm/ddsm_890.jpg,train
1.6135434,0.849536,1.9907072,1.2602648,1,benign,Preprocessed_Dataset/ddsm/ddsm_9036.jpg,train
2.538446,0.61240524,1.0987766,2.1688066,0,normal,Preprocessed_Dataset/ddsm/ddsm_2378.jpg,train
1.0059104,2.1674905,1.7227465,2.3659005,0,normal,Preprocessed_Dataset/inbreast/inbreast_227.jpg,train
2.0170748,0.61641496,2.0117779,0.79328054,2,malignant,Preprocessed_Dataset/ddsm/ddsm_6292.jpg,train
1.6792142,1.8017716,1.117717,1.0951647,2,malignant,Preprocessed_Dataset/ddsm/ddsm_4089.jpg,train
1.3582382,0.4492284,1.4859291,0.2887708,1,benign,Preprocessed_Dataset/inbreast/inbreast_201.jpg,train
0.26123953,1.5459727,1.5562207,1.8802469,2,malignant,Preprocessed_Dataset/cmmd/cmmd_214.jpg,train
0.34161013,1.4879353,1.6769619,1.9576361,2,malignant,Preprocessed_Dataset/cmmd/cmmd_3014.jpg,train
1.8212893,2.3963952,1.4047908,1.4238589,0,normal,Preprocessed_Dataset/ddsm/ddsm_1027.jpg,train
1.605308,2.2429984,1.3006446,1.2463995,1,benign,Preprocessed_Dataset/ddsm/ddsm_7743.jpg,train
1.3474157,1.8965218,2.0177157,1.4988722,2,malignant,Preprocessed_Dataset/ddsm/ddsm_3561.jpg,train
1.3263816,2.4316597,1.1796203,1.4900336,1,benign,Preprocessed_Dataset/ddsm/ddsm_7165.jpg,train
2.0440722,0.22806203,0.30458856,1.2312135,2,malignant,Preprocessed_Dataset/ddsm/ddsm_2878.jpg,train
2.4071305,0.36023605,1.5260189,1.6176946,0,normal,Preprocessed_Dataset/ddsm/ddsm_1762.jpg,train
1.6898997,2.2438455,1.7767056,1.620184,0,normal,Preprocessed_Dataset/ddsm/ddsm_127.jpg,train
2.2300744,0.4536606,1.4110724,2.0791166,0,normal,Preprocessed_Dataset/ddsm/ddsm_406.jpg,train
0.38118798,1.685722,1.3038908,1.8239062,2,malignant,Preprocessed_Dataset/cmmd/cmmd_1197.jpg,train
0.4735741,0.7835158,1.6321874,1.1054244,2,malignant,Preprocessed_Dataset/cmmd/cmmd_4201.jpg,train
1.6457862,0.7151773,2.1863382,1.5972145,2,malignant,Preprocessed_Dataset/ddsm/ddsm_4100.jpg,train
1.3186815,1.1624287,2.3753395,1.5431134,2,malignant,Preprocessed_Dataset/ddsm/ddsm_4852.jpg,train
0.3776359,0.6154957,1.3318838,1.1786252,1,benign,Preprocessed_Dataset/inbreast/inbreast_381.jpg,train
2.265437,0.49211562,1.1653953,1.7577816,1,benign,Preprocessed_Dataset/ddsm/ddsm_9550.jpg,train
2.2291489,0.5097514,1.0123918,1.9524701,1,benign,Preprocessed_Dataset/ddsm/ddsm_6730.jpg,train
2.2438254,0.5929354,0.43610907,1.9991242,2,malignant,Preprocessed_Dataset/ddsm/ddsm_3842.jpg,train
2.2657511,1.8002377,1.6745492,0.9451962,1,benign,Preprocessed_Dataset/ddsm/ddsm_7905.jpg,train
0.40157318,0.7745898,1.3803306,1.072136,2,malignant,Preprocessed_Dataset/cmmd/cmmd_928.jpg,train
0.16014397,1.4635597,1.7450571,1.653388,2,malignant,Preprocessed_Dataset/cmmd/cmmd_3105.jpg,train
1.9721966,0.42008114,1.0249634,1.6834769,2,malignant,Preprocessed_Dataset/ddsm/ddsm_3722.jpg,train
2.3975103,0.79382074,1.3876493,2.4105432,2,malignant,Preprocessed_Dataset/ddsm/ddsm_3554.jpg,train
1.4304726,1.6805198,1.908971,1.3537138,1,benign,Preprocessed_Dataset/ddsm/ddsm_9293.jpg,train
0.13625968,1.4953918,1.3936216,1.5476825,2,malignant,Preprocessed_Dataset/cmmd/cmmd_1527.jpg,train
0.26754677,0.7155117,1.284936,1.4279397,2,malignant,Preprocessed_Dataset/inbreast/inbreast_339.jpg,train
0.1917721,1.5277078,1.5904182,1.7962668,0,normal,Preprocessed_Dataset/kau-bcmd/kau-bcmd_1942.jpg,train
0.92205435,0.42331612,1.9621668,0.67092586,2,malignant,Preprocessed_Dataset/cmmd/cmmd_2778.jpg,train
0.10086894,0.9981547,1.4450603,1.5341797,2,malignant,Preprocessed_Dataset/cmmd/cmmd_2791.jpg,train
0.4385699,0.75511974,1.3761419,1.0680485,2,malignant,Preprocessed_Dataset/cmmd/cmmd_3664.jpg,train
1.7244925,2.363052,0.70521945,1.3127092,2,malignant,Preprocessed_Dataset/ddsm/ddsm_6047.jpg,train
1.599008,1.9112118,1.002501,0.9484807,1,benign,Preprocessed_Dataset/ddsm/ddsm_9661.jpg,train
2.5365882,0.60086995,1.8937385,2.1129637,1,benign,Preprocessed_Dataset/ddsm/ddsm_7454.jpg,train
1.6322013,0.9456408,2.45828,1.7461833,2,malignant,Preprocessed_Dataset/ddsm/ddsm_3932.jpg,train
2.3244567,0.65181917,1.2542282,1.854939,1,benign,Preprocessed_Dataset/ddsm/ddsm_10012.jpg,train
1.7849832,0.79612094,2.4428625,1.2030393,0,normal,Preprocessed_Dataset/ddsm/ddsm_1344.jpg,train
2.6205547,0.38948524,0.8719773,2.170334,0,normal,Preprocessed_Dataset/ddsm/ddsm_2346.jpg,train
2.5399752,0.3337273,1.1634378,2.1245906,0,normal,Preprocessed_Dataset/ddsm/ddsm_2166.jpg,train
0.9038371,0.4029706,1.3883823,0.52684337,1,benign,Preprocessed_Dataset/inbreast/inbreast_175.jpg,train
0.70848835,2.1342797,0.8214771,1.9721806,2,malignant,Preprocessed_Dataset/inbreast/inbreast_312.jpg,train
1.8051589,0.508311,1.246008,1.6223854,0,normal,Preprocessed_Dataset/ddsm/ddsm_2530.jpg,train
1.4518089,0.8316945,0.9022338,1.7310404,2,malignant,Preprocessed_Dataset/ddsm/ddsm_3334.jpg,train
1.6559223,2.2868395,0.6221757,1.1358896,1,benign,Preprocessed_Dataset/ddsm/ddsm_7587.jpg,train
1.844799,0.5412924,0.40110302,1.5653198,1,benign,Preprocessed_Dataset/ddsm/ddsm_7786.jpg,train
1.5210966,2.0447724,1.7815828,1.8063099,0,normal,Preprocessed_Dataset/ddsm/ddsm_933.jpg,train
0.42146552,0.81195307,1.6515433,0.7794894,2,malignant,Preprocessed_Dataset/cmmd/cmmd_2562.jpg,train
2.1071787,1.1666285,1.2609298,0.8762359,1,benign,Preprocessed_Dataset/ddsm/ddsm_7118.jpg,train
2.2915945,0.15059054,0.69610274,1.4643062,2,malignant,Preprocessed_Dataset/ddsm/ddsm_3410.jpg,train
2.5408006,2.5182462,1.4856827,0.7447259,2,malignant,Preprocessed_Dataset/ddsm/ddsm_2975.jpg,train
2.058685,0.710759,1.5986902,2.1234436,2,malignant,Preprocessed_Dataset/ddsm/ddsm_3714.jpg,train
1.0323595,1.76295,1.7038469,1.852134,0,normal,Preprocessed_Dataset/kau-bcmd/kau-bcmd_722.jpg,train
0.3345793,0.7773879,1.5697445,1.0827649,0,normal,Preprocessed_Dataset/kau-bcmd/kau-bcmd_1891.jpg,train
2.3075182,1.8985772,1.1376365,0.91649765,2,malignant,Preprocessed_Dataset/ddsm/ddsm_5083.jpg,train
1.998858,1.0840843,2.3524256,1.338216,1,benign,Preprocessed_Dataset/ddsm/ddsm_8116.jpg,train
1.9234188,1.7716823,1.2142779,1.2036119,1,benign,Preprocessed_Dataset/ddsm/ddsm_9649.jpg,train
0.2203852,1.4915872,1.4376335,1.816843,1,benign,Preprocessed_Dataset/cmmd/cmmd_2300.jpg,train
1.9957856,0.7563462,1.534869,2.2079723,1,benign,Preprocessed_Dataset/ddsm/ddsm_8390.jpg,train
1.8915341,0.9720235,2.189931,1.1818057,1,benign,Preprocessed_Dataset/ddsm/ddsm_9428.jpg,train
1.2153927,1.1724515,1.9518718,1.4343,0,normal,Preprocessed_Dataset/cdd-cesm/cdd-cesm_613.jpg,train
0.7917085,1.3962134,1.3955642,1.0310911,2,malignant,Preprocessed_Dataset/ddsm/ddsm_4123.jpg,train
0.42019898,0.8224527,1.1527604,1.2690887,2,malignant,Preprocessed_Dataset/cmmd/cmmd_123.jpg,train
0.36569643,0.84742314,1.5369655,0.8629393,0,normal,Preprocessed_Dataset/kau-bcmd/kau-bcmd_455.jpg,train
2.352347,0.54826075,1.0615149,1.3865253,0,normal,Preprocessed_Dataset/ddsm/ddsm_286.jpg,train
2.254994,0.2381674,2.158148,1.2497612,2,malignant,Preprocessed_Dataset/ddsm/ddsm_3736.jpg,train
0.7976334,1.7466795,1.7294186,2.004488,0,normal,Preprocessed_Dataset/kau-bcmd/kau-bcmd_181.jpg,train
2.4194217,2.1524062,1.4637617,0.57182384,0,normal,Preprocessed_Dataset/ddsm/ddsm_1759.jpg,train
1.8727946,1.9255162,2.0076761,1.3949902,1,benign,Preprocessed_Dataset/ddsm/ddsm_9369.jpg,train
2.002355,2.287048,1.6056324,1.5447037,0,normal,Preprocessed_Dataset/ddsm/ddsm_443.jpg,train
1.9151747,2.314539,1.8196436,1.7214115,0,normal,Preprocessed_Dataset/ddsm/ddsm_613.jpg,train
1.8162364,1.8525419,1.9466162,1.4061184,2,malignant,Preprocessed_Dataset/ddsm/ddsm_4169.jpg,train
1.1035779,1.2832395,1.963133,1.1046734,2,malignant,Preprocessed_Dataset/cdd-cesm/cdd-cesm_627.jpg,train
0.26851332,0.79870236,1.3321451,1.3442272,2,malignant,Preprocessed_Dataset/cmmd/cmmd_4299.jpg,train
2.0448873,2.210023,1.3370069,0.7583154,0,normal,Preprocessed_Dataset/ddsm/ddsm_1195.jpg,train
0.3182522,0.9188638,1.6728314,0.8789078,1,benign,Preprocessed_Dataset/cmmd/cmmd_1969.jpg,train
2.3286233,0.677908,0.9104899,2.3584874,2,malignant,Preprocessed_Dataset/ddsm/ddsm_2978.jpg,train
2.2552295,0.72825253,2.106537,0.9068466,0,normal,Preprocessed_Dataset/ddsm/ddsm_60.jpg,train
0.5120065,2.0289485,1.1086736,2.3279173,1,benign,Preprocessed_Dataset/inbreast/inbreast_155.jpg,train
0.42107964,0.6321318,1.5483251,1.1094704,2,malignant,Preprocessed_Dataset/cmmd/cmmd_2603.jpg,train
0.36463165,0.83018655,1.6749457,0.94144684,2,malignant,Preprocessed_Dataset/cmmd/cmmd_2692.jpg,train
0.35645747,0.74293166,1.415588,1.0155659,1,benign,Preprocessed_Dataset/cmmd/cmmd_2170.jpg,train
2.1143134,0.8392621,2.3322866,1.2276634,1,benign,Preprocessed_Dataset/ddsm/ddsm_9368.jpg,train
1.7507,0.82930595,1.9140089,1.0022355,0,normal,Preprocessed_Dataset/ddsm/ddsm_28.jpg,train
2.2473962,2.131448,0.62699234,0.68945473,0,normal,Preprocessed_Dataset/ddsm/ddsm_1963.jpg,train
1.2187277,0.58163077,1.6788008,0.72436416,1,benign,Preprocessed_Dataset/inbreast/inbreast_158.jpg,train
0.12325382,1.4025025,1.5807781,1.6571772,2,malignant,Preprocessed_Dataset/cmmd/cmmd_2801.jpg,train
0.81087065,0.3440314,1.0404441,0.9005882,2,malignant,Preprocessed_Dataset/inbreast/inbreast_364.jpg,train
1.6084367,1.8737284,1.4560859,1.040964,1,benign,Preprocessed_Dataset/ddsm/ddsm_9545.jpg,train
1.5997874,2.138986,1.753083,1.1780176,1,benign,Preprocessed_Dataset/ddsm/ddsm_9297.jpg,train
1.8302776,2.4289613,1.3525308,1.7660125,0,normal,Preprocessed_Dataset/ddsm/ddsm_195.jpg,train
0.2398051,1.5329499,1.5788752,1.9375927,2,malignant,Preprocessed_Dataset/cmmd/cmmd_1643.jpg,train
0.23413944,1.4926326,1.5993137,1.8558986,2,malignant,Preprocessed_Dataset/cmmd/cmmd_2065.jpg,train
2.170608,0.62471455,0.89508474,1.6794935,0,normal,Preprocessed_Dataset/ddsm/ddsm_1010.jpg,train
0.25084794,1.5623248,1.4193372,1.8341872,2,malignant,Preprocessed_Dataset/cmmd/cmmd_1622.jpg,train
0.5719999,1.6684978,1.6770691,2.159669,1,benign,Preprocessed_Dataset/cmmd/cmmd_2347.jpg,train
2.6523468,0.8669739,1.5291189,2.467042,1,benign,Preprocessed_Dataset/ddsm/ddsm_10146.jpg,train
0.08512139,1.3787241,1.6788716,1.5498976,0,normal,Preprocessed_Dataset/kau-bcmd/kau-bcmd_304.jpg,train
0.34125197,1.5959195,1.5909431,2.01475,0,normal,Preprocessed_Dataset/kau-bcmd/kau-bcmd_1446.jpg,train
1.0159587,1.0345919,1.9867702,1.4182943,1,benign,Preprocessed_Dataset/cdd-cesm/cdd-cesm_36.jpg,train
1.8965089,2.4228208,0.9471748,1.1614813,0,normal,Preprocessed_Dataset/ddsm/ddsm_503.jpg,train
0.1599915,1.4683964,1.4462652,1.6854599,2,malignant,Preprocessed_Dataset/cmmd/cmmd_1126.jpg,train
0.293909,1.4960766,1.5756106,2.0700006,1,benign,Preprocessed_Dataset/cmmd/cmmd_2316.jpg,train
1.9844728,2.2347572,1.9456592,1.1320199,0,normal,Preprocessed_Dataset/ddsm/ddsm_869.jpg,train
0.86026585,0.5299266,1.3433328,0.9030397,1,benign,Preprocessed_Dataset/inbreast/inbreast_20.jpg,train
1.7849271,1.9996942,1.0594711,1.34395,1,benign,Preprocessed_Dataset/ddsm/ddsm_9987.jpg,train
0.111049294,0.9643573,1.6833972,1.402024,0,normal,Preprocessed_Dataset/kau-bcmd/kau-bcmd_1898.jpg,train
1.743002,2.13067,1.4479359,1.123855,0,normal,Preprocessed_Dataset/ddsm/ddsm_739.jpg,train
2.0936668,2.1376617,1.5094225,0.77170926,1,benign,Preprocessed_Dataset/ddsm/ddsm_9371.jpg,train
2.278402,2.543841,1.1086771,0.9127078,1,benign,Preprocessed_Dataset/ddsm/ddsm_9671.jpg,train
2.2808614,2.0385106,1.5093796,0.6715817,2,malignant,Preprocessed_Dataset/ddsm/ddsm_6227.jpg,train
1.8927293,2.0354369,1.7878221,1.5234748,1,benign,Preprocessed_Dataset/ddsm/ddsm_7081.jpg,train
0.1372602,1.1174026,1.6418524,1.2124448,0,normal,Preprocessed_Dataset/kau-bcmd/kau-bcmd_736.jpg,train
1.1743095,1.8688211,1.4785746,1.4968349,1,benign,Preprocessed_Dataset/ddsm/ddsm_7943.jpg,train
0.2441138,1.4879748,1.622196,1.9407368,2,malignant,Preprocessed_Dataset/cmmd/cmmd_1087.jpg,train
1.88714,0.7668989,2.3693573,1.1553218,0,normal,Preprocessed_Dataset/ddsm/ddsm_720.jpg,train
0.61446494,1.6659403,1.3641906,1.9341488,0,normal,Preprocessed_Dataset/kau-bcmd/kau-bcmd_830.jpg,train
2.0530539,1.7131524,2.3695235,1.213037,1,benign,Preprocessed_Dataset/ddsm/ddsm_8957.jpg,train
1.3181158,0.23852134,0.90287256,0.7217714,0,normal,Preprocessed_Dataset/inbreast/inbreast_329.jpg,train
0.35562873,0.85042584,1.3140935,0.97905385,0,normal,Preprocessed_Dataset/kau-bcmd/kau-bcmd_1257.jpg,train
1.8563066,0.77878517,2.4690127,1.0469639,0,normal,Preprocessed_Dataset/ddsm/ddsm_1284.jpg,train
1.9706935,0.6345851,1.7182202,2.0554075,1,benign,Preprocessed_Dataset/ddsm/ddsm_7730.jpg,train
0.21889424,1.2341282,1.7732886,1.536405,0,normal,Preprocessed_Dataset/kau-bcmd/kau-bcmd_137.jpg,train
0.35708737,0.8835331,1.3440664,0.9889779,0,normal,Preprocessed_Dataset/kau-bcmd/kau-bcmd_704.jpg,train
0.33373266,0.8658485,1.6663723,0.9770438,2,malignant,Preprocessed_Dataset/cmmd/cmmd_2116.jpg,train
2.1674576,0.8066448,1.8085703,1.8988475,0,normal,Preprocessed_Dataset/ddsm/ddsm_1156.jpg,train
0.3213812,1.2690511,1.8003845,1.4680085,1,benign,Preprocessed_Dataset/kau-bcmd/kau-bcmd_1463.jpg,train
2.0302606,0.65740234,0.8053223,1.8591316,2,malignant,Preprocessed_Dataset/ddsm/ddsm_6062.jpg,train
0.33425993,1.5133075,1.902295,1.7715627,2,malignant,Preprocessed_Dataset/cmmd/cmmd_2053.jpg,train
1.5333416,2.1619678,1.0717533,1.5652002,1,benign,Preprocessed_Dataset/ddsm/ddsm_10359.jpg,train
0.32294697,1.7442402,1.4329367,2.0253434,2,malignant,Preprocessed_Dataset/cmmd/cmmd_141.jpg,train
0.22588372,0.8665335,1.5950905,1.1822641,0,normal,Preprocessed_Dataset/kau-bcmd/kau-bcmd_1907.jpg,train
2.100399,0.9621116,1.8642759,1.1477045,0,normal,Preprocessed_Dataset/ddsm/ddsm_1748.jpg,train
0.20398259,1.5629326,1.3557819,1.6647729,2,malignant,Preprocessed_Dataset/cmmd/cmmd_1456.jpg,train
1.6277663,2.226052,0.9300831,1.619888,0,normal,Preprocessed_Dataset/ddsm/ddsm_1887.jpg,train
2.7821074,0.4969796,0.7414249,2.2162356,0,normal,Preprocessed_Dataset/ddsm/ddsm_1134.jpg,train
0.6584368,1.6835606,1.8807952,2.0034087,0,normal,Preprocessed_Dataset/kau-bcmd/kau-bcmd_1849.jpg,train
2.2394612,0.5666929,1.0844787,2.1527975,0,normal,Preprocessed_Dataset/ddsm/ddsm_2434.jpg,train
1.8750045,0.7053823,2.1740623,1.1322875,0,normal,Preprocessed_Dataset/ddsm/ddsm_1816.jpg,train
0.42391723,1.4329232,1.9303002,1.8606939,2,malignant,Preprocessed_Dataset/cmmd/cmmd_3458.jpg,train
0.48222357,0.6117468,1.141257,1.1117243,1,benign,Preprocessed_Dataset/dmid/dmid_305.jpg,train
0.13070369,0.9344009,1.545443,1.3731867,2,malignant,Preprocessed_Dataset/cmmd/cmmd_4500.jpg,train
0.4239133,1.6697519,1.6712276,2.165971,2,malignant,Preprocessed_Dataset/cmmd/cmmd_2069.jpg,train
1.6477607,0.7521961,1.9989545,1.5408647,2,malignant,Preprocessed_Dataset/ddsm/ddsm_3908.jpg,train
0.26391232,0.8187976,1.5652348,1.1341532,1,benign,Preprocessed_Dataset/cmmd/cmmd_2411.jpg,train
1.9290833,0.5475566,1.6052291,2.0775871,1,benign,Preprocessed_Dataset/ddsm/ddsm_6834.jpg,train
0.37285793,1.5235856,1.9292054,1.8160553,2,malignant,Preprocessed_Dataset/cmmd/cmmd_2970.jpg,train
1.8546958,1.7133673,2.7327645,1.8285319,0,normal,Preprocessed_Dataset/ddsm/ddsm_1217.jpg,train
0.4503426,0.8012807,1.4134043,0.8891754,1,benign,Preprocessed_Dataset/cmmd/cmmd_3572.jpg,train
2.0155587,0.6151101,1.7745898,1.3961236,0,normal,Preprocessed_Dataset/ddsm/ddsm_2288.jpg,train
0.11917567,0.9577149,1.6832496,1.3653567,0,normal,Preprocessed_Dataset/kau-bcmd/kau-bcmd_302.jpg,train
1.0128901,2.143445,1.4675999,1.775836,0,normal,Preprocessed_Dataset/dmid/dmid_132.jpg,train
0.12739158,0.9508599,1.5173216,1.3585337,2,malignant,Preprocessed_Dataset/cmmd/cmmd_4926.jpg,train
2.160654,0.7553191,2.9316213,1.3991423,1,benign,Preprocessed_Dataset/ddsm/ddsm_6544.jpg,train
0.31331432,0.81043077,1.5488507,1.1195444,2,malignant,Preprocessed_Dataset/cmmd/cmmd_4961.jpg,train
0.6081169,1.587956,1.4832207,1.9275906,0,normal,Preprocessed_Dataset/kau-bcmd/kau-bcmd_1459.jpg,train
1.9434135,0.53589404,1.28866,2.0187306,0,normal,Preprocessed_Dataset/ddsm/ddsm_2562.jpg,train
0.5010268,0.7633632,1.526735,0.9726734,1,benign,Preprocessed_Dataset/cmmd/cmmd_3627.jpg,train
1.73103,1.9192407,1.7874984,2.174183,1,benign,Preprocessed_Dataset/ddsm/ddsm_8925.jpg,train
1.4673402,1.9272368,1.7641873,1.800781,1,benign,Preprocessed_Dataset/ddsm/ddsm_8289.jpg,train
1.3904451,2.455109,1.3879421,3.1415925,1,benign,Preprocessed_Dataset/cmmd/cmmd_1815.jpg,train
0.15169406,0.8937532,1.5374947,1.4620914,2,malignant,Preprocessed_Dataset/cmmd/cmmd_60.jpg,train
0.51265824,0.8080473,1.6047592,0.7516537,0,normal,Preprocessed_Dataset/kau-bcmd/kau-bcmd_1875.jpg,train
0.43910187,1.6293464,1.5103735,2.0473118,0,normal,Preprocessed_Dataset/kau-bcmd/kau-bcmd_972.jpg,train
2.309348,0.4683873,1.5710906,2.0519216,2,malignant,Preprocessed_Dataset/ddsm/ddsm_3884.jpg,train
1.817874,0.8931302,1.5646696,0.6629649,1,benign,Preprocessed_Dataset/ddsm/ddsm_6776.jpg,train
2.4420862,2.3023367,1.07713,0.44579422,2,malignant,Preprocessed_Dataset/ddsm/ddsm_5023.jpg,train
2.7830868,0.74418074,2.1374583,1.8988397,1,benign,Preprocessed_Dataset/ddsm/ddsm_8180.jpg,train
0.9950228,0.788533,2.1061013,0.8629839,2,malignant,Preprocessed_Dataset/cmmd/cmmd_2759.jpg,train
1.3516953,2.0862012,2.055029,2.1249332,1,benign,Preprocessed_Dataset/inbreast/inbreast_340.jpg,train
2.0356417,1.7938123,1.791192,1.1383252,1,benign,Preprocessed_Dataset/ddsm/ddsm_10141.jpg,train
1.159197,1.7389095,0.8263241,0.90606177,1,benign,Preprocessed_Dataset/ddsm/ddsm_7299.jpg,train
0.20302403,1.626407,1.3592834,1.7383455,2,malignant,Preprocessed_Dataset/cmmd/cmmd_3008.jpg,train
1.7490088,2.3527813,0.95433956,1.1915827,0,normal,Preprocessed_Dataset/ddsm/ddsm_1451.jpg,train
0.31468707,1.5901761,1.7444347,1.8722426,2,malignant,Preprocessed_Dataset/cmmd/cmmd_794.jpg,train
0.20077097,1.5563087,1.4514526,1.7187189,2,malignant,Preprocessed_Dataset/cmmd/cmmd_801.jpg,train
0.095936775,1.4237239,1.4002583,1.437742,2,malignant,Preprocessed_Dataset/cmmd/cmmd_137.jpg,train
0.82939184,1.0306824,1.708144,0.93974024,0,normal,Preprocessed_Dataset/kau-bcmd/kau-bcmd_267.jpg,train
2.4115305,0.37276244,1.290719,1.9819267,0,normal,Preprocessed_Dataset/ddsm/ddsm_726.jpg,train
0.7041587,0.8571822,1.7253184,0.6923553,0,normal,Preprocessed_Dataset/kau-bcmd/kau-bcmd_299.jpg,train
2.026605,0.96255016,1.8500477,1.056134,2,malignant,Preprocessed_Dataset/ddsm/ddsm_4132.jpg,train
2.3361564,0.40934896,0.4899844,1.5599955,2,malignant,Preprocessed_Dataset/ddsm/ddsm_5718.jpg,train
0.31808525,1.6809051,1.6894987,1.9020853,2,malignant,Preprocessed_Dataset/cmmd/cmmd_2893.jpg,train
0.26045024,1.424506,1.5451738,1.918922,2,malignant,Preprocessed_Dataset/cmmd/cmmd_3223.jpg,train
0.36367458,1.5502517,1.338019,1.9741263,0,normal,Preprocessed_Dataset/kau-bcmd/kau-bcmd_706.jpg,train
1.9077474,0.58016515,2.4889593,1.4848167,0,normal,Preprocessed_Dataset/ddsm/ddsm_2252.jpg,train
1.9066396,0.611686,1.2107561,1.8460512,2,malignant,Preprocessed_Dataset/ddsm/ddsm_4998.jpg,train
0.47003502,0.8299426,1.3529031,0.7727855,0,normal,Preprocessed_Dataset/kau-bcmd/kau-bcmd_1532.jpg,train
0.20996583,1.5489222,1.556105,1.7651107,2,malignant,Preprocessed_Dataset/cmmd/cmmd_347.jpg,train
1.8053355,1.9739205,1.4276752,1.2805343,0,normal,Preprocessed_Dataset/ddsm/ddsm_925.jpg,train
0.39656687,1.5031424,1.594921,1.9977267,2,malignant,Preprocessed_Dataset/cmmd/cmmd_124.jpg,train
1.7431924,1.7157727,2.5692735,1.7329113,1,benign,Preprocessed_Dataset/ddsm/ddsm_7657.jpg,train
0.19602811,1.5032585,1.5421715,1.7949946,2,malignant,Preprocessed_Dataset/cmmd/cmmd_1746.jpg,train
0.45430654,1.7399377,1.4655617,2.0154505,2,malignant,Preprocessed_Dataset/cmmd/cmmd_966.jpg,train
1.8714068,0.82066965,1.9304289,1.6624156,1,benign,Preprocessed_Dataset/ddsm/ddsm_10224.jpg,train
2.1938884,0.4229322,1.155283,2.0368094,2,malignant,Preprocessed_Dataset/ddsm/ddsm_6374.jpg,train
2.1635845,0.497842,1.5290967,1.4615642,1,benign,Preprocessed_Dataset/ddsm/ddsm_10150.jpg,train
0.44257325,1.10517,1.813982,1.0984025,1,benign,Preprocessed_Dataset/kau-bcmd/kau-bcmd_520.jpg,train
0.60664934,1.5853736,1.5985545,2.0667312,0,normal,Preprocessed_Dataset/kau-bcmd/kau-bcmd_469.jpg,train
0.9472988,2.2568636,0.7353727,1.5206809,2,malignant,Preprocessed_Dataset/ddsm/ddsm_3665.jpg,train
2.389709,0.67848235,2.1611671,1.4814807,2,malignant,Preprocessed_Dataset/ddsm/ddsm_2940.jpg,train
1.8124418,2.355308,2.0235918,2.2163649,0,normal,Preprocessed_Dataset/ddsm/ddsm_2207.jpg,train
0.43052614,0.69560164,1.4057509,1.0244762,2,malignant,Preprocessed_Dataset/cmmd/cmmd_3706.jpg,train
1.9749894,0.7084395,2.2844439,1.1413136,0,normal,Preprocessed_Dataset/ddsm/ddsm_196.jpg,train
1.7577349,2.0031526,0.4071033,0.7709719,1,benign,Preprocessed_Dataset/ddsm/ddsm_7443.jpg,train
0.10793054,1.3769561,1.5568756,1.6441395,1,benign,Preprocessed_Dataset/cmmd/cmmd_2272.jpg,train
0.14219296,0.9109155,1.5591983,1.39567,2,malignant,Preprocessed_Dataset/cmmd/cmmd_1018.jpg,train
0.24988353,0.87250316,1.617099,1.1047462,1,benign,Preprocessed_Dataset/cmmd/cmmd_2249.jpg,train
2.2157407,0.6814012,1.3768344,2.3536263,2,malignant,Preprocessed_Dataset/ddsm/ddsm_5390.jpg,train
1.0980482,1.3796452,2.1223063,1.2254051,1,benign,Preprocessed_Dataset/cdd-cesm/cdd-cesm_465.jpg,train
1.7601533,2.1190414,1.8125823,1.479005,2,malignant,Preprocessed_Dataset/ddsm/ddsm_4615.jpg,train
0.19065487,0.8788048,1.4879359,1.275667,2,malignant,Preprocessed_Dataset/cmmd/cmmd_4281.jpg,train
1.5345562,1.2288347,1.6334277,2.084491,1,benign,Preprocessed_Dataset/cdd-cesm/cdd-cesm_32.jpg,train
0.39318812,1.5259069,1.6446643,1.9750745,2,malignant,Preprocessed_Dataset/cmmd/cmmd_3530.jpg,train
1.3341819,1.8136936,1.6942216,1.2747376,1,benign,Preprocessed_Dataset/ddsm/ddsm_9073.jpg,train
1.972597,2.2523503,1.2124699,0.6843368,0,normal,Preprocessed_Dataset/ddsm/ddsm_1499.jpg,train
1.9521356,2.3691092,0.6695736,1.3424444,2,malignant,Preprocessed_Dataset/ddsm/ddsm_3039.jpg,train
0.2609973,0.85394335,1.6245908,1.1126351,0,normal,Preprocessed_Dataset/kau-bcmd/kau-bcmd_2062.jpg,train
2.0355277,2.339338,0.9264861,1.1404514,1,benign,Preprocessed_Dataset/ddsm/ddsm_8503.jpg,train
0.50214976,0.79988545,1.4726214,1.0225307,2,malignant,Preprocessed_Dataset/cmmd/cmmd_4079.jpg,train
1.8626742,2.0672402,1.0236677,1.6337761,2,malignant,Preprocessed_Dataset/ddsm/ddsm_4907.jpg,train
0.22000587,1.466999,1.498414,1.8341887,2,malignant,Preprocessed_Dataset/cmmd/cmmd_1132.jpg,train
2.2722664,0.45917445,1.0256687,1.8968984,2,malignant,Preprocessed_Dataset/ddsm/ddsm_5094.jpg,train
1.8751041,0.96801376,1.7306821,1.6613352,1,benign,Preprocessed_Dataset/ddsm/ddsm_7272.jpg,train
1.8578861,1.6381814,1.8299665,1.082001,1,benign,Preprocessed_Dataset/ddsm/ddsm_10201.jpg,train
1.0356271,1.4840285,1.5225354,1.1695058,2,malignant,Preprocessed_Dataset/ddsm/ddsm_4845.jpg,train
0.15826583,1.4988737,1.4759172,1.6660327,1,benign,Preprocessed_Dataset/cmmd/cmmd_164.jpg,train
2.2699351,0.38295066,1.6304096,1.5950933,0,normal,Preprocessed_Dataset/ddsm/ddsm_2684.jpg,train
1.6598655,0.7918787,1.9549861,1.2501822,1,benign,Preprocessed_Dataset/ddsm/ddsm_9420.jpg,train
0.29825103,0.8813478,1.5294927,1.0766896,2,malignant,Preprocessed_Dataset/cmmd/cmmd_286.jpg,train
0.13030076,0.9694513,1.480224,1.313333,2,malignant,Preprocessed_Dataset/cmmd/cmmd_770.jpg,train
0.9992434,0.42791843,1.0440917,1.0714939,0,normal,Preprocessed_Dataset/dmid/dmid_153.jpg,train
1.7296104,1.0745254,1.8784913,0.97130805,2,malignant,Preprocessed_Dataset/ddsm/ddsm_5100.jpg,train
1.6608906,2.344114,1.4091454,1.4293014,2,malignant,Preprocessed_Dataset/ddsm/ddsm_4383.jpg,train
1.7324384,1.9095008,2.156509,1.5519572,2,malignant,Preprocessed_Dataset/ddsm/ddsm_3529.jpg,train
1.9315166,0.7427742,2.3518891,1.369962,0,normal,Preprocessed_Dataset/ddsm/ddsm_156.jpg,train
0.6833496,1.9071283,1.3150125,2.200356,1,benign,Preprocessed_Dataset/inbreast/inbreast_211.jpg,train
1.5646299,2.0345085,0.8127523,1.0451195,1,benign,Preprocessed_Dataset/ddsm/ddsm_9367.jpg,train
1.4398208,1.6299015,1.3942388,0.9586849,2,malignant,Preprocessed_Dataset/ddsm/ddsm_3929.jpg,train
0.48973805,1.8286865,1.5506846,2.2631595,0,normal,Preprocessed_Dataset/dmid/dmid_162.jpg,train
0.3561316,1.7301389,1.3796364,2.1100903,1,benign,Preprocessed_Dataset/dmid/dmid_459.jpg,train
1.5459788,1.8913937,1.379759,0.81721765,1,benign,Preprocessed_Dataset/ddsm/ddsm_7123.jpg,train
1.321416,1.4429041,1.5046812,0.8829955,2,malignant,Preprocessed_Dataset/cdd-cesm/cdd-cesm_809.jpg,train
0.23021853,1.4279907,1.654804,1.8923404,2,malignant,Preprocessed_Dataset/cmmd/cmmd_3069.jpg,train
1.603019,2.1688135,1.3867657,1.3869051,2,malignant,Preprocessed_Dataset/ddsm/ddsm_4271.jpg,train
1.929796,0.55677855,0.5765663,1.6635823,1,benign,Preprocessed_Dataset/ddsm/ddsm_8346.jpg,train
1.7901125,0.7544052,2.2309732,1.1444471,0,normal,Preprocessed_Dataset/ddsm/ddsm_888.jpg,train
1.5361321,2.2095857,2.0655606,1.81499,0,normal,Preprocessed_Dataset/ddsm/ddsm_533.jpg,train
1.6281216,2.021043,1.8824058,1.2696236,0,normal,Preprocessed_Dataset/ddsm/ddsm_2655.jpg,train
1.3992292,1.1131461,2.0907497,1.7612238,0,normal,Preprocessed_Dataset/cdd-cesm/cdd-cesm_505.jpg,train
0.21987939,0.93923527,1.4697477,1.0986416,2,malignant,Preprocessed_Dataset/cmmd/cmmd_3898.jpg,train
0.12171805,1.4050385,1.461983,1.6222547,2,malignant,Preprocessed_Dataset/cmmd/cmmd_1445.jpg,train
2.5417435,0.41428322,0.55410254,1.7294099,0,normal,Preprocessed_Dataset/ddsm/ddsm_1266.jpg,train
0.86500406,0.30560207,1.0878453,0.97689354,0,normal,Preprocessed_Dataset/inbreast/inbreast_234.jpg,train
2.1224644,0.9371718,2.7038116,1.0450943,0,normal,Preprocessed_Dataset/ddsm/ddsm_2660.jpg,train
0.24966371,1.4887313,1.6936541,1.8961496,2,malignant,Preprocessed_Dataset/cmmd/cmmd_3543.jpg,train
2.7388344,0.52873755,1.3530775,2.064132,1,benign,Preprocessed_Dataset/ddsm/ddsm_9502.jpg,train
2.0968914,0.59075963,1.8643103,1.7764182,2,malignant,Preprocessed_Dataset/ddsm/ddsm_4722.jpg,train
1.4158345,2.1886635,1.9373887,2.2262046,0,normal,Preprocessed_Dataset/ddsm/ddsm_2051.jpg,train
1.8800513,2.0043993,1.7556581,1.1014426,1,benign,Preprocessed_Dataset/ddsm/ddsm_10331.jpg,train
1.8699975,2.4230828,1.6528563,1.6219624,0,normal,Preprocessed_Dataset/ddsm/ddsm_343.jpg,train
1.6484303,0.5796581,1.4450694,1.3765049,2,malignant,Preprocessed_Dataset/ddsm/ddsm_3846.jpg,train
1.8447505,0.5002704,0.8693991,1.4110779,1,benign,Preprocessed_Dataset/ddsm/ddsm_7166.jpg,train
0.10662508,1.396547,1.7049097,1.6116813,0,normal,Preprocessed_Dataset/kau-bcmd/kau-bcmd_2124.jpg,train
1.2800955,1.3895254,2.0190678,1.1369758,1,benign,Preprocessed_Dataset/cdd-cesm/cdd-cesm_542.jpg,train
2.0491838,0.8501785,0.68397874,1.9037778,1,benign,Preprocessed_Dataset/ddsm/ddsm_7866.jpg,train
0.23364747,0.86468637,1.4966468,1.1122303,1,benign,Preprocessed_Dataset/cmmd/cmmd_3595.jpg,train
2.0802188,1.8726914,0.9514938,0.24726582,1,benign,Preprocessed_Dataset/ddsm/ddsm_10111.jpg,train
1.8498437,1.0435952,1.6781441,1.6431775,1,benign,Preprocessed_Dataset/ddsm/ddsm_9808.jpg,train
1.159742,1.7820013,1.4332002,1.2834766,0,normal,Preprocessed_Dataset/kau-bcmd/kau-bcmd_2156.jpg,train
0.30070478,1.4278318,1.6170723,1.9562852,2,malignant,Preprocessed_Dataset/cmmd/cmmd_3166.jpg,train
1.8305466,1.8149077,1.7442868,0.87055904,1,benign,Preprocessed_Dataset/ddsm/ddsm_7149.jpg,train
0.45472085,1.459825,1.7291139,2.053147,2,malignant,Preprocessed_Dataset/cmmd/cmmd_3432.jpg,train
0.29149657,1.502899,1.5517579,2.0225296,2,malignant,Preprocessed_Dataset/cmmd/cmmd_3529.jpg,train
1.378732,1.2411956,1.3458768,0.42621684,0,normal,Preprocessed_Dataset/cdd-cesm/cdd-cesm_733.jpg,train
2.3979893,0.80484974,2.057326,1.2641963,1,benign,Preprocessed_Dataset/ddsm/ddsm_6560.jpg,train
1.1489891,2.349329,1.2945778,2.3637207,0,normal,Preprocessed_Dataset/inbreast/inbreast_337.jpg,train
0.45020145,0.81890947,1.7747992,0.9464918,0,normal,Preprocessed_Dataset/kau-bcmd/kau-bcmd_2150.jpg,train
0.70191467,2.026958,1.0646266,2.0539422,0,normal,Preprocessed_Dataset/dmid/dmid_108.jpg,train
0.25463152,0.930326,1.5079534,1.0964909,2,malignant,Preprocessed_Dataset/cmmd/cmmd_237.jpg,train
1.3260424,1.5617583,1.6516813,1.4775307,2,malignant,Preprocessed_Dataset/ddsm/ddsm_5241.jpg,train
0.27769566,0.7772562,1.4483933,1.269006,2,malignant,Preprocessed_Dataset/cmmd/cmmd_4305.jpg,train
0.31133533,1.6327627,1.5534213,2.0226557,0,normal,Preprocessed_Dataset/kau-bcmd/kau-bcmd_769.jpg,train
0.35367686,0.7373367,1.5136234,1.0456817,2,malignant,Preprocessed_Dataset/cmmd/cmmd_4465.jpg,train
0.5320361,0.7979994,1.4812238,0.83715713,0,normal,Preprocessed_Dataset/kau-bcmd/kau-bcmd_664.jpg,train
0.96354854,2.1930387,1.2953088,2.3600256,1,benign,Preprocessed_Dataset/inbreast/inbreast_46.jpg,train
2.3890898,2.2205381,0.81957114,0.38322103,1,benign,Preprocessed_Dataset/ddsm/ddsm_9175.jpg,train
2.0286293,0.42990762,0.32424963,1.3670728,1,benign,Preprocessed_Dataset/ddsm/ddsm_7182.jpg,train
1.8790988,0.47784984,1.0143194,1.6110669,1,benign,Preprocessed_Dataset/ddsm/ddsm_7650.jpg,train
2.320877,0.53850824,0.301,1.786722,2,malignant,Preprocessed_Dataset/ddsm/ddsm_3062.jpg,train
2.0776982,2.0801547,0.5200329,0.47061712,1,benign,Preprocessed_Dataset/ddsm/ddsm_8151.jpg,train
1.4516134,0.7279438,1.6344261,1.7394333,1,benign,Preprocessed_Dataset/ddsm/ddsm_6850.jpg,train
0.18653321,1.4643757,1.6085595,1.8457505,0,normal,Preprocessed_Dataset/kau-bcmd/kau-bcmd_35.jpg,train
2.0604398,2.1956563,1.8483007,1.0675774,0,normal,Preprocessed_Dataset/ddsm/ddsm_513.jpg,train
2.067351,2.2631185,0.93963253,1.2066685,1,benign,Preprocessed_Dataset/ddsm/ddsm_9999.jpg,train
1.3546832,1.3540174,1.669033,0.9641979,2,malignant,Preprocessed_Dataset/cdd-cesm/cdd-cesm_569.jpg,train
1.8460095,1.7179102,2.0139055,1.5087779,2,malignant,Preprocessed_Dataset/ddsm/ddsm_3017.jpg,train
1.2270844,2.0205593,1.075774,1.347462,1,benign,Preprocessed_Dataset/dmid/dmid_438.jpg,train
1.3156493,2.2207742,1.1310349,2.319935,1,benign,Preprocessed_Dataset/ddsm/ddsm_7979.jpg,train
1.07318,1.1598302,2.17114,1.7628937,0,normal,Preprocessed_Dataset/cdd-cesm/cdd-cesm_360.jpg,train
1.916467,2.1541162,1.1947877,1.070083,2,malignant,Preprocessed_Dataset/ddsm/ddsm_3803.jpg,train
2.1793554,0.9086005,0.76166147,2.0866706,1,benign,Preprocessed_Dataset/ddsm/ddsm_9798.jpg,train
1.8905448,2.1003318,0.8750837,0.6522051,0,normal,Preprocessed_Dataset/ddsm/ddsm_1559.jpg,train
1.5515074,2.1363034,1.468983,1.7626545,0,normal,Preprocessed_Dataset/ddsm/ddsm_109.jpg,train
1.141644,1.3319721,2.0545964,1.3568289,0,normal,Preprocessed_Dataset/cdd-cesm/cdd-cesm_679.jpg,train
2.138979,0.3358829,1.4689213,1.6378971,1,benign,Preprocessed_Dataset/ddsm/ddsm_8064.jpg,train
2.852586,0.26677096,0.7548782,2.3320777,2,malignant,Preprocessed_Dataset/ddsm/ddsm_2866.jpg,train
0.529271,0.7865943,1.4137449,1.1849542,2,malignant,Preprocessed_Dataset/cmmd/cmmd_4241.jpg,train
2.1761775,0.84508526,1.7671384,1.5215715,2,malignant,Preprocessed_Dataset/ddsm/ddsm_4152.jpg,train
2.033144,0.51474357,0.7461925,1.68666,1,benign,Preprocessed_Dataset/ddsm/ddsm_8570.jpg,train
0.22408688,0.7929344,1.5209517,1.449922,2,malignant,Preprocessed_Dataset/cmmd/cmmd_865.jpg,train
2.2111552,0.61958486,1.1268196,1.3661858,0,normal,Preprocessed_Dataset/ddsm/ddsm_1508.jpg,train
1.9378226,2.1258214,1.9628539,1.7034222,0,normal,Preprocessed_Dataset/ddsm/ddsm_1573.jpg,train
0.37109447,1.7615952,1.5663403,2.076013,0,normal,Preprocessed_Dataset/kau-bcmd/kau-bcmd_561.jpg,train
0.24484813,1.5197684,1.5346762,1.8177412,2,malignant,Preprocessed_Dataset/cmmd/cmmd_2023.jpg,train
0.2118218,1.4239966,1.6470764,1.901426,2,malignant,Preprocessed_Dataset/cmmd/cmmd_1871.jpg,train
0.63602865,0.73819405,1.6942354,0.7066706,0,normal,Preprocessed_Dataset/kau-bcmd/kau-bcmd_1352.jpg,train
0.22578657,1.4949276,1.6492962,1.9119943,0,normal,Preprocessed_Dataset/kau-bcmd/kau-bcmd_1958.jpg,train
0.2660914,0.8218677,1.252634,1.4130422,2,malignant,Preprocessed_Dataset/cmmd/cmmd_4096.jpg,train
0.7393614,0.5395375,1.592698,0.69385123,0,normal,Preprocessed_Dataset/dmid/dmid_379.jpg,train
2.130378,1.0077816,2.6610637,1.396569,2,malignant,Preprocessed_Dataset/ddsm/ddsm_3116.jpg,train
2.1959002,1.8511083,1.8187785,0.77518386,2,malignant,Preprocessed_Dataset/ddsm/ddsm_3269.jpg,train
1.8516209,0.527622,1.6800901,1.8130459,1,benign,Preprocessed_Dataset/ddsm/ddsm_9314.jpg,train
0.41852194,0.8053984,1.6904182,0.9976944,2,malignant,Preprocessed_Dataset/cmmd/cmmd_4762.jpg,train
1.7997837,2.3471737,0.8888874,0.9999547,0,normal,Preprocessed_Dataset/ddsm/ddsm_1651.jpg,train
0.94498676,1.3759164,1.7578461,1.493179,1,benign,Preprocessed_Dataset/cdd-cesm/cdd-cesm_16.jpg,train
0.35271937,0.83822644,1.6390178,0.9486936,1,benign,Preprocessed_Dataset/cmmd/cmmd_2338.jpg,train
0.23928714,0.91839087,1.5628653,1.0508133,2,malignant,Preprocessed_Dataset/cmmd/cmmd_3786.jpg,train
1.3838135,1.9075243,1.9080471,1.9879067,0,normal,Preprocessed_Dataset/ddsm/ddsm_2717.jpg,train
1.9507024,2.074703,2.2683673,1.971981,0,normal,Preprocessed_Dataset/ddsm/ddsm_1125.jpg,train
2.3367515,0.46966332,1.116505,2.1101222,2,malignant,Preprocessed_Dataset/ddsm/ddsm_2782.jpg,train
1.6885723,2.0596383,2.100884,1.5422974,2,malignant,Preprocessed_Dataset/ddsm/ddsm_4185.jpg,train
1.1385659,1.8257961,1.3622103,1.2827034,0,normal,Preprocessed_Dataset/kau-bcmd/kau-bcmd_975.jpg,train
1.2976787,1.7333398,1.4257851,0.9753767,1,benign,Preprocessed_Dataset/ddsm/ddsm_7579.jpg,train
0.93522906,0.56891733,1.5195099,0.7528363,0,normal,Preprocessed_Dataset/kau-bcmd/kau-bcmd_1830.jpg,train
0.33649838,1.2731619,1.7430936,1.484766,1,benign,Preprocessed_Dataset/kau-bcmd/kau-bcmd_1235.jpg,train
1.919375,0.4712773,1.460723,1.3637197,1,benign,Preprocessed_Dataset/ddsm/ddsm_7084.jpg,train
0.23472548,1.5580288,1.3072984,1.6708645,2,malignant,Preprocessed_Dataset/cmmd/cmmd_115.jpg,train
1.8979528,1.8478765,2.2812786,1.2859938,2,malignant,Preprocessed_Dataset/ddsm/ddsm_5581.jpg,train
1.3107655,1.9519506,1.7829983,1.2969141,1,benign,Preprocessed_Dataset/ddsm/ddsm_10049.jpg,train
2.0284739,2.0247362,1.2339787,0.5119688,2,malignant,Preprocessed_Dataset/ddsm/ddsm_3271.jpg,train
1.9910183,1.9659202,2.4721665,1.913424,0,normal,Preprocessed_Dataset/ddsm/ddsm_493.jpg,train
2.118898,2.2548695,0.6738581,0.64351517,0,normal,Preprocessed_Dataset/ddsm/ddsm_531.jpg,train
2.8848414,0.88597214,1.3372213,2.1739886,0,normal,Preprocessed_Dataset/ddsm/ddsm_1970.jpg,train
0.10388613,1.2040701,1.7012761,1.4909196,0,normal,Preprocessed_Dataset/kau-bcmd/kau-bcmd_737.jpg,train
0.500934,1.6077598,1.379816,1.6961918,2,malignant,Preprocessed_Dataset/cmmd/cmmd_2598.jpg,train
1.0984553,1.2859495,1.5575019,1.6913435,2,malignant,Preprocessed_Dataset/cdd-cesm/cdd-cesm_731.jpg,train
0.29113114,1.6089908,1.5629332,2.0702748,1,benign,Preprocessed_Dataset/cmmd/cmmd_2253.jpg,train
1.4034877,1.1146601,2.0381043,0.86401314,0,normal,Preprocessed_Dataset/cdd-cesm/cdd-cesm_827.jpg,train
1.8174527,2.1459432,1.1297282,1.2582775,1,benign,Preprocessed_Dataset/ddsm/ddsm_7539.jpg,train
0.3763057,1.6185702,1.730276,2.1212432,2,malignant,Preprocessed_Dataset/cmmd/cmmd_2742.jpg,train
0.43087333,0.83623946,1.552182,0.7076413,0,normal,Preprocessed_Dataset/kau-bcmd/kau-bcmd_1057.jpg,train
2.5244386,0.6590098,1.2181059,2.3081183,2,malignant,Preprocessed_Dataset/ddsm/ddsm_3726.jpg,train
2.2300203,1.0053912,2.409901,1.6471255,0,normal,Preprocessed_Dataset/ddsm/ddsm_2328.jpg,train
1.9114009,2.145251,1.295054,0.9248164,2,malignant,Preprocessed_Dataset/ddsm/ddsm_5119.jpg,train
0.36236596,1.6749747,1.540193,2.2369447,0,normal,Preprocessed_Dataset/kau-bcmd/kau-bcmd_1760.jpg,train
2.3125548,0.7453924,2.0903063,1.0690117,2,malignant,Preprocessed_Dataset/ddsm/ddsm_5016.jpg,train
0.23592257,1.2524797,1.6624731,1.4522672,1,benign,Preprocessed_Dataset/kau-bcmd/kau-bcmd_489.jpg,train
1.7581722,0.35241878,1.9282838,1.2444762,2,malignant,Preprocessed_Dataset/ddsm/ddsm_3708.jpg,train
0.4814456,0.7662342,1.4886909,0.8463189,0,normal,Preprocessed_Dataset/kau-bcmd/kau-bcmd_1288.jpg,train
0.52779675,0.7589424,1.4792444,0.7558415,0,normal,Preprocessed_Dataset/kau-bcmd/kau-bcmd_752.jpg,train
0.98062056,0.64268124,1.3001707,1.1805756,1,benign,Preprocessed_Dataset/inbreast/inbreast_97.jpg,train
0.80578387,1.6226074,1.5597876,1.8418562,0,normal,Preprocessed_Dataset/kau-bcmd/kau-bcmd_1825.jpg,train
1.206451,1.3095965,1.5303878,0.90834653,0,normal,Preprocessed_Dataset/cdd-cesm/cdd-cesm_573.jpg,train
2.46375,0.51346356,1.2459867,2.127419,1,benign,Preprocessed_Dataset/ddsm/ddsm_8266.jpg,train
0.2303462,1.5689507,1.3275177,1.7339332,1,benign,Preprocessed_Dataset/cmmd/cmmd_1930.jpg,train
2.4661121,0.36350536,1.5147661,1.9123298,0,normal,Preprocessed_Dataset/ddsm/ddsm_1894.jpg,train
2.3930972,2.1334043,1.3280268,0.4959051,2,malignant,Preprocessed_Dataset/ddsm/ddsm_5799.jpg,train
2.065065,0.6966225,2.3065271,1.0982934,0,normal,Preprocessed_Dataset/ddsm/ddsm_1116.jpg,train
0.9678595,1.8924463,1.4082624,2.2232475,1,benign,Preprocessed_Dataset/inbreast/inbreast_64.jpg,train
2.207842,0.30759704,1.4737955,2.1698823,0,normal,Preprocessed_Dataset/ddsm/ddsm_58.jpg,train
1.1809872,1.2558215,1.8504286,1.5350609,0,normal,Preprocessed_Dataset/cdd-cesm/cdd-cesm_665.jpg,train
0.35482264,0.8306449,1.6134453,0.9595165,2,malignant,Preprocessed_Dataset/cmmd/cmmd_4501.jpg,train
2.2997556,2.158492,1.1427999,0.8128522,0,normal,Preprocessed_Dataset/ddsm/ddsm_1955.jpg,train
0.9331169,1.4440606,2.0278218,1.5683042,0,normal,Preprocessed_Dataset/cdd-cesm/cdd-cesm_86.jpg,train
1.5481598,2.1314738,1.391313,1.4727013,1,benign,Preprocessed_Dataset/ddsm/ddsm_10395.jpg,train
1.5413159,1.5744096,1.4138845,0.43509197,1,benign,Preprocessed_Dataset/ddsm/ddsm_9903.jpg,train
1.6960487,0.4937485,1.3670532,1.5874873,1,benign,Preprocessed_Dataset/ddsm/ddsm_6862.jpg,train
0.8185917,0.78363717,1.349431,0.7726767,0,normal,Preprocessed_Dataset/kau-bcmd/kau-bcmd_1763.jpg,train
0.45574087,1.0829036,1.7801172,1.0019244,0,normal,Preprocessed_Dataset/kau-bcmd/kau-bcmd_218.jpg,train
1.0231187,0.40775937,1.2177224,1.1488053,1,benign,Preprocessed_Dataset/inbreast/inbreast_325.jpg,train
2.4241202,0.52768993,1.6743695,2.4366212,2,malignant,Preprocessed_Dataset/ddsm/ddsm_4160.jpg,train
0.6381533,0.68177986,1.3213573,1.1133658,2,malignant,Preprocessed_Dataset/cmmd/cmmd_4044.jpg,train
0.20489645,1.496186,1.4588264,1.7707505,2,malignant,Preprocessed_Dataset/cmmd/cmmd_1721.jpg,train
0.25788486,1.5763342,1.408718,1.8943208,2,malignant,Preprocessed_Dataset/cmmd/cmmd_1292.jpg,train
0.18582165,1.5117583,1.471566,1.7857754,2,malignant,Preprocessed_Dataset/cmmd/cmmd_2795.jpg,train
1.8693043,0.26458144,0.59770316,1.1544952,1,benign,Preprocessed_Dataset/ddsm/ddsm_9238.jpg,train
1.8075645,2.409913,0.7415421,1.6245244,2,malignant,Preprocessed_Dataset/ddsm/ddsm_5859.jpg,train
1.593452,2.3299916,0.760671,1.3702335,1,benign,Preprocessed_Dataset/ddsm/ddsm_7191.jpg,train
0.4567846,0.77395195,1.6635907,0.9456594,1,benign,Preprocessed_Dataset/cmmd/cmmd_2453.jpg,train
2.101256,0.73281705,1.9137601,1.2778699,2,malignant,Preprocessed_Dataset/ddsm/ddsm_2952.jpg,train
0.24161828,0.8804769,1.4393833,1.0959069,2,malignant,Preprocessed_Dataset/cmmd/cmmd_2655.jpg,train
1.7799056,0.31807894,1.7589306,1.0750301,2,malignant,Preprocessed_Dataset/ddsm/ddsm_5372.jpg,train
1.7931013,0.52841765,2.0709043,1.837117,0,normal,Preprocessed_Dataset/ddsm/ddsm_460.jpg,train
0.35893047,1.5786138,1.5628904,2.0066946,2,malignant,Preprocessed_Dataset/cmmd/cmmd_3334.jpg,train
1.8876832,2.0808487,1.9404207,1.4721324,2,malignant,Preprocessed_Dataset/ddsm/ddsm_6233.jpg,train
0.32170212,1.5789372,1.5689716,1.9789313,0,normal,Preprocessed_Dataset/kau-bcmd/kau-bcmd_617.jpg,train
0.19917619,0.9060862,1.5094538,1.1259484,0,normal,Preprocessed_Dataset/kau-bcmd/kau-bcmd_367.jpg,train
2.2041264,0.42086792,0.82432926,1.7240677,1,benign,Preprocessed_Dataset/ddsm/ddsm_8778.jpg,train
2.0353594,0.46192622,0.6294377,1.5262877,2,malignant,Preprocessed_Dataset/ddsm/ddsm_5510.jpg,train
1.9999877,1.974611,1.9674762,2.1968935,2,malignant,Preprocessed_Dataset/ddsm/ddsm_5717.jpg,train
0.13300836,1.1405172,1.7339755,1.1796249,1,benign,Preprocessed_Dataset/kau-bcmd/kau-bcmd_1076.jpg,train
2.4385593,0.4700474,0.84751636,2.1824799,2,malignant,Preprocessed_Dataset/ddsm/ddsm_3482.jpg,train
1.3906422,1.7583265,0.83930844,1.0184225,1,benign,Preprocessed_Dataset/ddsm/ddsm_6695.jpg,train
1.6519964,0.8509217,0.6426232,1.8617427,2,malignant,Preprocessed_Dataset/ddsm/ddsm_5166.jpg,train
2.6363044,0.3291886,0.6339309,2.1224823,2,malignant,Preprocessed_Dataset/ddsm/ddsm_3042.jpg,train
1.676019,1.0924628,2.0295448,1.5909016,1,benign,Preprocessed_Dataset/ddsm/ddsm_9148.jpg,train
1.942245,1.7035316,2.4782512,1.6693858,2,malignant,Preprocessed_Dataset/ddsm/ddsm_5065.jpg,train
0.31693542,0.9128744,1.6885662,0.9415621,1,benign,Preprocessed_Dataset/cmmd/cmmd_2421.jpg,train
2.2984588,0.43824184,1.151478,2.0607529,0,normal,Preprocessed_Dataset/ddsm/ddsm_2342.jpg,train
0.33690268,1.1321256,1.6397624,1.0756845,1,benign,Preprocessed_Dataset/kau-bcmd/kau-bcmd_691.jpg,train
0.11471093,1.2078929,1.7260906,1.4979954,0,normal,Preprocessed_Dataset/kau-bcmd/kau-bcmd_59.jpg,train
0.40303648,1.7880666,1.4494697,2.1749806,0,normal,Preprocessed_Dataset/dmid/dmid_230.jpg,train
1.3484236,1.3851933,1.7171957,1.092148,2,malignant,Preprocessed_Dataset/cdd-cesm/cdd-cesm_578.jpg,train
0.21498036,1.1255903,1.6764027,1.0973523,1,benign,Preprocessed_Dataset/kau-bcmd/kau-bcmd_1340.jpg,train
2.3330224,0.9019648,1.6890252,0.86716735,2,malignant,Preprocessed_Dataset/ddsm/ddsm_4784.jpg,train
2.0840814,0.94838715,2.0699925,1.0660124,2,malignant,Preprocessed_Dataset/ddsm/ddsm_3276.jpg,train
1.4435303,1.3471217,1.2864792,2.0103974,2,malignant,Preprocessed_Dataset/cdd-cesm/cdd-cesm_860.jpg,train
1.7426481,0.2441845,1.7928687,1.562229,0,normal,Preprocessed_Dataset/ddsm/ddsm_1464.jpg,train
1.4792486,1.2290776,1.3145754,0.92798907,2,malignant,Preprocessed_Dataset/cdd-cesm/cdd-cesm_694.jpg,train
1.7807865,2.4223375,0.88669395,1.826566,0,normal,Preprocessed_Dataset/ddsm/ddsm_2543.jpg,train
1.8784387,2.0288725,2.078061,1.2350305,1,benign,Preprocessed_Dataset/ddsm/ddsm_10025.jpg,train
2.465696,1.2766426,1.9453757,1.7569041,1,benign,Preprocessed_Dataset/ddsm/ddsm_7808.jpg,train
2.424616,0.5930209,1.6368911,2.2084193,1,benign,Preprocessed_Dataset/ddsm/ddsm_6854.jpg,train
0.11700773,1.4340866,1.4566976,1.5818332,2,malignant,Preprocessed_Dataset/cmmd/cmmd_1437.jpg,train
1.5224509,0.73087454,2.1546295,1.2463436,1,benign,Preprocessed_Dataset/ddsm/ddsm_7308.jpg,train
0.21249413,0.85594416,1.4129803,1.3164895,2,malignant,Preprocessed_Dataset/cmmd/cmmd_4265.jpg,train
0.8006427,0.939987,1.6028379,0.7613719,1,benign,Preprocessed_Dataset/cdd-cesm/cdd-cesm_189.jpg,train
0.8237654,1.8705648,1.4738958,2.0450363,0,normal,Preprocessed_Dataset/kau-bcmd/kau-bcmd_1724.jpg,train
0.34121305,0.63411736,1.3114674,1.3689202,2,malignant,Preprocessed_Dataset/cmmd/cmmd_1995.jpg,train
3.0248895,0.64198893,1.0314562,2.3120072,2,malignant,Preprocessed_Dataset/ddsm/ddsm_4810.jpg,train
2.207704,0.5892273,2.0275016,2.2441907,0,normal,Preprocessed_Dataset/ddsm/ddsm_2610.jpg,train
2.5665793,0.6881771,1.2099168,1.6176543,0,normal,Preprocessed_Dataset/ddsm/ddsm_966.jpg,train
0.8072596,0.8105844,1.6326656,0.6108028,0,normal,Preprocessed_Dataset/kau-bcmd/kau-bcmd_1508.jpg,train
1.615467,1.0161027,1.3557842,1.7465097,2,malignant,Preprocessed_Dataset/cdd-cesm/cdd-cesm_467.jpg,train
1.9152334,0.7790951,1.4919503,1.220163,2,malignant,Preprocessed_Dataset/ddsm/ddsm_5520.jpg,train
1.8674611,0.47115177,1.3556868,1.9597208,1,benign,Preprocessed_Dataset/ddsm/ddsm_8422.jpg,train
0.5391574,0.5938557,1.0319717,1.0843179,0,normal,Preprocessed_Dataset/dmid/dmid_179.jpg,train
0.33424252,1.5785483,1.7884486,1.8633995,2,malignant,Preprocessed_Dataset/cmmd/cmmd_3025.jpg,train
1.5330979,1.9137467,1.2226601,1.4875451,1,benign,Preprocessed_Dataset/cdd-cesm/cdd-cesm_643.jpg,train
1.97071,2.4630764,1.7768896,1.6646141,0,normal,Preprocessed_Dataset/ddsm/ddsm_2541.jpg,train
1.7418845,2.2662864,1.2344699,1.1923769,0,normal,Preprocessed_Dataset/ddsm/ddsm_83.jpg,train
1.1632657,2.2501917,1.4365091,1.6512185,0,normal,Preprocessed_Dataset/ddsm/ddsm_1445.jpg,train
0.35395384,1.7656872,1.2506903,2.0585103,1,benign,Preprocessed_Dataset/dmid/dmid_297.jpg,train
1.8428102,1.8417153,2.261378,1.6803697,0,normal,Preprocessed_Dataset/ddsm/ddsm_1317.jpg,train
0.29757446,1.4773097,1.6712542,2.0116787,2,malignant,Preprocessed_Dataset/cmmd/cmmd_3165.jpg,train
1.8639648,2.0346515,1.1475395,0.6819245,1,benign,Preprocessed_Dataset/ddsm/ddsm_8011.jpg,train
0.68513095,1.81544,1.47495,1.8648365,2,malignant,Preprocessed_Dataset/cmmd/cmmd_911.jpg,train
0.9923191,1.2975733,1.7387094,1.098316,2,malignant,Preprocessed_Dataset/cdd-cesm/cdd-cesm_19.jpg,train
1.4049857,1.9940102,1.7579464,2.0276072,0,normal,Preprocessed_Dataset/ddsm/ddsm_393.jpg,train
0.15533245,0.8927648,1.4117618,1.524324,1,benign,Preprocessed_Dataset/cmmd/cmmd_415.jpg,train
1.344418,1.6849979,0.9748169,0.708094,2,malignant,Preprocessed_Dataset/ddsm/ddsm_6119.jpg,train
1.6297889,1.7381622,2.227464,1.5557859,2,malignant,Preprocessed_Dataset/ddsm/ddsm_3837.jpg,train
0.18652356,1.4058406,1.4922783,1.7802167,2,malignant,Preprocessed_Dataset/cmmd/cmmd_1138.jpg,train
2.2438219,0.29079598,2.0356295,1.5426233,1,benign,Preprocessed_Dataset/ddsm/ddsm_7628.jpg,train
2.122333,0.47955477,1.3901416,2.111964,0,normal,Preprocessed_Dataset/ddsm/ddsm_758.jpg,train
0.23113,1.5059451,1.4739975,1.8604635,2,malignant,Preprocessed_Dataset/cmmd/cmmd_3450.jpg,train
0.44775707,0.849159,1.7765281,0.88005817,2,malignant,Preprocessed_Dataset/cmmd/cmmd_4798.jpg,train
0.17444861,0.9423723,1.5789087,1.1246083,1,benign,Preprocessed_Dataset/cmmd/cmmd_4380.jpg,train
1.4028225,1.4895797,1.3881726,0.82024497,0,normal,Preprocessed_Dataset/cdd-cesm/cdd-cesm_87.jpg,train
1.9928359,2.2043648,1.5639147,1.0568254,1,benign,Preprocessed_Dataset/ddsm/ddsm_6501.jpg,train
1.2998977,1.5718253,1.6244678,1.0109419,0,normal,Preprocessed_Dataset/cdd-cesm/cdd-cesm_896.jpg,train
0.7150216,1.8436396,1.5371556,1.8148952,2,malignant,Preprocessed_Dataset/cmmd/cmmd_1326.jpg,train
0.5855337,0.82054394,1.5602204,0.7137649,0,normal,Preprocessed_Dataset/kau-bcmd/kau-bcmd_1457.jpg,train
0.23968828,0.8877783,1.565435,1.1910316,2,malignant,Preprocessed_Dataset/cmmd/cmmd_3770.jpg,train
2.0043511,2.0930321,0.7481934,0.6804157,0,normal,Preprocessed_Dataset/ddsm/ddsm_1775.jpg,train
1.6675401,0.8349823,2.396929,1.0466108,1,benign,Preprocessed_Dataset/ddsm/ddsm_9656.jpg,train
1.7768025,2.007158,1.9408084,1.606955,0,normal,Preprocessed_Dataset/ddsm/ddsm_905.jpg,train
1.9173604,2.428224,1.012392,1.367789,1,benign,Preprocessed_Dataset/ddsm/ddsm_9319.jpg,train
1.9687858,0.70351636,1.3096409,1.1856456,0,normal,Preprocessed_Dataset/ddsm/ddsm_240.jpg,train
1.540134,1.8460679,1.8202236,1.739691,2,malignant,Preprocessed_Dataset/ddsm/ddsm_5809.jpg,train
1.7718972,0.8744283,2.412101,1.3568766,1,benign,Preprocessed_Dataset/ddsm/ddsm_6856.jpg,train
1.8008231,1.7554301,1.8574718,1.6979167,1,benign,Preprocessed_Dataset/ddsm/ddsm_8625.jpg,train
0.891937,0.47569412,1.6608895,0.5154501,1,benign,Preprocessed_Dataset/inbreast/inbreast_228.jpg,train
1.2383493,1.4568123,1.5466444,0.6963833,0,normal,Preprocessed_Dataset/cdd-cesm/cdd-cesm_295.jpg,train
1.3054188,0.38199627,1.7571425,0.35433638,1,benign,Preprocessed_Dataset/inbreast/inbreast_317.jpg,train
1.6504853,1.6307533,1.061251,0.75096464,2,malignant,Preprocessed_Dataset/ddsm/ddsm_3865.jpg,train
2.1591823,2.7627373,1.080915,1.3285547,2,malignant,Preprocessed_Dataset/ddsm/ddsm_4775.jpg,train
0.15437531,1.4484956,1.5273048,1.664854,2,malignant,Preprocessed_Dataset/cmmd/cmmd_940.jpg,train
2.0736918,0.53309935,0.84515107,1.6476624,1,benign,Preprocessed_Dataset/ddsm/ddsm_8666.jpg,train
1.1105094,1.01549,1.4270374,1.7407153,0,normal,Preprocessed_Dataset/cdd-cesm/cdd-cesm_305.jpg,train
1.9650017,0.81143594,1.9229946,1.4762884,1,benign,Preprocessed_Dataset/ddsm/ddsm_9932.jpg,train
1.9588974,0.6929096,2.109922,1.5739617,1,benign,Preprocessed_Dataset/ddsm/ddsm_9728.jpg,train
0.39309818,1.5031762,1.6667572,2.0580199,2,malignant,Preprocessed_Dataset/cmmd/cmmd_3282.jpg,train
0.0773747,1.3698034,1.7043048,1.4984462,0,normal,Preprocessed_Dataset/kau-bcmd/kau-bcmd_129.jpg,train
1.338733,1.0519401,1.3973091,1.7542729,0,normal,Preprocessed_Dataset/cdd-cesm/cdd-cesm_906.jpg,train
1.6602489,1.8950968,2.047926,1.4583595,1,benign,Preprocessed_Dataset/ddsm/ddsm_8781.jpg,train
0.26035,0.7893115,1.3660592,1.3486954,2,malignant,Preprocessed_Dataset/cmmd/cmmd_3639.jpg,train
2.2453198,2.3119998,1.1742709,0.80771816,1,benign,Preprocessed_Dataset/ddsm/ddsm_7883.jpg,train
2.3819761,0.5108319,1.0565909,1.9348037,2,malignant,Preprocessed_Dataset/ddsm/ddsm_4306.jpg,train
0.53431946,0.6179209,1.3000096,1.0881114,2,malignant,Preprocessed_Dataset/cmmd/cmmd_3744.jpg,train
1.625896,0.23314333,1.8936946,1.037694,0,normal,Preprocessed_Dataset/ddsm/ddsm_2416.jpg,train
0.7181213,0.7258815,1.5435117,0.9109546,0,normal,Preprocessed_Dataset/kau-bcmd/kau-bcmd_222.jpg,train
0.13892233,1.5188091,1.4635992,1.5641264,2,malignant,Preprocessed_Dataset/cmmd/cmmd_933.jpg,train
1.8268857,1.2728341,2.3796043,1.4786736,1,benign,Preprocessed_Dataset/ddsm/ddsm_8920.jpg,train
2.8198018,0.73801404,1.4386218,2.4301972,0,normal,Preprocessed_Dataset/ddsm/ddsm_2130.jpg,train
0.26117605,1.2433252,1.7066425,1.465647,0,normal,Preprocessed_Dataset/kau-bcmd/kau-bcmd_1334.jpg,train
1.7506654,0.46702272,0.7965959,1.4070222,1,benign,Preprocessed_Dataset/ddsm/ddsm_6778.jpg,train
1.9952086,0.6516348,2.5111613,1.3007087,1,benign,Preprocessed_Dataset/ddsm/ddsm_9020.jpg,train
1.1589372,1.0708843,2.3018193,1.4798948,0,normal,Preprocessed_Dataset/cdd-cesm/cdd-cesm_604.jpg,train
1.7469202,0.45085597,1.9068395,0.99925107,0,normal,Preprocessed_Dataset/ddsm/ddsm_1688.jpg,train
1.9373167,0.56089705,0.8693435,1.837087,1,benign,Preprocessed_Dataset/ddsm/ddsm_7210.jpg,train
1.9770412,2.2345495,0.7405746,0.7808542,1,benign,Preprocessed_Dataset/ddsm/ddsm_8267.jpg,train
1.9787114,0.6113218,2.414414,1.4179326,1,benign,Preprocessed_Dataset/ddsm/ddsm_9460.jpg,train
0.2413944,1.4288119,1.632036,1.9092892,2,malignant,Preprocessed_Dataset/cmmd/cmmd_2716.jpg,train
0.56400996,1.7279443,1.4275141,1.7141807,2,malignant,Preprocessed_Dataset/cmmd/cmmd_1574.jpg,train
1.8700299,0.64593697,2.4561753,0.95756584,0,normal,Preprocessed_Dataset/ddsm/ddsm_848.jpg,train
0.3311894,1.6075001,1.676554,2.0000668,2,malignant,Preprocessed_Dataset/cmmd/cmmd_2665.jpg,train
1.795544,2.0231328,1.7216574,1.1248586,1,benign,Preprocessed_Dataset/ddsm/ddsm_6903.jpg,train
0.5754444,0.63547677,1.5157323,0.79032505,2,malignant,Preprocessed_Dataset/cmmd/cmmd_4532.jpg,train
2.4058342,0.5765883,1.2596008,2.1002247,1,benign,Preprocessed_Dataset/ddsm/ddsm_8758.jpg,train
0.5625094,1.2776484,1.8798096,1.2069601,1,benign,Preprocessed_Dataset/kau-bcmd/kau-bcmd_1359.jpg,train
0.91861856,0.49292576,1.5933298,0.55704993,1,benign,Preprocessed_Dataset/inbreast/inbreast_241.jpg,train
2.108465,0.70993847,1.92962,1.6402458,1,benign,Preprocessed_Dataset/ddsm/ddsm_8644.jpg,train
2.313407,0.30419016,0.8354658,1.7496552,0,normal,Preprocessed_Dataset/ddsm/ddsm_798.jpg,train
1.2755941,1.744614,1.2716062,0.9078943,1,benign,Preprocessed_Dataset/ddsm/ddsm_6469.jpg,train
2.193294,2.4702592,1.627959,1.3071948,0,normal,Preprocessed_Dataset/ddsm/ddsm_1363.jpg,train
0.31113315,0.81716716,1.5520803,1.0496622,2,malignant,Preprocessed_Dataset/cmmd/cmmd_4634.jpg,train
1.7885215,1.9607873,2.0753076,1.7459383,2,malignant,Preprocessed_Dataset/ddsm/ddsm_5861.jpg,train
2.1713104,0.53244644,0.87843746,2.0054476,2,malignant,Preprocessed_Dataset/ddsm/ddsm_3674.jpg,train
2.1408074,0.92206204,2.3159666,1.1744288,1,benign,Preprocessed_Dataset/ddsm/ddsm_6736.jpg,train
1.2140077,1.7362888,1.0114552,0.89473945,2,malignant,Preprocessed_Dataset/ddsm/ddsm_3963.jpg,train
1.9419999,2.0251417,1.607474,0.80127966,0,normal,Preprocessed_Dataset/ddsm/ddsm_1215.jpg,train
2.7163339,1.9375231,0.84851116,0.91538876,2,malignant,Preprocessed_Dataset/ddsm/ddsm_3419.jpg,train
0.5450061,1.6263618,1.7694992,2.0158107,0,normal,Preprocessed_Dataset/kau-bcmd/kau-bcmd_658.jpg,train
1.6143194,2.0147717,0.85244924,1.003667,2,malignant,Preprocessed_Dataset/ddsm/ddsm_4455.jpg,train
1.0569164,1.3306644,1.48875,0.87463063,1,benign,Preprocessed_Dataset/cdd-cesm/cdd-cesm_420.jpg,train
1.1853515,1.3840833,2.1016135,2.0005746,1,benign,Preprocessed_Dataset/cdd-cesm/cdd-cesm_992.jpg,train
1.9368027,2.3807411,0.8582593,0.94406444,0,normal,Preprocessed_Dataset/ddsm/ddsm_1275.jpg,train
1.7532837,0.9283267,1.8499587,1.3390385,1,benign,Preprocessed_Dataset/ddsm/ddsm_10172.jpg,train
1.6903684,0.90475523,2.3524683,1.9292835,1,benign,Preprocessed_Dataset/ddsm/ddsm_9992.jpg,train
1.6407527,2.2025483,1.4500198,1.4159746,0,normal,Preprocessed_Dataset/ddsm/ddsm_943.jpg,train
0.6423999,0.69104373,1.5223291,0.75033,0,normal,Preprocessed_Dataset/kau-bcmd/kau-bcmd_532.jpg,train
1.168899,1.9320649,2.1342301,2.3687835,0,normal,Preprocessed_Dataset/ddsm/ddsm_649.jpg,train
1.8368006,2.363964,1.0626954,1.0893027,0,normal,Preprocessed_Dataset/ddsm/ddsm_1095.jpg,train
0.32835597,0.81992364,1.593384,1.053522,2,malignant,Preprocessed_Dataset/cmmd/cmmd_4785.jpg,train
1.3820709,1.4334233,1.4983444,0.93576425,0,normal,Preprocessed_Dataset/cdd-cesm/cdd-cesm_186.jpg,train
1.3345978,1.65136,1.9987965,1.6209536,1,benign,Preprocessed_Dataset/ddsm/ddsm_7617.jpg,train
1.8007245,1.7974138,1.6412855,0.9758478,1,benign,Preprocessed_Dataset/ddsm/ddsm_7909.jpg,train
2.2191634,0.91456807,2.3768668,1.2776135,1,benign,Preprocessed_Dataset/ddsm/ddsm_6852.jpg,train
2.1595683,2.2433472,0.7585365,0.5882787,0,normal,Preprocessed_Dataset/ddsm/ddsm_1139.jpg,train
1.7829516,0.5147247,0.99889743,1.3507187,0,normal,Preprocessed_Dataset/ddsm/ddsm_2314.jpg,train
0.33713388,0.7954656,1.4761677,1.1428585,1,benign,Preprocessed_Dataset/cmmd/cmmd_3577.jpg,train
1.5706291,1.7712607,2.0507836,1.5135244,1,benign,Preprocessed_Dataset/ddsm/ddsm_7037.jpg,train
0.18644834,1.2163984,1.7875049,1.5131698,1,benign,Preprocessed_Dataset/kau-bcmd/kau-bcmd_488.jpg,train
1.7673151,1.8602715,1.6936767,1.3870823,0,normal,Preprocessed_Dataset/ddsm/ddsm_197.jpg,train
1.752079,2.0618906,1.4110507,0.88629115,0,normal,Preprocessed_Dataset/ddsm/ddsm_2535.jpg,train
2.0584445,0.5695747,1.3923986,1.9784968,1,benign,Preprocessed_Dataset/ddsm/ddsm_7542.jpg,train
1.6210172,1.8451463,1.0129317,1.1024188,1,benign,Preprocessed_Dataset/ddsm/ddsm_10349.jpg,train
0.5747578,0.8592335,1.4420729,1.0750259,1,benign,Preprocessed_Dataset/cmmd/cmmd_3590.jpg,train
0.38517308,0.83154786,1.590924,0.92988336,2,malignant,Preprocessed_Dataset/cmmd/cmmd_5006.jpg,train
1.9242375,0.56877,0.54200494,1.7451146,0,normal,Preprocessed_Dataset/ddsm/ddsm_2642.jpg,train
2.2483423,2.0565045,1.3200258,0.82793266,2,malignant,Preprocessed_Dataset/ddsm/ddsm_5059.jpg,train
0.16118383,1.4567808,1.4771719,1.6023315,2,malignant,Preprocessed_Dataset/cmmd/cmmd_2600.jpg,train
0.23658025,1.5474298,1.6795285,1.8647889,0,normal,Preprocessed_Dataset/kau-bcmd/kau-bcmd_650.jpg,train
1.4530302,1.8280936,1.3758287,1.627594,1,benign,Preprocessed_Dataset/ddsm/ddsm_8405.jpg,train
2.5468912,0.32131982,1.4016166,2.0394197,0,normal,Preprocessed_Dataset/ddsm/ddsm_1294.jpg,train
1.440485,1.1782581,1.6334189,0.35037243,2,malignant,Preprocessed_Dataset/cdd-cesm/cdd-cesm_793.jpg,train
0.88346577,2.2971377,1.2796938,2.4325457,1,benign,Preprocessed_Dataset/inbreast/inbreast_133.jpg,train
2.374858,0.2535938,0.90388066,1.8427597,0,normal,Preprocessed_Dataset/ddsm/ddsm_2274.jpg,train
1.96169,1.7733669,2.3640351,1.6160485,0,normal,Preprocessed_Dataset/ddsm/ddsm_1769.jpg,train
0.2331264,0.97919333,1.7340375,1.0643191,2,malignant,Preprocessed_Dataset/cmmd/cmmd_2711.jpg,train
1.6669934,1.8644564,1.7898421,0.64645,2,malignant,Preprocessed_Dataset/ddsm/ddsm_3849.jpg,train
0.19974494,0.85074115,1.521828,1.2925531,2,malignant,Preprocessed_Dataset/cmmd/cmmd_4504.jpg,train
1.4042702,1.8810043,0.79256266,1.317215,2,malignant,Preprocessed_Dataset/ddsm/ddsm_4931.jpg,train
1.9852465,2.6067262,1.1004653,1.5645267,1,benign,Preprocessed_Dataset/ddsm/ddsm_6435.jpg,train
2.1847415,0.6050268,0.94358087,2.0688708,1,benign,Preprocessed_Dataset/ddsm/ddsm_9198.jpg,train
2.2662275,2.26985,1.4237075,0.68043196,1,benign,Preprocessed_Dataset/ddsm/ddsm_8843.jpg,train
0.5296432,1.6556028,1.793467,2.1473684,0,normal,Preprocessed_Dataset/kau-bcmd/kau-bcmd_1403.jpg,train
0.42460096,0.6923288,1.3796238,1.2297205,2,malignant,Preprocessed_Dataset/cmmd/cmmd_807.jpg,train
2.0516372,0.93494564,1.838287,0.6383991,2,malignant,Preprocessed_Dataset/ddsm/ddsm_3400.jpg,train
0.47928095,0.53129274,1.298377,1.247255,2,malignant,Preprocessed_Dataset/dmid/dmid_501.jpg,train
2.0477505,0.29641914,1.1559209,1.287651,1,benign,Preprocessed_Dataset/ddsm/ddsm_7818.jpg,train
1.6109099,0.92007196,0.60430986,1.8869382,2,malignant,Preprocessed_Dataset/ddsm/ddsm_5174.jpg,train
0.47208697,0.76758,1.433079,1.0365217,2,malignant,Preprocessed_Dataset/cmmd/cmmd_3850.jpg,train
1.4915974,2.0765836,1.3198435,1.1821378,2,malignant,Preprocessed_Dataset/ddsm/ddsm_5103.jpg,train
0.76524,1.6764342,1.6050277,1.7880429,2,malignant,Preprocessed_Dataset/kau-bcmd/kau-bcmd_1038.jpg,train
0.340016,0.70217156,1.6238436,1.2301049,1,benign,Preprocessed_Dataset/cmmd/cmmd_2247.jpg,train
1.764521,2.0034528,2.1154406,1.5371715,1,benign,Preprocessed_Dataset/ddsm/ddsm_9493.jpg,train
1.9285839,0.55615586,1.1408786,2.017855,1,benign,Preprocessed_Dataset/ddsm/ddsm_9838.jpg,train
0.14889741,1.2426318,1.6295058,1.3800663,0,normal,Preprocessed_Dataset/kau-bcmd/kau-bcmd_738.jpg,train
0.35439187,0.80696785,1.2602123,1.3588992,2,malignant,Preprocessed_Dataset/cmmd/cmmd_1012.jpg,train
1.4724635,0.47491312,0.65189,1.2456665,1,benign,Preprocessed_Dataset/ddsm/ddsm_6770.jpg,train
1.8414876,2.0613956,1.495206,0.8845292,2,malignant,Preprocessed_Dataset/ddsm/ddsm_4147.jpg,train
0.42820722,1.6548648,1.2635244,1.6368335,2,malignant,Preprocessed_Dataset/cmmd/cmmd_259.jpg,train
0.35261828,0.8482902,1.5405897,0.8962289,0,normal,Preprocessed_Dataset/kau-bcmd/kau-bcmd_764.jpg,train
1.8668139,0.41365683,1.1809145,1.9540489,1,benign,Preprocessed_Dataset/ddsm/ddsm_8806.jpg,train
1.6849581,0.7507543,1.4655766,1.9822397,2,malignant,Preprocessed_Dataset/ddsm/ddsm_5998.jpg,train
1.3989105,1.0803357,0.58220327,0.28291416,1,benign,Preprocessed_Dataset/ddsm/ddsm_6606.jpg,train
2.5306425,0.27808285,0.8281125,1.9169389,0,normal,Preprocessed_Dataset/ddsm/ddsm_1118.jpg,train
0.3425207,1.5580316,1.449991,2.0820067,0,normal,Preprocessed_Dataset/kau-bcmd/kau-bcmd_918.jpg,train
1.7994366,2.2848365,1.6833982,0.7789606,0,normal,Preprocessed_Dataset/ddsm/ddsm_1137.jpg,train
0.85521376,0.9395105,1.7746315,1.0927234,2,malignant,Preprocessed_Dataset/kau-bcmd/kau-bcmd_819.jpg,train
1.1594836,1.4809463,1.2059757,0.8355453,0,normal,Preprocessed_Dataset/cdd-cesm/cdd-cesm_719.jpg,train
1.5569199,2.0520358,1.4951398,1.3400922,2,malignant,Preprocessed_Dataset/ddsm/ddsm_5791.jpg,train
0.406296,1.5856497,1.5462309,2.1678178,0,normal,Preprocessed_Dataset/kau-bcmd/kau-bcmd_340.jpg,train
0.37007457,1.5828569,1.6417454,1.9486448,1,benign,Preprocessed_Dataset/cmmd/cmmd_2222.jpg,train
0.1794349,1.4950402,1.5330514,1.721657,2,malignant,Preprocessed_Dataset/cmmd/cmmd_1728.jpg,train
0.23273814,1.6600318,1.325609,1.7795273,1,benign,Preprocessed_Dataset/cmmd/cmmd_2216.jpg,train
2.1905606,0.9358176,2.114561,1.7109873,0,normal,Preprocessed_Dataset/ddsm/ddsm_1052.jpg,train
1.5471947,1.8872726,2.233539,1.7130579,0,normal,Preprocessed_Dataset/ddsm/ddsm_845.jpg,train
0.37562698,1.2903569,1.6961747,1.3568027,0,normal,Preprocessed_Dataset/kau-bcmd/kau-bcmd_48.jpg,train
0.43623507,1.1108519,1.8544378,1.098094,0,normal,Preprocessed_Dataset/kau-bcmd/kau-bcmd_211.jpg,train
1.6794657,2.2349048,2.2508936,2.0388455,0,normal,Preprocessed_Dataset/ddsm/ddsm_497.jpg,train
0.58727914,1.6136814,1.4567174,1.4505463,1,benign,Preprocessed_Dataset/cmmd/cmmd_540.jpg,train
0.506605,1.6357338,1.5257638,1.9279922,1,benign,Preprocessed_Dataset/cmmd/cmmd_2461.jpg,train
1.9718752,1.866007,2.2555132,2.0805404,1,benign,Preprocessed_Dataset/ddsm/ddsm_9977.jpg,train
1.3193201,1.6034032,2.0687149,1.5829303,1,benign,Preprocessed_Dataset/ddsm/ddsm_7221.jpg,train
1.6575178,2.0407867,1.4209418,0.9210791,2,malignant,Preprocessed_Dataset/ddsm/ddsm_5571.jpg,train
0.12404108,1.3824202,1.444825,1.6010077,2,malignant,Preprocessed_Dataset/cmmd/cmmd_904.jpg,train
0.21953893,0.8889667,1.5849333,1.0800334,1,benign,Preprocessed_Dataset/cmmd/cmmd_2447.jpg,train
0.32101643,1.6115782,1.6725574,1.8211064,1,benign,Preprocessed_Dataset/cmmd/cmmd_1897.jpg,train
0.13734996,1.4287605,1.5784909,1.6685936,2,malignant,Preprocessed_Dataset/cmmd/cmmd_2988.jpg,train
0.3162849,0.896954,1.5162858,0.955232,2,malignant,Preprocessed_Dataset/cmmd/cmmd_2067.jpg,train
2.2515008,0.7204052,1.923049,2.3521478,2,malignant,Preprocessed_Dataset/ddsm/ddsm_5262.jpg,train
0.56200445,1.747607,1.324738,1.9885001,0,normal,Preprocessed_Dataset/kau-bcmd/kau-bcmd_1625.jpg,train
2.2757127,0.63187873,1.478625,2.0308938,1,benign,Preprocessed_Dataset/ddsm/ddsm_8734.jpg,train
2.2612429,0.35103655,1.3623066,1.4491005,2,malignant,Preprocessed_Dataset/ddsm/ddsm_2926.jpg,train
1.4788504,2.0231805,1.9377568,1.7352021,0,normal,Preprocessed_Dataset/ddsm/ddsm_2641.jpg,train
0.4753614,1.9100406,1.1391681,1.8997954,1,benign,Preprocessed_Dataset/dmid/dmid_67.jpg,train
0.7033444,1.567994,1.744966,1.3134387,2,malignant,Preprocessed_Dataset/ddsm/ddsm_4121.jpg,train
1.0737699,1.1563542,1.8835796,0.98513544,0,normal,Preprocessed_Dataset/cdd-cesm/cdd-cesm_242.jpg,train
0.1878835,1.4937459,1.5204215,1.8322339,0,normal,Preprocessed_Dataset/kau-bcmd/kau-bcmd_204.jpg,train
0.4501292,1.5794735,1.8513267,1.9006348,2,malignant,Preprocessed_Dataset/cmmd/cmmd_3527.jpg,train
1.9650216,0.67830795,1.1896667,1.9124885,0,normal,Preprocessed_Dataset/ddsm/ddsm_642.jpg,train
1.9022427,2.1283278,1.1454654,0.6964444,0,normal,Preprocessed_Dataset/ddsm/ddsm_2387.jpg,train
0.63768065,1.6617796,1.921911,1.9689511,2,malignant,Preprocessed_Dataset/cmmd/cmmd_3476.jpg,train
2.1637723,0.42031246,1.2596586,1.8257725,0,normal,Preprocessed_Dataset/ddsm/ddsm_2390.jpg,train
2.4688635,0.6894179,0.9245975,2.0971885,2,malignant,Preprocessed_Dataset/ddsm/ddsm_5798.jpg,train
0.23501956,1.5015931,1.4074063,1.7897282,1,benign,Preprocessed_Dataset/cmmd/cmmd_480.jpg,train
1.4235752,1.5994339,2.1530333,1.6376057,2,malignant,Preprocessed_Dataset/ddsm/ddsm_3705.jpg,train
2.5830202,0.5479018,0.9570572,2.101719,1,benign,Preprocessed_Dataset/ddsm/ddsm_10054.jpg,train
0.21481013,0.8772633,1.5514296,1.190373,1,benign,Preprocessed_Dataset/cmmd/cmmd_2482.jpg,train
0.34170723,1.52434,1.4869089,1.9862046,0,normal,Preprocessed_Dataset/kau-bcmd/kau-bcmd_341.jpg,train
2.0879748,0.81489253,1.6960281,0.5864373,1,benign,Preprocessed_Dataset/ddsm/ddsm_6508.jpg,train
0.555553,1.6412205,1.827336,1.968534,2,malignant,Preprocessed_Dataset/cmmd/cmmd_3266.jpg,train
1.7001843,2.239613,0.7740606,1.0221722,1,benign,Preprocessed_Dataset/ddsm/ddsm_7007.jpg,train
1.6597522,1.7352142,2.3891032,1.4339722,1,benign,Preprocessed_Dataset/ddsm/ddsm_6599.jpg,train
0.22805107,0.9555453,1.6314987,0.96236986,2,malignant,Preprocessed_Dataset/cmmd/cmmd_902.jpg,train
1.3836168,0.5111635,2.0125866,0.9208869,2,malignant,Preprocessed_Dataset/ddsm/ddsm_4196.jpg,train
1.9437236,1.6553596,2.3901498,1.365847,2,malignant,Preprocessed_Dataset/ddsm/ddsm_6261.jpg,train
1.9704255,2.2964664,1.8618242,1.5622699,0,normal,Preprocessed_Dataset/ddsm/ddsm_947.jpg,train
0.9702443,0.58961457,1.4414892,0.73089194,0,normal,Preprocessed_Dataset/kau-bcmd/kau-bcmd_1730.jpg,train
1.8516824,2.172948,1.0696142,0.83102417,2,malignant,Preprocessed_Dataset/ddsm/ddsm_4015.jpg,train
0.09656489,1.1459931,1.7325934,1.2262969,0,normal,Preprocessed_Dataset/kau-bcmd/kau-bcmd_1412.jpg,train
0.38012958,1.6133734,1.6156548,2.130763,2,malignant,Preprocessed_Dataset/cmmd/cmmd_2865.jpg,train
1.6042361,2.1789641,0.9479311,1.5251021,1,benign,Preprocessed_Dataset/ddsm/ddsm_6679.jpg,train
1.9341937,0.74749136,2.3066518,1.4181558,1,benign,Preprocessed_Dataset/ddsm/ddsm_7680.jpg,train
1.7404904,2.0232623,1.2389233,0.9041875,0,normal,Preprocessed_Dataset/ddsm/ddsm_855.jpg,train
1.7747622,1.7935886,2.384037,1.6754768,1,benign,Preprocessed_Dataset/ddsm/ddsm_9525.jpg,train
0.14676094,0.9361032,1.5446926,1.3791678,1,benign,Preprocessed_Dataset/cmmd/cmmd_570.jpg,train
0.20939076,1.4815774,1.6237687,1.7176397,1,benign,Preprocessed_Dataset/cmmd/cmmd_2131.jpg,train
1.0961514,0.694845,1.4643259,0.97423077,0,normal,Preprocessed_Dataset/kau-bcmd/kau-bcmd_2020.jpg,train
1.1619567,0.37478882,1.7966567,0.64159626,1,benign,Preprocessed_Dataset/inbreast/inbreast_57.jpg,train
1.7618098,2.2608857,1.4782221,1.5131028,2,malignant,Preprocessed_Dataset/ddsm/ddsm_4491.jpg,train
1.9669378,2.5402083,0.7468803,1.3066902,0,normal,Preprocessed_Dataset/ddsm/ddsm_547.jpg,train
0.17159152,0.8984332,1.4779136,1.3830755,2,malignant,Preprocessed_Dataset/cmmd/cmmd_44.jpg,train
0.27977562,1.2522848,1.7284632,1.5264611,0,normal,Preprocessed_Dataset/kau-bcmd/kau-bcmd_15.jpg,train
1.4609215,1.347051,1.3606796,0.8983735,1,benign,Preprocessed_Dataset/cdd-cesm/cdd-cesm_468.jpg,train
2.0673442,0.81472284,1.5885069,1.5470655,1,benign,Preprocessed_Dataset/ddsm/ddsm_7540.jpg,train
1.6692958,1.6447668,2.1623938,1.500277,0,normal,Preprocessed_Dataset/ddsm/ddsm_2289.jpg,train
2.086054,0.80806756,2.0149567,1.0403774,2,malignant,Preprocessed_Dataset/ddsm/ddsm_3048.jpg,train
0.2410971,0.91805154,1.717409,1.0840797,0,normal,Preprocessed_Dataset/kau-bcmd/kau-bcmd_2110.jpg,train
0.3809778,1.6069331,1.4940304,2.0489273,0,normal,Preprocessed_Dataset/kau-bcmd/kau-bcmd_1748.jpg,train
1.4610592,1.0753913,1.4799231,0.89498305,2,malignant,Preprocessed_Dataset/ddsm/ddsm_3912.jpg,train
2.0464237,2.0163038,1.3364359,0.8154243,2,malignant,Preprocessed_Dataset/ddsm/ddsm_2899.jpg,train
2.2499938,1.8270307,2.0700095,1.2943467,0,normal,Preprocessed_Dataset/ddsm/ddsm_1993.jpg,train
0.31493324,0.7175703,1.2915878,1.464917,1,benign,Preprocessed_Dataset/cmmd/cmmd_3607.jpg,train
0.119689345,1.393527,1.4571517,1.6517107,2,malignant,Preprocessed_Dataset/cmmd/cmmd_1545.jpg,train
1.83481,0.882319,2.2971134,1.2403786,1,benign,Preprocessed_Dataset/ddsm/ddsm_8228.jpg,train
1.9554634,2.1450362,1.8274457,1.037956,0,normal,Preprocessed_Dataset/ddsm/ddsm_1709.jpg,train
0.6559218,1.0146108,1.6391299,0.6810413,0,normal,Preprocessed_Dataset/kau-bcmd/kau-bcmd_148.jpg,train
1.9498771,0.889961,2.140615,0.9861847,2,malignant,Preprocessed_Dataset/ddsm/ddsm_4492.jpg,train
1.8889275,1.5615475,2.1785645,1.1716585,2,malignant,Preprocessed_Dataset/ddsm/ddsm_5897.jpg,train
1.7971106,1.0934058,2.1681864,1.4759824,2,malignant,Preprocessed_Dataset/ddsm/ddsm_5504.jpg,train
1.6327853,1.889116,2.1724803,2.027728,0,normal,Preprocessed_Dataset/ddsm/ddsm_1429.jpg,train
2.050129,2.5009246,1.2750429,0.80304825,0,normal,Preprocessed_Dataset/ddsm/ddsm_309.jpg,train
1.4192382,1.6784558,1.9191406,1.579314,0,normal,Preprocessed_Dataset/ddsm/ddsm_1553.jpg,train
2.186872,0.2954926,1.2250403,2.2567656,0,normal,Preprocessed_Dataset/ddsm/ddsm_832.jpg,train
2.7079759,0.23372233,1.4849892,2.1686006,2,malignant,Preprocessed_Dataset/ddsm/ddsm_5322.jpg,train
1.3113313,1.9521687,1.6788783,1.6210002,2,malignant,Preprocessed_Dataset/ddsm/ddsm_6109.jpg,train
0.2289244,1.2333964,1.7335702,1.4862632,0,normal,Preprocessed_Dataset/kau-bcmd/kau-bcmd_412.jpg,train
1.7911906,2.4479961,0.8627468,1.401735,1,benign,Preprocessed_Dataset/ddsm/ddsm_9791.jpg,train
0.506095,0.98525274,1.7672361,0.6822145,2,malignant,Preprocessed_Dataset/cmmd/cmmd_1898.jpg,train
0.18029642,1.5493104,1.4951141,1.7569382,1,benign,Preprocessed_Dataset/cmmd/cmmd_437.jpg,train
2.3990304,0.42092043,1.1739182,2.2820275,0,normal,Preprocessed_Dataset/ddsm/ddsm_746.jpg,train
2.0487165,1.789083,1.4235706,0.76428664,1,benign,Preprocessed_Dataset/ddsm/ddsm_7811.jpg,train
1.745328,1.922497,1.49053,1.9151068,2,malignant,Preprocessed_Dataset/ddsm/ddsm_5629.jpg,train
1.9342277,0.43081176,1.35903,0.94758135,1,benign,Preprocessed_Dataset/ddsm/ddsm_7164.jpg,train
0.39503783,1.7009118,1.7287232,2.0014992,2,malignant,Preprocessed_Dataset/cmmd/cmmd_3086.jpg,train
1.1090018,0.7965801,2.1658382,0.81054485,1,benign,Preprocessed_Dataset/ddsm/ddsm_7760.jpg,train
2.3598633,0.43072033,1.8047063,2.0987082,2,malignant,Preprocessed_Dataset/ddsm/ddsm_4390.jpg,train
2.3817005,2.0684206,1.9751859,1.3746853,0,normal,Preprocessed_Dataset/ddsm/ddsm_1825.jpg,train
2.3008769,0.49246764,1.9474201,1.5766339,0,normal,Preprocessed_Dataset/ddsm/ddsm_2748.jpg,train
0.1464634,1.4530978,1.5221289,1.658604,1,benign,Preprocessed_Dataset/cmmd/cmmd_719.jpg,train
0.37681717,0.9005334,1.7194592,0.7993128,1,benign,Preprocessed_Dataset/cmmd/cmmd_2248.jpg,train
2.2502434,0.82362056,2.254156,1.0807104,2,malignant,Preprocessed_Dataset/ddsm/ddsm_5700.jpg,train
1.4557709,1.6770759,1.8905879,1.3774608,1,benign,Preprocessed_Dataset/ddsm/ddsm_6741.jpg,train
1.6383724,0.4414881,0.8591807,1.1334884,2,malignant,Preprocessed_Dataset/ddsm/ddsm_2822.jpg,train
1.506543,2.296297,1.1203035,1.6438291,0,normal,Preprocessed_Dataset/ddsm/ddsm_2659.jpg,train
0.40606135,0.8197768,1.6156902,0.8607404,2,malignant,Preprocessed_Dataset/cmmd/cmmd_4536.jpg,train
1.8890264,0.90563595,2.0880995,0.87301075,1,benign,Preprocessed_Dataset/ddsm/ddsm_9920.jpg,train
1.3067987,2.0325565,0.9352883,1.5441402,1,benign,Preprocessed_Dataset/ddsm/ddsm_10255.jpg,train
1.8107433,2.163856,1.1976821,1.1225069,0,normal,Preprocessed_Dataset/ddsm/ddsm_187.jpg,train
1.7870717,2.3243742,0.9795251,1.0527763,0,normal,Preprocessed_Dataset/ddsm/ddsm_1367.jpg,train
0.22575653,1.5672507,1.451554,1.7338185,2,malignant,Preprocessed_Dataset/cmmd/cmmd_1401.jpg,train
1.6509805,1.1356785,2.5539968,1.1527791,2,malignant,Preprocessed_Dataset/ddsm/ddsm_4280.jpg,train
1.8700306,1.8377151,1.7392902,1.4837471,1,benign,Preprocessed_Dataset/ddsm/ddsm_8893.jpg,train
1.3599049,0.51030034,1.9207914,1.3011707,1,benign,Preprocessed_Dataset/ddsm/ddsm_7736.jpg,train
0.2903381,0.826953,1.5238159,1.1492347,2,malignant,Preprocessed_Dataset/cmmd/cmmd_4134.jpg,train
0.35012478,1.5986433,1.6277996,1.9981005,2,malignant,Preprocessed_Dataset/cmmd/cmmd_2543.jpg,train
0.30656677,0.8043829,1.625739,1.0989851,0,normal,Preprocessed_Dataset/kau-bcmd/kau-bcmd_1826.jpg,train
1.1812394,1.9743245,2.349168,2.3389199,2,malignant,Preprocessed_Dataset/ddsm/ddsm_5537.jpg,train
1.7767177,0.6582838,1.8239262,2.0955842,2,malignant,Preprocessed_Dataset/ddsm/ddsm_5996.jpg,train
1.7306273,0.99662244,1.3920276,0.98403287,2,malignant,Preprocessed_Dataset/ddsm/ddsm_2836.jpg,train
1.0401196,1.4716005,1.3744446,0.9531269,0,normal,Preprocessed_Dataset/cdd-cesm/cdd-cesm_281.jpg,train
1.7971449,1.4624927,1.2889186,0.20776594,2,malignant,Preprocessed_Dataset/ddsm/ddsm_6338.jpg,train
0.93366003,1.6615729,2.0062783,1.833933,0,normal,Preprocessed_Dataset/kau-bcmd/kau-bcmd_1689.jpg,train
1.6228913,0.8596109,2.333416,0.7008277,0,normal,Preprocessed_Dataset/ddsm/ddsm_392.jpg,train
0.15243232,1.5744793,1.2960174,1.5002422,1,benign,Preprocessed_Dataset/cmmd/cmmd_1902.jpg,train
2.169725,0.592472,1.9785522,1.4736767,1,benign,Preprocessed_Dataset/ddsm/ddsm_9120.jpg,train
1.9360156,2.2189007,1.2993894,0.9672857,0,normal,Preprocessed_Dataset/ddsm/ddsm_715.jpg,train
2.248273,0.6270408,1.8648063,1.5039722,1,benign,Preprocessed_Dataset/ddsm/ddsm_8264.jpg,train
1.9041634,0.90419716,1.1130533,0.7885947,1,benign,Preprocessed_Dataset/ddsm/ddsm_8892.jpg,train
1.088378,1.0689602,2.015572,1.1101753,0,normal,Preprocessed_Dataset/cdd-cesm/cdd-cesm_520.jpg,train
0.11453962,1.4452571,1.402481,1.5293081,2,malignant,Preprocessed_Dataset/cmmd/cmmd_1739.jpg,train
1.38662,1.1373477,2.0317023,0.9744438,1,benign,Preprocessed_Dataset/cdd-cesm/cdd-cesm_507.jpg,train
1.880437,2.1630905,1.0217192,0.68290764,0,normal,Preprocessed_Dataset/ddsm/ddsm_1147.jpg,train
0.37006992,1.1412785,1.745666,1.0935171,1,benign,Preprocessed_Dataset/kau-bcmd/kau-bcmd_755.jpg,train
1.6778911,2.390078,1.0184102,1.4189413,2,malignant,Preprocessed_Dataset/ddsm/ddsm_4359.jpg,train
1.7701868,2.2107103,0.6601272,0.87566864,1,benign,Preprocessed_Dataset/ddsm/ddsm_7375.jpg,train
2.2716744,1.779698,1.6897438,1.092372,1,benign,Preprocessed_Dataset/ddsm/ddsm_7369.jpg,train
2.0026028,2.1071303,1.1104336,0.47271353,1,benign,Preprocessed_Dataset/ddsm/ddsm_8991.jpg,train
0.37096238,0.7874453,1.7294815,1.1307209,2,malignant,Preprocessed_Dataset/cmmd/cmmd_2077.jpg,train
1.9314048,2.174759,1.5119601,0.96384156,1,benign,Preprocessed_Dataset/ddsm/ddsm_6879.jpg,train
2.249462,0.83753514,1.8533542,1.8224198,2,malignant,Preprocessed_Dataset/ddsm/ddsm_5712.jpg,train
1.3055594,0.7750516,1.8339659,0.56862515,1,benign,Preprocessed_Dataset/ddsm/ddsm_7664.jpg,train
0.5339878,2.01387,1.1931187,1.8255541,0,normal,Preprocessed_Dataset/dmid/dmid_248.jpg,train
0.8468604,0.76745206,1.4786235,0.672963,0,normal,Preprocessed_Dataset/kau-bcmd/kau-bcmd_1500.jpg,train
2.4809165,0.7738458,0.7787456,2.1086788,2,malignant,Preprocessed_Dataset/ddsm/ddsm_4282.jpg,train
1.0744827,0.74813,1.7465615,0.5118577,0,normal,Preprocessed_Dataset/kau-bcmd/kau-bcmd_295.jpg,train
0.27209777,0.7985801,1.3483741,1.4009043,2,malignant,Preprocessed_Dataset/cmmd/cmmd_3959.jpg,train
0.2843272,1.5282695,1.4820199,1.8735919,2,malignant,Preprocessed_Dataset/cmmd/cmmd_3018.jpg,train
1.8088098,2.3608747,0.9680258,1.3762124,0,normal,Preprocessed_Dataset/ddsm/ddsm_639.jpg,train
1.4041638,1.9197278,1.024435,1.1147273,1,benign,Preprocessed_Dataset/ddsm/ddsm_9819.jpg,train
1.7526084,0.7424045,2.018177,1.3457049,1,benign,Preprocessed_Dataset/ddsm/ddsm_9612.jpg,train
2.2467198,2.0992372,1.966015,0.8646862,1,benign,Preprocessed_Dataset/ddsm/ddsm_8785.jpg,train
0.2390778,0.9318365,1.4019364,1.1786705,2,malignant,Preprocessed_Dataset/cmmd/cmmd_262.jpg,train
1.6476007,1.434212,2.4362082,1.245244,2,malignant,Preprocessed_Dataset/ddsm/ddsm_4697.jpg,train
2.1133354,0.6691534,1.1164572,1.8429615,0,normal,Preprocessed_Dataset/ddsm/ddsm_2362.jpg,train
1.7662904,2.259632,1.578002,1.2975355,2,malignant,Preprocessed_Dataset/ddsm/ddsm_4459.jpg,train
1.5207329,0.8571534,1.24143,0.9423134,0,normal,Preprocessed_Dataset/ddsm/ddsm_2624.jpg,train
0.48180693,1.6512882,1.5596986,2.149882,0,normal,Preprocessed_Dataset/kau-bcmd/kau-bcmd_2038.jpg,train
0.22064614,0.84443986,1.4967583,1.2696829,2,malignant,Preprocessed_Dataset/cmmd/cmmd_3749.jpg,train
0.6178832,1.3055372,1.8730026,1.2639487,1,benign,Preprocessed_Dataset/kau-bcmd/kau-bcmd_964.jpg,train
0.9817356,0.46426386,1.1200155,1.0703396,2,malignant,Preprocessed_Dataset/inbreast/inbreast_289.jpg,train
1.5066464,1.954886,1.3627571,0.9839778,1,benign,Preprocessed_Dataset/ddsm/ddsm_6811.jpg,train
1.6950912,0.7674031,2.61219,0.9537889,0,normal,Preprocessed_Dataset/ddsm/ddsm_572.jpg,train
0.1478368,1.4399046,1.6360718,1.6675415,2,malignant,Preprocessed_Dataset/cmmd/cmmd_2799.jpg,train
1.3209809,0.8578069,1.6503205,1.7301348,0,normal,Preprocessed_Dataset/ddsm/ddsm_2174.jpg,train
1.7165227,2.3329191,1.17292,0.9632815,0,normal,Preprocessed_Dataset/ddsm/ddsm_175.jpg,train
1.9947964,0.6275545,1.647082,1.9463364,2,malignant,Preprocessed_Dataset/ddsm/ddsm_5210.jpg,train
2.1642787,2.3864639,1.4520139,0.73634475,0,normal,Preprocessed_Dataset/ddsm/ddsm_577.jpg,train
0.30633682,1.458537,1.4500859,1.8376637,1,benign,Preprocessed_Dataset/cmmd/cmmd_423.jpg,train
0.40128684,0.736317,1.2039726,1.2504842,0,normal,Preprocessed_Dataset/kau-bcmd/kau-bcmd_771.jpg,train
1.10214,1.4381845,1.5878134,0.9361074,1,benign,Preprocessed_Dataset/cdd-cesm/cdd-cesm_398.jpg,train
2.6574368,0.79974914,1.9239433,1.2761289,0,normal,Preprocessed_Dataset/ddsm/ddsm_2236.jpg,train
0.12442005,1.4284852,1.4652731,1.6208777,2,malignant,Preprocessed_Dataset/cmmd/cmmd_1202.jpg,train
1.7060225,2.0131164,1.9079535,1.2338507,1,benign,Preprocessed_Dataset/ddsm/ddsm_7691.jpg,train
0.2746182,1.5469,1.679769,2.0686958,0,normal,Preprocessed_Dataset/kau-bcmd/kau-bcmd_107.jpg,train
1.102682,1.006988,1.727843,1.3404064,0,normal,Preprocessed_Dataset/kau-bcmd/kau-bcmd_1269.jpg,train
0.25787556,1.5012304,1.5376824,1.8886379,2,malignant,Preprocessed_Dataset/cmmd/cmmd_1735.jpg,train
0.74169594,0.5678343,1.6303802,0.62602454,1,benign,Preprocessed_Dataset/inbreast/inbreast_286.jpg,train
0.32399482,1.5217841,1.6458665,1.8963366,2,malignant,Preprocessed_Dataset/cmmd/cmmd_228.jpg,train
0.2688967,1.5313318,1.6063569,1.9821775,0,normal,Preprocessed_Dataset/kau-bcmd/kau-bcmd_1350.jpg,train
0.54572153,0.8799406,1.6458108,0.6960836,0,normal,Preprocessed_Dataset/kau-bcmd/kau-bcmd_1217.jpg,train
0.5975693,1.2910098,1.9378716,1.2253301,1,benign,Preprocessed_Dataset/kau-bcmd/kau-bcmd_598.jpg,train
2.1306953,0.889176,1.4172137,2.2471333,1,benign,Preprocessed_Dataset/ddsm/ddsm_7774.jpg,train
2.2942119,0.72677726,1.6091987,2.3554735,0,normal,Preprocessed_Dataset/ddsm/ddsm_1410.jpg,train
1.7249317,2.2229366,1.1577492,1.211926,1,benign,Preprocessed_Dataset/ddsm/ddsm_8667.jpg,train
0.48270583,0.9136435,1.6821221,0.78330255,2,malignant,Preprocessed_Dataset/cmmd/cmmd_4897.jpg,train
2.4877915,0.7372775,2.0033178,1.2730354,1,benign,Preprocessed_Dataset/ddsm/ddsm_9412.jpg,train
1.0207925,1.7946943,1.4879055,1.3447568,2,malignant,Preprocessed_Dataset/cmmd/cmmd_1455.jpg,train
0.4304918,1.3066728,1.7538164,1.5306563,1,benign,Preprocessed_Dataset/kau-bcmd/kau-bcmd_1051.jpg,train
2.0113337,1.9169421,2.5094898,1.9886806,0,normal,Preprocessed_Dataset/ddsm/ddsm_229.jpg,train
0.3633991,0.7846854,1.666195,0.9905587,0,normal,Preprocessed_Dataset/kau-bcmd/kau-bcmd_648.jpg,train
1.4564253,1.7784442,2.0531874,1.6149224,0,normal,Preprocessed_Dataset/ddsm/ddsm_2493.jpg,train
2.0219338,2.3215294,1.400765,1.068083,0,normal,Preprocessed_Dataset/ddsm/ddsm_2255.jpg,train
1.9655197,0.78602123,2.0342011,1.9279097,1,benign,Preprocessed_Dataset/ddsm/ddsm_8456.jpg,train
0.24559522,0.9356278,1.6169828,0.9673793,1,benign,Preprocessed_Dataset/cmmd/cmmd_2289.jpg,train
1.8551426,0.8060101,2.3944042,1.4493126,0,normal,Preprocessed_Dataset/ddsm/ddsm_2592.jpg,train
1.0616502,1.1308062,2.125713,1.1230667,2,malignant,Preprocessed_Dataset/cdd-cesm/cdd-cesm_98.jpg,train
0.366525,0.7413188,1.3403732,1.1135626,1,benign,Preprocessed_Dataset/cmmd/cmmd_588.jpg,train
1.820425,0.4987632,1.8288356,1.4223908,1,benign,Preprocessed_Dataset/ddsm/ddsm_9300.jpg,train
1.7090073,1.4345335,2.4263704,0.92601514,0,normal,Preprocessed_Dataset/ddsm/ddsm_2425.jpg,train
1.6636,0.70773137,1.7956535,1.724247,1,benign,Preprocessed_Dataset/ddsm/ddsm_7224.jpg,train
0.4566868,0.793653,1.6108322,0.8485452,0,normal,Preprocessed_Dataset/kau-bcmd/kau-bcmd_1957.jpg,train
0.5409741,1.6089365,1.6753503,1.8106419,2,malignant,Preprocessed_Dataset/cmmd/cmmd_986.jpg,train
0.29222053,1.632241,1.5040712,1.910937,2,malignant,Preprocessed_Dataset/cmmd/cmmd_3456.jpg,train
0.1758523,0.8818041,1.4344927,1.528618,1,benign,Preprocessed_Dataset/cmmd/cmmd_428.jpg,train
1.4495771,0.7471549,0.6501863,0.3528794,1,benign,Preprocessed_Dataset/ddsm/ddsm_7978.jpg,train
0.22541595,0.7936301,1.3742458,1.4766151,1,benign,Preprocessed_Dataset/cmmd/cmmd_444.jpg,train
1.493233,1.9001896,2.101989,1.9893314,0,normal,Preprocessed_Dataset/ddsm/ddsm_1605.jpg,train
1.5224173,2.3061786,0.8777301,1.4471722,0,normal,Preprocessed_Dataset/ddsm/ddsm_2767.jpg,train
2.0742884,0.6243443,2.1200109,0.2412467,0,normal,Preprocessed_Dataset/ddsm/ddsm_2352.jpg,train
0.18488872,1.1304593,1.6799511,1.1232826,0,normal,Preprocessed_Dataset/kau-bcmd/kau-bcmd_17.jpg,train
0.3330862,0.7459233,1.448428,1.3371503,2,malignant,Preprocessed_Dataset/cmmd/cmmd_292.jpg,train
0.11422074,0.97620595,1.6069638,1.312589,1,benign,Preprocessed_Dataset/cmmd/cmmd_537.jpg,train
0.98759997,1.4973851,1.8502628,1.7387654,1,benign,Preprocessed_Dataset/ddsm/ddsm_9853.jpg,train
1.9086571,0.9969431,2.5765767,1.2647072,0,normal,Preprocessed_Dataset/ddsm/ddsm_640.jpg,train
0.2001561,1.4781098,1.5904863,1.8661661,0,normal,Preprocessed_Dataset/kau-bcmd/kau-bcmd_1909.jpg,train
1.6431203,1.819623,1.553604,1.7569602,0,normal,Preprocessed_Dataset/ddsm/ddsm_1525.jpg,train
0.27110928,1.5879071,1.5130584,2.0068448,1,benign,Preprocessed_Dataset/cmmd/cmmd_2398.jpg,train
2.1709256,2.4463553,1.1259954,0.80427855,2,malignant,Preprocessed_Dataset/ddsm/ddsm_4527.jpg,train
0.23116636,0.87467444,1.3416432,1.4469808,2,malignant,Preprocessed_Dataset/cmmd/cmmd_4365.jpg,train
0.33738965,1.644372,1.4802583,1.7823216,2,malignant,Preprocessed_Dataset/cmmd/cmmd_1152.jpg,train
2.480967,0.57954335,1.2105962,2.3053916,1,benign,Preprocessed_Dataset/ddsm/ddsm_9186.jpg,train
1.1805046,0.9677962,1.2346542,1.6472458,1,benign,Preprocessed_Dataset/cdd-cesm/cdd-cesm_327.jpg,train
0.74672663,1.1543919,2.4035282,1.4885359,2,malignant,Preprocessed_Dataset/cdd-cesm/cdd-cesm_315.jpg,train
1.9847554,0.705962,1.9383231,1.4525363,0,normal,Preprocessed_Dataset/ddsm/ddsm_1504.jpg,train
1.515254,2.3646116,1.7751234,1.5278497,2,malignant,Preprocessed_Dataset/ddsm/ddsm_3761.jpg,train
0.478099,0.8078265,1.8346334,1.054122,2,malignant,Preprocessed_Dataset/cmmd/cmmd_4914.jpg,train
1.1307061,1.1559837,1.040449,1.231556,1,benign,Preprocessed_Dataset/ddsm/ddsm_9816.jpg,train
0.29648876,1.53174,1.5743128,2.0651815,2,malignant,Preprocessed_Dataset/cmmd/cmmd_2527.jpg,train
0.2975012,1.4969372,1.5654007,1.9439495,0,normal,Preprocessed_Dataset/kau-bcmd/kau-bcmd_1768.jpg,train
2.4566016,0.34189332,0.24934435,1.6122003,0,normal,Preprocessed_Dataset/ddsm/ddsm_1282.jpg,train
2.156069,0.3396563,0.4822991,1.6250048,0,normal,Preprocessed_Dataset/ddsm/ddsm_2282.jpg,train
0.18633461,1.5256686,1.4809004,1.6986942,2,malignant,Preprocessed_Dataset/cmmd/cmmd_876.jpg,train
1.1446158,1.3476013,1.8595014,1.1124527,2,malignant,Preprocessed_Dataset/cdd-cesm/cdd-cesm_806.jpg,train
0.2201221,0.93373215,1.4880397,1.1443995,2,malignant,Preprocessed_Dataset/cmmd/cmmd_3969.jpg,train
2.316176,0.16658807,1.0473403,1.5327206,0,normal,Preprocessed_Dataset/ddsm/ddsm_256.jpg,train
0.44852006,0.78070164,1.5426534,0.8949216,0,normal,Preprocessed_Dataset/kau-bcmd/kau-bcmd_166.jpg,train
0.2870028,1.5138276,1.5039821,1.9557813,2,malignant,Preprocessed_Dataset/cmmd/cmmd_3480.jpg,train
2.1599977,2.262197,0.9758778,0.66711795,2,malignant,Preprocessed_Dataset/ddsm/ddsm_2887.jpg,train
1.5212497,1.6601567,2.1820822,1.4500928,2,malignant,Preprocessed_Dataset/ddsm/ddsm_3941.jpg,train
2.2633371,2.2314122,1.8272572,1.1598941,2,malignant,Preprocessed_Dataset/ddsm/ddsm_6301.jpg,train
1.6526778,1.0156564,2.1705678,0.9288935,0,normal,Preprocessed_Dataset/ddsm/ddsm_2596.jpg,train
1.3092177,1.3001655,1.9763308,1.2325323,1,benign,Preprocessed_Dataset/cdd-cesm/cdd-cesm_117.jpg,train
1.8103158,0.6321693,1.7234888,1.7488347,0,normal,Preprocessed_Dataset/ddsm/ddsm_2536.jpg,train
0.4308957,1.5562034,1.6616038,2.0453196,0,normal,Preprocessed_Dataset/kau-bcmd/kau-bcmd_2129.jpg,train
2.0930572,1.8861983,1.1898344,1.0464338,2,malignant,Preprocessed_Dataset/ddsm/ddsm_4875.jpg,train
0.35859305,1.1149808,1.7306237,1.0753961,1,benign,Preprocessed_Dataset/kau-bcmd/kau-bcmd_1085.jpg,train
2.027657,0.358144,0.9179067,1.6500796,1,benign,Preprocessed_Dataset/ddsm/ddsm_7366.jpg,train
1.6974059,1.9044244,0.9254632,0.734028,1,benign,Preprocessed_Dataset/ddsm/ddsm_7493.jpg,train
1.9923799,1.7039444,2.2262187,1.375501,1,benign,Preprocessed_Dataset/ddsm/ddsm_8697.jpg,train
1.4045638,0.7338353,2.1070604,1.7174904,1,benign,Preprocessed_Dataset/ddsm/ddsm_9712.jpg,train
1.6312902,1.1988698,1.9313827,1.3133515,1,benign,Preprocessed_Dataset/ddsm/ddsm_7396.jpg,train
2.0423236,2.090257,1.0676981,1.0992651,1,benign,Preprocessed_Dataset/ddsm/ddsm_8531.jpg,train
0.37516898,0.91100466,1.8139145,1.0100236,2,malignant,Preprocessed_Dataset/kau-bcmd/kau-bcmd_843.jpg,train
2.0717318,2.1899526,1.0437803,0.9589704,1,benign,Preprocessed_Dataset/ddsm/ddsm_9187.jpg,train
1.0210395,1.107494,2.1280332,1.4073718,1,benign,Preprocessed_Dataset/cdd-cesm/cdd-cesm_190.jpg,train
2.4190826,0.6042295,1.0888141,1.7166938,0,normal,Preprocessed_Dataset/ddsm/ddsm_1856.jpg,train
0.18253446,0.9425198,1.5623214,1.1484834,2,malignant,Preprocessed_Dataset/cmmd/cmmd_4580.jpg,train
0.24948764,1.5723677,1.5718974,1.9034891,1,benign,Preprocessed_Dataset/cmmd/cmmd_2225.jpg,train
1.9340252,2.442192,1.0838871,1.1828825,1,benign,Preprocessed_Dataset/ddsm/ddsm_9975.jpg,train
1.7571673,1.1343327,2.4011922,1.5780247,1,benign,Preprocessed_Dataset/ddsm/ddsm_7316.jpg,train
0.5936228,0.776523,1.6454606,0.79005414,0,normal,Preprocessed_Dataset/kau-bcmd/kau-bcmd_872.jpg,train
2.0273552,1.7921443,2.5898948,1.5859962,2,malignant,Preprocessed_Dataset/ddsm/ddsm_5269.jpg,train
0.4560066,1.6906338,1.4675124,2.1855521,0,normal,Preprocessed_Dataset/kau-bcmd/kau-bcmd_1222.jpg,train
1.2735145,1.285664,2.147301,1.6414882,2,malignant,Preprocessed_Dataset/cdd-cesm/cdd-cesm_686.jpg,train
0.95808375,1.2378151,2.4567842,1.4974344,0,normal,Preprocessed_Dataset/cdd-cesm/cdd-cesm_592.jpg,train
0.4158823,1.7677445,1.3437566,2.1351738,0,normal,Preprocessed_Dataset/dmid/dmid_461.jpg,train
1.8418031,0.5735348,1.5042357,2.0573063,1,benign,Preprocessed_Dataset/ddsm/ddsm_10248.jpg,train
2.2050962,0.82914555,1.8986068,1.81461,0,normal,Preprocessed_Dataset/ddsm/ddsm_2232.jpg,train
0.24610245,0.8223303,1.5588413,1.2533858,2,malignant,Preprocessed_Dataset/cmmd/cmmd_1857.jpg,train
0.46796578,1.7482425,1.5103093,2.0060544,2,malignant,Preprocessed_Dataset/cmmd/cmmd_3284.jpg,train
1.5629351,2.2317555,0.76180553,1.2354634,2,malignant,Preprocessed_Dataset/ddsm/ddsm_6219.jpg,train
0.20589173,1.5095184,1.4786063,1.8267808,0,normal,Preprocessed_Dataset/kau-bcmd/kau-bcmd_1099.jpg,train
1.6058,1.0645938,1.4869208,0.77283627,1,benign,Preprocessed_Dataset/ddsm/ddsm_8708.jpg,train
2.0634317,2.585291,1.1197815,1.49292,0,normal,Preprocessed_Dataset/ddsm/ddsm_779.jpg,train
0.21751201,1.6184654,1.4585322,1.7970665,2,malignant,Preprocessed_Dataset/cmmd/cmmd_1036.jpg,train
1.4972476,2.3021348,1.809659,1.97351,1,benign,Preprocessed_Dataset/ddsm/ddsm_9237.jpg,train
1.8395474,2.0473852,2.082038,1.411249,1,benign,Preprocessed_Dataset/ddsm/ddsm_6901.jpg,train
0.2840799,0.902583,1.624692,0.9503391,2,malignant,Preprocessed_Dataset/cmmd/cmmd_5050.jpg,train
1.5967884,2.1295483,1.9927738,1.8289468,1,benign,Preprocessed_Dataset/inbreast/inbreast_87.jpg,train
0.16690993,1.5217514,1.5465537,1.7025534,1,benign,Preprocessed_Dataset/cmmd/cmmd_442.jpg,train
1.8274572,0.8047013,1.5416726,1.0894974,1,benign,Preprocessed_Dataset/ddsm/ddsm_9256.jpg,train
2.3918,0.7305779,1.1742882,2.408787,0,normal,Preprocessed_Dataset/ddsm/ddsm_2478.jpg,train
2.0941985,2.3024817,1.6038331,1.2839365,2,malignant,Preprocessed_Dataset/ddsm/ddsm_3659.jpg,train
1.4611598,0.7117763,1.3603237,1.4741486,2,malignant,Preprocessed_Dataset/ddsm/ddsm_4842.jpg,train
0.6524099,2.05303,1.0927383,1.8593229,0,normal,Preprocessed_Dataset/dmid/dmid_204.jpg,train
0.13823724,1.4235246,1.7384408,1.6826488,0,normal,Preprocessed_Dataset/kau-bcmd/kau-bcmd_247.jpg,train
0.32502848,0.72427446,1.5522492,1.1257652,0,normal,Preprocessed_Dataset/dmid/dmid_505.jpg,train
3.0242233,0.56635725,0.83736205,2.2073817,0,normal,Preprocessed_Dataset/ddsm/ddsm_1838.jpg,train
1.6644794,1.8770475,2.205915,1.8516386,0,normal,Preprocessed_Dataset/ddsm/ddsm_1713.jpg,train
1.6388359,2.17448,1.0764167,1.0077944,1,benign,Preprocessed_Dataset/ddsm/ddsm_7207.jpg,train
1.9525161,0.46603996,1.7664598,1.1459444,0,normal,Preprocessed_Dataset/ddsm/ddsm_1930.jpg,train
1.6957273,0.8993254,2.2625365,1.2990564,1,benign,Preprocessed_Dataset/ddsm/ddsm_10344.jpg,train
0.4338649,1.5074267,1.5689719,2.0617888,0,normal,Preprocessed_Dataset/kau-bcmd/kau-bcmd_1558.jpg,train
0.19369173,0.90543747,1.4760227,1.2814685,2,malignant,Preprocessed_Dataset/cmmd/cmmd_5012.jpg,train
0.17408597,0.891569,1.6028703,1.2933797,2,malignant,Preprocessed_Dataset/cmmd/cmmd_4541.jpg,train
0.0894444,1.3869326,1.5233865,1.5453794,2,malignant,Preprocessed_Dataset/cmmd/cmmd_138.jpg,train
1.6796185,1.9542563,2.3031988,1.6208429,1,benign,Preprocessed_Dataset/ddsm/ddsm_8081.jpg,train
0.18552327,1.5566423,1.376083,1.652855,2,malignant,Preprocessed_Dataset/cmmd/cmmd_2875.jpg,train
0.34460622,0.8918555,1.7091794,0.90489984,2,malignant,Preprocessed_Dataset/cmmd/cmmd_2066.jpg,train
2.0465612,0.42429495,1.4532464,1.3230246,0,normal,Preprocessed_Dataset/ddsm/ddsm_42.jpg,train
0.3900475,0.81020397,1.4581763,0.952492,0,normal,Preprocessed_Dataset/kau-bcmd/kau-bcmd_459.jpg,train
1.8020582,0.39777225,0.75292104,1.4444762,1,benign,Preprocessed_Dataset/ddsm/ddsm_6670.jpg,train
1.8910956,2.3501542,0.7379656,1.2004236,1,benign,Preprocessed_Dataset/ddsm/ddsm_7195.jpg,train
1.8927691,2.365955,0.8170051,1.152535,1,benign,Preprocessed_Dataset/ddsm/ddsm_9467.jpg,train
1.0884824,1.1695492,1.6941464,0.6076458,1,benign,Preprocessed_Dataset/cdd-cesm/cdd-cesm_132.jpg,train
0.3855793,1.5108072,1.6048024,2.0589066,2,malignant,Preprocessed_Dataset/cmmd/cmmd_1875.jpg,train
2.1956403,0.2540561,1.5312785,2.140114,2,malignant,Preprocessed_Dataset/ddsm/ddsm_6004.jpg,train
2.00086,2.33927,1.8144214,1.3065035,0,normal,Preprocessed_Dataset/ddsm/ddsm_69.jpg,train
0.3408664,0.7966058,1.6974932,0.9168454,2,malignant,Preprocessed_Dataset/cmmd/cmmd_4874.jpg,train
2.4882865,0.21900713,0.5044311,1.5923108,2,malignant,Preprocessed_Dataset/ddsm/ddsm_2954.jpg,train
2.2524524,0.45369685,0.55221343,1.7825689,1,benign,Preprocessed_Dataset/ddsm/ddsm_7258.jpg,train
1.3871545,1.9623632,1.884006,1.3899409,1,benign,Preprocessed_Dataset/ddsm/ddsm_9421.jpg,train
0.23037565,1.5151653,1.363165,1.7843425,1,benign,Preprocessed_Dataset/cmmd/cmmd_539.jpg,train
0.43367958,1.5116261,1.5998569,1.9689356,2,malignant,Preprocessed_Dataset/cmmd/cmmd_1356.jpg,train
2.0268137,2.4639475,1.1364598,1.0025642,0,normal,Preprocessed_Dataset/ddsm/ddsm_687.jpg,train
0.15777159,0.9051516,1.4508504,1.4207122,1,benign,Preprocessed_Dataset/cmmd/cmmd_593.jpg,train
0.526696,0.75360215,1.5605646,0.95060486,2,malignant,Preprocessed_Dataset/cmmd/cmmd_4030.jpg,train
1.2041966,1.2246457,1.4617673,1.8884752,0,normal,Preprocessed_Dataset/cdd-cesm/cdd-cesm_504.jpg,train
2.009512,2.4119203,1.464013,1.314418,1,benign,Preprocessed_Dataset/ddsm/ddsm_6883.jpg,train
2.1234207,0.83418393,1.6827241,1.4898803,1,benign,Preprocessed_Dataset/ddsm/ddsm_9736.jpg,train
2.3703816,2.3078024,1.689586,1.0166899,2,malignant,Preprocessed_Dataset/ddsm/ddsm_3587.jpg,train
2.016877,0.8621656,2.2149472,1.564599,1,benign,Preprocessed_Dataset/ddsm/ddsm_9892.jpg,train
0.16614628,0.9144244,1.523501,1.283011,2,malignant,Preprocessed_Dataset/cmmd/cmmd_2647.jpg,train
2.179588,2.007043,2.2609553,1.6605889,0,normal,Preprocessed_Dataset/ddsm/ddsm_1765.jpg,train
0.12554908,1.4252816,1.4414651,1.6217749,2,malignant,Preprocessed_Dataset/cmmd/cmmd_1035.jpg,train
2.238312,0.32650018,1.3723483,1.8144753,1,benign,Preprocessed_Dataset/ddsm/ddsm_10086.jpg,train
1.7825346,2.2037444,0.8523452,1.112834,2,malignant,Preprocessed_Dataset/ddsm/ddsm_3019.jpg,train
2.155974,0.6911735,2.5851355,0.9438206,2,malignant,Preprocessed_Dataset/ddsm/ddsm_3612.jpg,train
0.46534425,0.7450188,1.416497,0.93920857,0,normal,Preprocessed_Dataset/kau-bcmd/kau-bcmd_1020.jpg,train
0.4319715,0.72882736,1.441758,1.2370696,2,malignant,Preprocessed_Dataset/cmmd/cmmd_3978.jpg,train
2.310975,2.3636603,1.5676142,0.92236346,2,malignant,Preprocessed_Dataset/ddsm/ddsm_5279.jpg,train
0.23931026,1.1328628,1.6918349,1.0907624,1,benign,Preprocessed_Dataset/kau-bcmd/kau-bcmd_993.jpg,train
2.042116,2.2403467,1.8968735,1.4497857,0,normal,Preprocessed_Dataset/ddsm/ddsm_1999.jpg,train
0.12669766,1.4777191,1.4570638,1.5873628,2,malignant,Preprocessed_Dataset/cmmd/cmmd_2017.jpg,train
2.226818,0.6109324,0.36757016,1.8489578,1,benign,Preprocessed_Dataset/ddsm/ddsm_9946.jpg,train
0.23011363,1.4520699,1.6182714,1.9173591,2,malignant,Preprocessed_Dataset/cmmd/cmmd_2868.jpg,train
0.21020901,1.4854245,1.4445028,1.7258089,2,malignant,Preprocessed_Dataset/cmmd/cmmd_2986.jpg,train
1.877635,1.9981585,1.7318765,1.1612978,2,malignant,Preprocessed_Dataset/ddsm/ddsm_4949.jpg,train
1.3459134,1.4494714,2.0870552,1.2117212,1,benign,Preprocessed_Dataset/ddsm/ddsm_8025.jpg,train
0.13709617,0.9764623,1.5203879,1.2721955,2,malignant,Preprocessed_Dataset/cmmd/cmmd_3825.jpg,train
2.544608,2.3043122,1.2494731,0.39496696,2,malignant,Preprocessed_Dataset/ddsm/ddsm_4967.jpg,train
1.3090924,1.8885837,1.5360805,1.375797,1,benign,Preprocessed_Dataset/ddsm/ddsm_7063.jpg,train
0.27751452,0.83133996,1.5071331,1.1289892,0,normal,Preprocessed_Dataset/kau-bcmd/kau-bcmd_1480.jpg,train
0.28498095,1.4284544,1.6888797,1.915847,2,malignant,Preprocessed_Dataset/cmmd/cmmd_3285.jpg,train
0.40039682,0.93063504,1.7707992,0.9333736,2,malignant,Preprocessed_Dataset/cmmd/cmmd_5030.jpg,train
0.34064925,1.5206763,1.6281618,2.0097644,2,malignant,Preprocessed_Dataset/cmmd/cmmd_3103.jpg,train
2.0350745,0.4751631,1.2965217,2.0362864,1,benign,Preprocessed_Dataset/ddsm/ddsm_10286.jpg,train
0.4602582,1.6718711,1.638449,2.173514,0,normal,Preprocessed_Dataset/kau-bcmd/kau-bcmd_2057.jpg,train
0.1308304,1.4063666,1.4701777,1.6498356,2,malignant,Preprocessed_Dataset/cmmd/cmmd_3298.jpg,train
1.6542914,1.4477689,2.335795,1.0245547,2,malignant,Preprocessed_Dataset/cdd-cesm/cdd-cesm_770.jpg,train
1.5999502,1.7757857,2.2763689,1.7549716,0,normal,Preprocessed_Dataset/ddsm/ddsm_557.jpg,train
1.2931752,1.4230888,1.388115,0.83507615,0,normal,Preprocessed_Dataset/cdd-cesm/cdd-cesm_874.jpg,train
2.3937893,0.69042426,2.0512576,1.8053919,0,normal,Preprocessed_Dataset/ddsm/ddsm_1972.jpg,train
0.1697855,1.5398315,1.305279,1.511876,2,malignant,Preprocessed_Dataset/cmmd/cmmd_1423.jpg,train
1.6719975,1.9605707,1.4490284,1.4261714,2,malignant,Preprocessed_Dataset/ddsm/ddsm_5593.jpg,train
0.15850735,1.2205037,1.7678685,1.5444156,0,normal,Preprocessed_Dataset/kau-bcmd/kau-bcmd_312.jpg,train
0.23644292,0.85437626,1.3235576,1.3790747,1,benign,Preprocessed_Dataset/cmmd/cmmd_3603.jpg,train
1.4449732,2.1927395,1.4046425,1.3717418,1,benign,Preprocessed_Dataset/ddsm/ddsm_9143.jpg,train
1.1552343,1.3919879,1.3867054,0.7756702,2,malignant,Preprocessed_Dataset/cdd-cesm/cdd-cesm_609.jpg,train
0.24743521,1.1128596,1.6664376,1.0972396,1,benign,Preprocessed_Dataset/kau-bcmd/kau-bcmd_1421.jpg,train
0.4412462,0.9100796,1.410168,0.882287,0,normal,Preprocessed_Dataset/kau-bcmd/kau-bcmd_1289.jpg,train
0.28557223,0.80974364,1.6075346,1.2240903,2,malignant,Preprocessed_Dataset/cmmd/cmmd_4140.jpg,train
2.015952,0.34341955,0.6217833,1.8250494,0,normal,Preprocessed_Dataset/ddsm/ddsm_2566.jpg,train
2.117663,2.5410488,1.3923246,1.440642,0,normal,Preprocessed_Dataset/ddsm/ddsm_559.jpg,train
2.23945,1.0690804,2.0157928,2.2878585,1,benign,Preprocessed_Dataset/ddsm/ddsm_8334.jpg,train
0.5031989,1.9913894,1.4577297,2.5095162,0,normal,Preprocessed_Dataset/inbreast/inbreast_344.jpg,train
0.6910245,1.7603092,1.5601534,2.1461577,0,normal,Preprocessed_Dataset/kau-bcmd/kau-bcmd_1912.jpg,train
2.0610895,0.54998785,1.1563783,2.0290906,1,benign,Preprocessed_Dataset/ddsm/ddsm_9126.jpg,train
1.7238253,0.5438753,2.2302384,1.2894084,1,benign,Preprocessed_Dataset/ddsm/ddsm_9664.jpg,train
0.43925208,0.80723685,1.5214944,0.7164898,1,benign,Preprocessed_Dataset/cmmd/cmmd_1784.jpg,train
0.15986073,1.4519877,1.5166314,1.6785223,1,benign,Preprocessed_Dataset/cmmd/cmmd_2221.jpg,train
0.71966624,0.6686232,1.2075181,1.0881513,0,normal,Preprocessed_Dataset/kau-bcmd/kau-bcmd_109.jpg,train
2.0976386,0.80219245,1.8745706,1.6678776,0,normal,Preprocessed_Dataset/ddsm/ddsm_2220.jpg,train
0.67047304,0.8245687,1.7416351,0.60668683,2,malignant,Preprocessed_Dataset/cmmd/cmmd_2619.jpg,train
0.481421,1.2870455,1.8129127,1.4615321,1,benign,Preprocessed_Dataset/kau-bcmd/kau-bcmd_999.jpg,train
2.1207438,1.94485,1.9499407,1.7122238,0,normal,Preprocessed_Dataset/ddsm/ddsm_1989.jpg,train
1.4464705,1.4448248,1.7308713,1.3226235,2,malignant,Preprocessed_Dataset/ddsm/ddsm_4969.jpg,train
1.9258274,1.7747959,2.3017533,1.5812612,2,malignant,Preprocessed_Dataset/ddsm/ddsm_4897.jpg,train
2.3106968,0.9816115,2.102141,1.4730331,0,normal,Preprocessed_Dataset/ddsm/ddsm_1804.jpg,train
1.9475075,1.0906812,1.4224051,1.8596203,2,malignant,Preprocessed_Dataset/ddsm/ddsm_5432.jpg,train
0.12783515,0.9546343,1.5350153,1.3579319,2,malignant,Preprocessed_Dataset/cmmd/cmmd_3815.jpg,train
0.47733468,1.6885449,1.489554,2.1003933,0,normal,Preprocessed_Dataset/kau-bcmd/kau-bcmd_51.jpg,train
0.30303437,1.5189941,1.5591562,1.9926704,2,malignant,Preprocessed_Dataset/cmmd/cmmd_2019.jpg,train
0.41007638,0.78026843,1.6404036,0.95136636,2,malignant,Preprocessed_Dataset/cmmd/cmmd_4738.jpg,train
1.7894783,0.4629376,1.1032037,1.4622711,1,benign,Preprocessed_Dataset/ddsm/ddsm_7726.jpg,train
0.21531785,1.4798262,1.6953094,1.766376,2,malignant,Preprocessed_Dataset/cmmd/cmmd_3351.jpg,train
2.0197904,2.291853,1.2843904,0.8445776,0,normal,Preprocessed_Dataset/ddsm/ddsm_759.jpg,train
1.0894414,1.3009356,1.5869668,1.2661684,0,normal,Preprocessed_Dataset/cdd-cesm/cdd-cesm_648.jpg,train
1.8215926,0.57508594,1.0809917,1.98581,1,benign,Preprocessed_Dataset/ddsm/ddsm_9582.jpg,train
1.9291117,0.4574266,1.346132,1.9413642,1,benign,Preprocessed_Dataset/ddsm/ddsm_7646.jpg,train
2.315929,0.6385252,1.1629403,2.073256,0,normal,Preprocessed_Dataset/ddsm/ddsm_2482.jpg,train
0.6341184,0.7948588,1.4234695,0.9170238,0,normal,Preprocessed_Dataset/kau-bcmd/kau-bcmd_551.jpg,train
2.641787,0.3349691,1.2157831,2.007177,1,benign,Preprocessed_Dataset/ddsm/ddsm_9934.jpg,train
0.7297216,0.72525424,1.2843219,0.91266537,0,normal,Preprocessed_Dataset/kau-bcmd/kau-bcmd_639.jpg,train
2.4716697,0.88051283,2.030473,1.6767437,1,benign,Preprocessed_Dataset/ddsm/ddsm_9652.jpg,train
1.9242053,2.4660807,1.8464773,1.6701498,0,normal,Preprocessed_Dataset/ddsm/ddsm_391.jpg,train
1.8751589,2.4023414,1.6099316,1.4037651,1,benign,Preprocessed_Dataset/ddsm/ddsm_9251.jpg,train
2.2535093,0.890044,1.838351,0.83660066,0,normal,Preprocessed_Dataset/ddsm/ddsm_1792.jpg,train
1.8674926,0.46392643,1.1395553,1.8987741,1,benign,Preprocessed_Dataset/ddsm/ddsm_9274.jpg,train
1.9928322,1.8585432,2.0790281,1.1619451,0,normal,Preprocessed_Dataset/ddsm/ddsm_2427.jpg,train
1.7367876,0.6240557,2.6857107,0.5721366,2,malignant,Preprocessed_Dataset/ddsm/ddsm_4376.jpg,train
0.3504005,1.2923524,1.7484692,1.4370378,1,benign,Preprocessed_Dataset/kau-bcmd/kau-bcmd_12.jpg,train
0.25825846,1.6688802,1.2834667,1.5599048,1,benign,Preprocessed_Dataset/cmmd/cmmd_483.jpg,train
1.71541,1.9743173,1.9825033,1.5781491,1,benign,Preprocessed_Dataset/ddsm/ddsm_6633.jpg,train
0.27474886,0.9460476,1.7181164,0.92966646,1,benign,Preprocessed_Dataset/cmmd/cmmd_2204.jpg,train
0.5156946,0.8039005,1.8584659,0.8659534,1,benign,Preprocessed_Dataset/cmmd/cmmd_4453.jpg,train
2.4447234,0.6851707,2.576336,1.1850061,0,normal,Preprocessed_Dataset/ddsm/ddsm_1996.jpg,train
1.2108355,1.7415614,2.22159,1.9214734,1,benign,Preprocessed_Dataset/ddsm/ddsm_6997.jpg,train
1.6458073,1.6358197,2.266073,1.2470312,2,malignant,Preprocessed_Dataset/ddsm/ddsm_6417.jpg,train
2.0586638,0.65983945,0.2502507,1.7419401,2,malignant,Preprocessed_Dataset/ddsm/ddsm_4266.jpg,train
1.8188553,2.0380921,2.1928945,1.6230968,2,malignant,Preprocessed_Dataset/ddsm/ddsm_4229.jpg,train
1.8742305,0.42984098,0.56410444,0.66880643,2,malignant,Preprocessed_Dataset/ddsm/ddsm_3814.jpg,train
0.14885259,0.8962192,1.334828,1.6008272,2,malignant,Preprocessed_Dataset/cmmd/cmmd_4333.jpg,train
1.981539,1.9617355,1.499282,0.7461202,0,normal,Preprocessed_Dataset/ddsm/ddsm_967.jpg,train
2.0719438,2.2688706,1.1209521,0.84754646,2,malignant,Preprocessed_Dataset/ddsm/ddsm_5959.jpg,train
2.1089554,1.4980437,2.200141,0.86386603,2,malignant,Preprocessed_Dataset/ddsm/ddsm_4909.jpg,train
2.1808836,0.24348927,1.3903937,1.4060204,1,benign,Preprocessed_Dataset/ddsm/ddsm_6434.jpg,train
2.1413152,0.52828825,1.6903679,2.034222,1,benign,Preprocessed_Dataset/ddsm/ddsm_8518.jpg,train
1.886474,0.72237146,2.2281423,1.9445548,2,malignant,Preprocessed_Dataset/ddsm/ddsm_3896.jpg,train
1.597829,1.6258056,2.3863387,1.5479615,1,benign,Preprocessed_Dataset/ddsm/ddsm_7053.jpg,train
2.0003898,0.3538143,0.50906146,1.6278784,0,normal,Preprocessed_Dataset/ddsm/ddsm_210.jpg,train
0.108020544,1.3660787,1.3642918,1.487006,2,malignant,Preprocessed_Dataset/dmid/dmid_454.jpg,train
1.4458103,1.8512679,2.3074384,1.8654251,1,benign,Preprocessed_Dataset/ddsm/ddsm_7765.jpg,train
1.9316342,2.159221,1.0113888,0.73005587,1,benign,Preprocessed_Dataset/ddsm/ddsm_9199.jpg,train
0.33183867,1.4440389,1.7520682,1.9522429,2,malignant,Preprocessed_Dataset/cmmd/cmmd_2994.jpg,train
2.254214,0.559872,1.1240165,2.03163,1,benign,Preprocessed_Dataset/ddsm/ddsm_7134.jpg,train
1.8221171,1.9662384,1.7668998,0.9714575,2,malignant,Preprocessed_Dataset/ddsm/ddsm_3507.jpg,train
2.2121785,2.104025,1.7104219,0.703884,0,normal,Preprocessed_Dataset/ddsm/ddsm_1535.jpg,train
1.9457467,0.73075944,2.3802567,1.113919,1,benign,Preprocessed_Dataset/ddsm/ddsm_9248.jpg,train
2.1008515,1.8653312,2.3659568,1.3937002,1,benign,Preprocessed_Dataset/ddsm/ddsm_6981.jpg,train
0.20714903,1.4939333,1.667028,1.875186,0,normal,Preprocessed_Dataset/kau-bcmd/kau-bcmd_1740.jpg,train
2.2563958,1.9580858,1.4673865,0.7699066,1,benign,Preprocessed_Dataset/ddsm/ddsm_10027.jpg,train
2.5014315,0.49078113,1.4075289,2.2793455,0,normal,Preprocessed_Dataset/ddsm/ddsm_514.jpg,train
0.34365356,0.75880456,1.5796584,0.9909739,1,benign,Preprocessed_Dataset/cmmd/cmmd_2378.jpg,train
1.2424853,2.0981889,0.9365365,2.128132,1,benign,Preprocessed_Dataset/ddsm/ddsm_7339.jpg,train
2.2792482,0.81788623,2.0227935,1.085176,0,normal,Preprocessed_Dataset/ddsm/ddsm_1812.jpg,train
1.5096172,1.5717278,2.001561,1.2548361,1,benign,Preprocessed_Dataset/ddsm/ddsm_9473.jpg,train
0.5354267,0.75755477,1.3516654,0.8500859,0,normal,Preprocessed_Dataset/kau-bcmd/kau-bcmd_430.jpg,train
0.11383307,1.4302479,1.5232675,1.5799869,1,benign,Preprocessed_Dataset/cmmd/cmmd_696.jpg,train
1.0240748,0.57646084,1.5342448,0.98373526,1,benign,Preprocessed_Dataset/cmmd/cmmd_1929.jpg,train
0.36128086,1.1185837,1.7239674,1.0067363,1,benign,Preprocessed_Dataset/kau-bcmd/kau-bcmd_402.jpg,train
1.9638844,0.7843268,2.4229972,0.90684175,0,normal,Preprocessed_Dataset/ddsm/ddsm_1460.jpg,train
0.21732914,0.8587094,1.4772637,1.2650944,2,malignant,Preprocessed_Dataset/cmmd/cmmd_880.jpg,train
1.8367133,1.9158576,1.5310299,1.0076916,1,benign,Preprocessed_Dataset/ddsm/ddsm_10317.jpg,train
1.9408226,0.92667323,1.9135718,1.314271,2,malignant,Preprocessed_Dataset/ddsm/ddsm_3796.jpg,train
1.3403838,1.8151398,2.2898958,1.993568,2,malignant,Preprocessed_Dataset/ddsm/ddsm_6133.jpg,train
1.5090451,1.7658378,2.5219865,1.8618295,1,benign,Preprocessed_Dataset/ddsm/ddsm_7285.jpg,train
1.9936678,0.79289746,2.1470704,1.3355882,1,benign,Preprocessed_Dataset/ddsm/ddsm_8124.jpg,train
1.115573,0.6230355,1.4382827,0.79033077,0,normal,Preprocessed_Dataset/kau-bcmd/kau-bcmd_225.jpg,train
1.6948729,0.607274,1.4167721,1.8344858,1,benign,Preprocessed_Dataset/ddsm/ddsm_6866.jpg,train
0.18602002,1.5068343,1.5273093,1.8277779,2,malignant,Preprocessed_Dataset/cmmd/cmmd_2541.jpg,train
0.2880547,0.89570856,1.5311474,0.9447532,2,malignant,Preprocessed_Dataset/cmmd/cmmd_5155.jpg,train
1.9852438,1.9319162,0.70418763,0.23608446,2,malignant,Preprocessed_Dataset/ddsm/ddsm_6143.jpg,train
0.32645714,1.5803045,1.3640746,1.8791697,0,normal,Preprocessed_Dataset/kau-bcmd/kau-bcmd_1095.jpg,train
1.6044288,2.2921348,1.2873502,1.7921003,0,normal,Preprocessed_Dataset/ddsm/ddsm_1191.jpg,train
1.4308695,2.3021145,0.98676383,1.9823345,2,malignant,Preprocessed_Dataset/ddsm/ddsm_6023.jpg,train
0.21030974,0.8833801,1.5852184,1.162755,1,benign,Preprocessed_Dataset/cmmd/cmmd_2196.jpg,train
2.408813,0.21467125,0.98295265,1.2145734,2,malignant,Preprocessed_Dataset/ddsm/ddsm_3154.jpg,train
1.7834756,1.8589387,1.9367659,1.3015501,1,benign,Preprocessed_Dataset/ddsm/ddsm_8797.jpg,train
0.15310168,1.4783998,1.5791496,1.7405989,2,malignant,Preprocessed_Dataset/cmmd/cmmd_1041.jpg,train
1.883527,1.870599,1.9584721,1.7227827,0,normal,Preprocessed_Dataset/ddsm/ddsm_1949.jpg,train
1.965183,1.8203015,2.2935061,2.0365744,1,benign,Preprocessed_Dataset/ddsm/ddsm_10301.jpg,train
1.2280759,1.281622,1.3065972,0.70552963,1,benign,Preprocessed_Dataset/cdd-cesm/cdd-cesm_753.jpg,train
1.9582262,2.0148318,2.062078,1.3688405,0,normal,Preprocessed_Dataset/ddsm/ddsm_957.jpg,train
1.7507064,0.8807894,2.4802668,1.2147346,0,normal,Preprocessed_Dataset/ddsm/ddsm_684.jpg,train
0.17560112,0.92803067,1.4038254,1.3467324,2,malignant,Preprocessed_Dataset/cmmd/cmmd_280.jpg,train
0.21529686,1.4882656,1.390476,1.794336,2,malignant,Preprocessed_Dataset/cmmd/cmmd_1331.jpg,train
1.6842644,1.9939852,1.8733287,1.8125763,0,normal,Preprocessed_Dataset/ddsm/ddsm_1329.jpg,train
0.21476579,0.8388872,1.4736534,1.3301781,2,malignant,Preprocessed_Dataset/cmmd/cmmd_4364.jpg,train
1.9966221,2.1584353,0.93464947,0.7219114,2,malignant,Preprocessed_Dataset/ddsm/ddsm_5951.jpg,train
1.8878751,2.026743,1.8811873,1.3317554,2,malignant,Preprocessed_Dataset/ddsm/ddsm_4417.jpg,train
1.1546378,1.3453591,1.4628838,0.8870925,0,normal,Preprocessed_Dataset/cdd-cesm/cdd-cesm_456.jpg,train
0.2009883,1.2286369,1.74248,1.5502554,1,benign,Preprocessed_Dataset/kau-bcmd/kau-bcmd_959.jpg,train
1.385563,1.0661756,1.3648953,1.6409903,2,malignant,Preprocessed_Dataset/cdd-cesm/cdd-cesm_99.jpg,train
0.2513888,0.85914373,1.5398178,1.139593,1,benign,Preprocessed_Dataset/cmmd/cmmd_19.jpg,train
2.014661,2.0003834,2.0755372,1.3477322,1,benign,Preprocessed_Dataset/ddsm/ddsm_8529.jpg,train
0.2069391,0.90967065,1.6011641,1.1165504,2,malignant,Preprocessed_Dataset/cmmd/cmmd_4520.jpg,train
1.96485,1.9250761,2.3317597,1.9425907,1,benign,Preprocessed_Dataset/ddsm/ddsm_9445.jpg,train
2.0316792,0.52985626,1.2460914,1.6872851,0,normal,Preprocessed_Dataset/ddsm/ddsm_1602.jpg,train
0.93158215,1.8324323,1.9029328,2.092235,0,normal,Preprocessed_Dataset/kau-bcmd/kau-bcmd_1833.jpg,train
0.30653858,1.472975,1.4376947,1.8146598,0,normal,Preprocessed_Dataset/kau-bcmd/kau-bcmd_1654.jpg,train
2.0123284,2.3817425,1.1256515,1.3100678,0,normal,Preprocessed_Dataset/ddsm/ddsm_1111.jpg,train
1.2667788,1.4806192,1.3155205,0.98739,0,normal,Preprocessed_Dataset/cdd-cesm/cdd-cesm_870.jpg,train
0.07911563,1.040932,1.6397371,1.2909113,2,malignant,Preprocessed_Dataset/cmmd/cmmd_3965.jpg,train
0.5020401,0.6974152,1.5030233,0.9759439,0,normal,Preprocessed_Dataset/kau-bcmd/kau-bcmd_531.jpg,train
1.8685945,1.0014404,2.0438533,0.81596977,0,normal,Preprocessed_Dataset/ddsm/ddsm_668.jpg,train
1.391805,2.227069,0.47862923,1.4274464,1,benign,Preprocessed_Dataset/ddsm/ddsm_7343.jpg,train
1.4240183,2.0723715,2.0157468,1.8778927,1,benign,Preprocessed_Dataset/ddsm/ddsm_9109.jpg,train
0.2916667,1.5811757,1.5248413,2.0261674,1,benign,Preprocessed_Dataset/cmmd/cmmd_2123.jpg,train
0.17492366,0.85200953,1.3034906,1.6327499,1,benign,Preprocessed_Dataset/cmmd/cmmd_639.jpg,train
1.6018463,2.0920725,1.8015099,1.3097028,0,normal,Preprocessed_Dataset/ddsm/ddsm_409.jpg,train
0.15171802,1.4740968,1.449142,1.6685969,2,malignant,Preprocessed_Dataset/cmmd/cmmd_1090.jpg,train
0.5357897,1.5053635,1.9651513,1.9566035,2,malignant,Preprocessed_Dataset/cmmd/cmmd_2879.jpg,train
0.32842016,0.7327623,1.4977037,1.0674864,2,malignant,Preprocessed_Dataset/cmmd/cmmd_4743.jpg,train
0.19721091,1.5012032,1.5493468,1.8130507,2,malignant,Preprocessed_Dataset/cmmd/cmmd_1567.jpg,train
2.4410102,0.51526344,1.267693,2.0756257,1,benign,Preprocessed_Dataset/ddsm/ddsm_7886.jpg,train
2.1085243,0.27843428,1.1285118,1.5384448,1,benign,Preprocessed_Dataset/ddsm/ddsm_7014.jpg,train
1.9474683,0.6531417,1.3188788,2.0520296,1,benign,Preprocessed_Dataset/ddsm/ddsm_7526.jpg,train
0.32234597,1.4907727,1.8749685,1.9120857,2,malignant,Preprocessed_Dataset/cmmd/cmmd_3181.jpg,train
1.7660174,0.7386306,1.7380219,1.3122818,1,benign,Preprocessed_Dataset/ddsm/ddsm_7274.jpg,train
1.6638778,1.0081543,0.81201476,2.0549724,2,malignant,Preprocessed_Dataset/ddsm/ddsm_6070.jpg,train
2.033691,0.70877033,1.2503121,2.0294733,1,benign,Preprocessed_Dataset/ddsm/ddsm_9210.jpg,train
1.8391818,0.38272583,0.8919014,1.5841255,2,malignant,Preprocessed_Dataset/ddsm/ddsm_5442.jpg,train
0.20518255,1.2281544,1.7467904,1.5342935,1,benign,Preprocessed_Dataset/kau-bcmd/kau-bcmd_1326.jpg,train
0.21412969,1.5788285,1.5058507,1.8074291,1,benign,Preprocessed_Dataset/cmmd/cmmd_478.jpg,train
2.469371,0.7782535,1.6521171,1.0193424,0,normal,Preprocessed_Dataset/ddsm/ddsm_1764.jpg,train
2.0032015,0.69766605,1.1883287,1.9848356,1,benign,Preprocessed_Dataset/ddsm/ddsm_8538.jpg,train
0.16909266,1.4592428,1.5738128,1.6748825,2,malignant,Preprocessed_Dataset/cmmd/cmmd_1614.jpg,train
0.36136723,0.8076683,1.6082171,0.8962047,1,benign,Preprocessed_Dataset/cmmd/cmmd_2140.jpg,train
1.174629,1.2679456,1.4834574,1.6450164,1,benign,Preprocessed_Dataset/cdd-cesm/cdd-cesm_53.jpg,train
0.42466795,0.85834503,1.5368603,0.69043803,0,normal,Preprocessed_Dataset/kau-bcmd/kau-bcmd_1791.jpg,train
0.7598609,1.6788294,1.6681248,1.8280623,0,normal,Preprocessed_Dataset/kau-bcmd/kau-bcmd_569.jpg,train
2.5415888,2.6092029,1.0744903,0.75161463,2,malignant,Preprocessed_Dataset/ddsm/ddsm_2867.jpg,train
1.8444762,0.72297966,1.2447929,1.9867013,1,benign,Preprocessed_Dataset/ddsm/ddsm_6494.jpg,train
0.64656895,0.734351,1.3542392,1.0527092,2,malignant,Preprocessed_Dataset/cmmd/cmmd_3872.jpg,train
2.8674855,0.62862253,1.3242767,2.308903,2,malignant,Preprocessed_Dataset/ddsm/ddsm_4510.jpg,train
0.92749006,2.1390743,1.123182,1.8755301,1,benign,Preprocessed_Dataset/inbreast/inbreast_290.jpg,train
1.9534266,0.60875624,1.6117715,1.5034101,1,benign,Preprocessed_Dataset/ddsm/ddsm_9596.jpg,train
1.9768684,0.79471815,1.6603034,1.2336355,2,malignant,Preprocessed_Dataset/ddsm/ddsm_5876.jpg,train
2.8491468,0.14781487,0.9290999,2.1422951,1,benign,Preprocessed_Dataset/ddsm/ddsm_6934.jpg,train
2.0300856,2.116903,1.2882916,0.80206466,0,normal,Preprocessed_Dataset/ddsm/ddsm_2443.jpg,train
2.1054168,2.4253147,1.6630553,1.3174762,0,normal,Preprocessed_Dataset/ddsm/ddsm_67.jpg,train
1.0391881,1.348273,1.6043763,1.0377389,0,normal,Preprocessed_Dataset/cdd-cesm/cdd-cesm_33.jpg,train
0.3596719,1.6105143,1.4332036,1.9163132,2,malignant,Preprocessed_Dataset/cmmd/cmmd_3508.jpg,train
1.5499988,0.3406114,1.6461838,1.6916304,0,normal,Preprocessed_Dataset/ddsm/ddsm_2756.jpg,train
0.24631917,0.8591469,1.6115502,1.1213951,2,malignant,Preprocessed_Dataset/cmmd/cmmd_5189.jpg,train
1.9967052,0.8228879,1.418735,1.3721298,0,normal,Preprocessed_Dataset/ddsm/ddsm_180.jpg,train
1.3464241,1.5656605,1.8521482,1.4906898,2,malignant,Preprocessed_Dataset/ddsm/ddsm_4829.jpg,train
1.8545518,0.48580956,1.7391603,1.8301566,0,normal,Preprocessed_Dataset/ddsm/ddsm_988.jpg,train
1.9373704,0.8716602,2.1460404,1.0784296,0,normal,Preprocessed_Dataset/ddsm/ddsm_1056.jpg,train
2.1185343,2.1944792,1.6702943,1.0448507,0,normal,Preprocessed_Dataset/ddsm/ddsm_2623.jpg,train
0.42791373,1.8115106,1.4234062,2.2437458,0,normal,Preprocessed_Dataset/dmid/dmid_238.jpg,train
2.302623,0.32855755,1.0822772,1.9059737,0,normal,Preprocessed_Dataset/ddsm/ddsm_2070.jpg,train
1.8346264,0.84292245,1.7477728,2.439789,1,benign,Preprocessed_Dataset/ddsm/ddsm_7260.jpg,train
2.200992,0.21295846,1.0540049,1.6187775,0,normal,Preprocessed_Dataset/ddsm/ddsm_654.jpg,train
0.089255214,1.3659059,1.5212048,1.5278962,1,benign,Preprocessed_Dataset/cmmd/cmmd_2407.jpg,train
0.20008588,1.4860538,1.643164,1.7520895,2,malignant,Preprocessed_Dataset/cmmd/cmmd_1160.jpg,train
0.33521062,0.8812446,1.5352672,0.871875,0,normal,Preprocessed_Dataset/kau-bcmd/kau-bcmd_970.jpg,train
0.43168032,1.4561191,1.7553167,2.0631227,2,malignant,Preprocessed_Dataset/cmmd/cmmd_1865.jpg,train
2.1196399,0.43810648,1.6027123,2.0181785,0,normal,Preprocessed_Dataset/ddsm/ddsm_1888.jpg,train
1.8166411,1.8209732,1.7761694,1.1079365,1,benign,Preprocessed_Dataset/ddsm/ddsm_7485.jpg,train
2.2204647,2.174135,2.458513,1.5360631,1,benign,Preprocessed_Dataset/ddsm/ddsm_9261.jpg,train
1.3910958,1.233982,1.9772125,1.418643,2,malignant,Preprocessed_Dataset/cdd-cesm/cdd-cesm_764.jpg,train
0.1691873,0.9037138,1.5157576,1.32847,2,malignant,Preprocessed_Dataset/cmmd/cmmd_714.jpg,train
1.0173032,1.3218187,2.185728,1.5929915,0,normal,Preprocessed_Dataset/cdd-cesm/cdd-cesm_375.jpg,train
0.48520166,0.7965616,1.658094,0.86682713,0,normal,Preprocessed_Dataset/kau-bcmd/kau-bcmd_977.jpg,train
0.29070473,1.5195558,1.3310587,1.9601034,2,malignant,Preprocessed_Dataset/cmmd/cmmd_1255.jpg,train
1.4761573,2.296595,1.5830578,1.0557185,0,normal,Preprocessed_Dataset/ddsm/ddsm_629.jpg,train
0.23660636,1.4878112,1.5935678,1.9320168,2,malignant,Preprocessed_Dataset/cmmd/cmmd_1991.jpg,train
0.3210662,0.9041087,1.494952,0.9705702,0,normal,Preprocessed_Dataset/kau-bcmd/kau-bcmd_275.jpg,train
2.0343482,1.0833344,2.080765,1.4067559,2,malignant,Preprocessed_Dataset/ddsm/ddsm_3448.jpg,train
1.9748209,2.4353595,1.5767806,1.4576769,0,normal,Preprocessed_Dataset/ddsm/ddsm_227.jpg,train
2.0800443,0.46349502,1.3014561,1.850245,1,benign,Preprocessed_Dataset/ddsm/ddsm_9958.jpg,train
1.2923656,1.4254159,1.3227276,1.9187539,2,malignant,Preprocessed_Dataset/ddsm/ddsm_6181.jpg,train
0.62665457,1.6021533,1.5312358,1.5468234,2,malignant,Preprocessed_Dataset/cmmd/cmmd_1417.jpg,train
1.8364882,0.40352166,0.74618924,1.2035699,0,normal,Preprocessed_Dataset/ddsm/ddsm_1766.jpg,train
2.3468812,1.0230188,3.1415927,1.3788315,1,benign,Preprocessed_Dataset/ddsm/ddsm_9672.jpg,train
2.31011,0.6618967,1.415611,2.1159377,2,malignant,Preprocessed_Dataset/ddsm/ddsm_3712.jpg,train
1.9199771,2.1670485,2.1076698,1.5573833,1,benign,Preprocessed_Dataset/ddsm/ddsm_7621.jpg,train
0.7953855,0.6761338,1.3925079,0.8391408,0,normal,Preprocessed_Dataset/kau-bcmd/kau-bcmd_1060.jpg,train
1.6267357,0.55163324,1.7706823,0.19824028,1,benign,Preprocessed_Dataset/ddsm/ddsm_8408.jpg,train
2.124818,0.5767392,2.2002366,0.9960151,0,normal,Preprocessed_Dataset/ddsm/ddsm_2176.jpg,train
1.7811637,1.9326901,1.1080785,0.6191069,2,malignant,Preprocessed_Dataset/ddsm/ddsm_5255.jpg,train
1.3447912,1.0075872,2.0493252,1.15207,2,malignant,Preprocessed_Dataset/ddsm/ddsm_3976.jpg,train
1.5133296,1.0213629,2.4106393,1.2483096,2,malignant,Preprocessed_Dataset/ddsm/ddsm_3956.jpg,train
1.982947,0.3744412,1.2538602,1.496561,1,benign,Preprocessed_Dataset/ddsm/ddsm_7878.jpg,train
0.867859,0.7174836,1.3534377,2.2670064,1,benign,Preprocessed_Dataset/ddsm/ddsm_7420.jpg,train
0.123505354,1.3551474,1.646058,1.6855503,2,malignant,Preprocessed_Dataset/cmmd/cmmd_1582.jpg,train
2.2381935,0.24666703,0.24327183,1.6514715,1,benign,Preprocessed_Dataset/ddsm/ddsm_8814.jpg,train
1.4141998,0.5768327,1.2125301,1.7044973,2,malignant,Preprocessed_Dataset/ddsm/ddsm_4730.jpg,train
0.34648156,1.360153,1.6543844,1.6583157,0,normal,Preprocessed_Dataset/kau-bcmd/kau-bcmd_146.jpg,train
1.7377305,0.5158505,0.6230881,1.3028986,2,malignant,Preprocessed_Dataset/ddsm/ddsm_3926.jpg,train
0.3140918,0.8874848,1.6938665,0.97753036,2,malignant,Preprocessed_Dataset/cmmd/cmmd_4631.jpg,train
2.1098552,2.4425302,1.1704171,0.98734903,2,malignant,Preprocessed_Dataset/ddsm/ddsm_3151.jpg,train
0.28448582,1.6033254,1.4805007,1.8587518,2,malignant,Preprocessed_Dataset/cmmd/cmmd_1433.jpg,train
0.34811258,1.4679974,1.5131637,1.7378831,2,malignant,Preprocessed_Dataset/cmmd/cmmd_43.jpg,train
1.522136,0.47136235,0.79100627,0.7578694,1,benign,Preprocessed_Dataset/ddsm/ddsm_10046.jpg,train
0.29973733,1.2666239,1.7259289,1.4089613,0,normal,Preprocessed_Dataset/kau-bcmd/kau-bcmd_413.jpg,train
1.7948053,0.7789817,2.1502273,1.171318,1,benign,Preprocessed_Dataset/ddsm/ddsm_9424.jpg,train
0.25618672,1.5094666,1.588995,1.8499603,1,benign,Preprocessed_Dataset/cmmd/cmmd_148.jpg,train
1.4949511,0.8140212,1.4666156,2.1405141,1,benign,Preprocessed_Dataset/ddsm/ddsm_9034.jpg,train
0.27055693,1.2773827,1.7101278,1.4242976,0,normal,Preprocessed_Dataset/kau-bcmd/kau-bcmd_68.jpg,train
1.8130252,2.4042356,0.98299944,1.3054408,2,malignant,Preprocessed_Dataset/ddsm/ddsm_3735.jpg,train
0.1617285,1.4754637,1.768802,1.7154089,0,normal,Preprocessed_Dataset/kau-bcmd/kau-bcmd_1728.jpg,train
0.2497127,0.8297594,1.4338357,1.1754919,1,benign,Preprocessed_Dataset/cmmd/cmmd_4394.jpg,train
2.1298165,0.7535022,2.2135253,1.7430065,1,benign,Preprocessed_Dataset/ddsm/ddsm_7492.jpg,train
0.23475409,0.9121902,1.6124166,0.95842755,2,malignant,Preprocessed_Dataset/cmmd/cmmd_4946.jpg,train
2.1639106,2.0198681,1.35673,0.5536613,1,benign,Preprocessed_Dataset/ddsm/ddsm_9759.jpg,train
1.6788652,0.7166862,1.2404903,2.1064355,1,benign,Preprocessed_Dataset/ddsm/ddsm_8490.jpg,train
1.1889318,1.1469176,1.4000251,1.5598257,0,normal,Preprocessed_Dataset/cdd-cesm/cdd-cesm_629.jpg,train
1.1337295,1.5070355,1.5489911,1.4158888,0,normal,Preprocessed_Dataset/cdd-cesm/cdd-cesm_866.jpg,train
0.21418726,1.5587287,1.4598138,1.7888258,1,benign,Preprocessed_Dataset/cmmd/cmmd_122.jpg,train
0.2072128,1.5370009,1.452074,1.7630758,2,malignant,Preprocessed_Dataset/cmmd/cmmd_1359.jpg,train
1.8377361,1.6962075,2.381328,1.4182341,2,malignant,Preprocessed_Dataset/ddsm/ddsm_4153.jpg,train
0.17680275,1.4609969,1.488275,1.7648823,0,normal,Preprocessed_Dataset/kau-bcmd/kau-bcmd_1610.jpg,train
1.8383361,2.6065972,1.5431693,1.0220687,2,malignant,Preprocessed_Dataset/ddsm/ddsm_4753.jpg,train
0.2972855,1.6096995,1.2924411,1.7209015,1,benign,Preprocessed_Dataset/cmmd/cmmd_542.jpg,train
1.1984613,0.46795052,1.361011,0.2284646,0,normal,Preprocessed_Dataset/inbreast/inbreast_196.jpg,train
2.4622443,2.0475438,1.6710356,1.1273538,0,normal,Preprocessed_Dataset/ddsm/ddsm_2237.jpg,train
2.1651793,0.30149555,1.1205351,2.0575852,0,normal,Preprocessed_Dataset/ddsm/ddsm_166.jpg,train
1.7281177,2.0933747,0.7372832,1.1972064,2,malignant,Preprocessed_Dataset/ddsm/ddsm_5939.jpg,train
1.9346814,1.9873645,2.166194,1.2212232,0,normal,Preprocessed_Dataset/ddsm/ddsm_2693.jpg,train
0.166906,1.4218346,1.4280777,1.6971997,2,malignant,Preprocessed_Dataset/cmmd/cmmd_1528.jpg,train
0.50760436,0.8016554,1.4931024,0.91527957,0,normal,Preprocessed_Dataset/kau-bcmd/kau-bcmd_2114.jpg,train
1.9226816,1.3267426,2.4359713,1.6485268,0,normal,Preprocessed_Dataset/ddsm/ddsm_1240.jpg,train
0.106288195,1.0010897,1.5738055,1.3051128,2,malignant,Preprocessed_Dataset/cmmd/cmmd_4287.jpg,train
0.6913183,1.9232508,1.133856,2.0981479,0,normal,Preprocessed_Dataset/dmid/dmid_209.jpg,train
1.7988908,2.287211,1.0422707,1.2473199,0,normal,Preprocessed_Dataset/ddsm/ddsm_239.jpg,train
0.32707506,1.5005326,1.412125,1.7540218,2,malignant,Preprocessed_Dataset/cmmd/cmmd_1364.jpg,train
0.20232117,0.84798443,1.5499451,1.4100418,2,malignant,Preprocessed_Dataset/cmmd/cmmd_4915.jpg,train
1.928088,0.68225217,2.2878194,1.4877956,2,malignant,Preprocessed_Dataset/ddsm/ddsm_3120.jpg,train
2.0094469,0.36130232,1.6947081,1.2978511,1,benign,Preprocessed_Dataset/ddsm/ddsm_8062.jpg,train
0.27123094,0.8800044,1.4331613,1.0998813,2,malignant,Preprocessed_Dataset/cmmd/cmmd_3948.jpg,train
2.0290327,0.30217278,1.3601097,1.4140663,1,benign,Preprocessed_Dataset/ddsm/ddsm_9678.jpg,train
1.6437658,2.0460477,1.8939648,1.4660423,2,malignant,Preprocessed_Dataset/ddsm/ddsm_6129.jpg,train
0.857381,2.2653224,0.90499043,2.2607188,2,malignant,Preprocessed_Dataset/inbreast/inbreast_184.jpg,train
0.5721127,1.8252513,1.3220897,2.0165126,0,normal,Preprocessed_Dataset/kau-bcmd/kau-bcmd_2080.jpg,train
0.77854586,0.75634784,1.8903352,0.82778394,0,normal,Preprocessed_Dataset/kau-bcmd/kau-bcmd_26.jpg,train
0.20652223,0.88823915,1.5664643,1.1664832,1,benign,Preprocessed_Dataset/cmmd/cmmd_5153.jpg,train
0.34461957,1.6291838,1.4321656,1.9924042,2,malignant,Preprocessed_Dataset/cmmd/cmmd_1620.jpg,train
0.81091243,0.77364445,1.4543818,0.9732401,0,normal,Preprocessed_Dataset/kau-bcmd/kau-bcmd_567.jpg,train
0.38103205,1.5294117,1.4790872,2.1265273,0,normal,Preprocessed_Dataset/kau-bcmd/kau-bcmd_1793.jpg,train
0.7706103,0.40985292,1.0727375,1.279473,0,normal,Preprocessed_Dataset/dmid/dmid_241.jpg,train
0.49154538,0.8034528,1.5780492,0.8847708,2,malignant,Preprocessed_Dataset/cmmd/cmmd_4900.jpg,train
2.205359,0.48060018,1.5154333,1.9043186,2,malignant,Preprocessed_Dataset/ddsm/ddsm_6294.jpg,train
0.2960279,1.5653791,1.4311901,1.8601602,2,malignant,Preprocessed_Dataset/cmmd/cmmd_926.jpg,train
2.2729826,1.0597215,2.755072,1.6615242,1,benign,Preprocessed_Dataset/ddsm/ddsm_7772.jpg,train
0.4751342,0.5721054,1.3232722,1.3188967,2,malignant,Preprocessed_Dataset/cmmd/cmmd_3944.jpg,train
1.512611,0.0,1.4185168,1.3074126,0,normal,Preprocessed_Dataset/ddsm/ddsm_864.jpg,train
2.322456,0.7955482,1.4749786,1.5277314,0,normal,Preprocessed_Dataset/ddsm/ddsm_2360.jpg,train
1.418605,1.81794,0.87684387,0.94098395,1,benign,Preprocessed_Dataset/ddsm/ddsm_9887.jpg,train
0.36995327,1.6450386,1.5776985,2.1161714,0,normal,Preprocessed_Dataset/kau-bcmd/kau-bcmd_1716.jpg,train
0.33933353,1.3380859,1.6996499,1.7656668,0,normal,Preprocessed_Dataset/kau-bcmd/kau-bcmd_1138.jpg,train
1.9240487,2.3455844,0.9519435,1.375719,0,normal,Preprocessed_Dataset/ddsm/ddsm_1903.jpg,train
0.20013559,1.447328,1.4486319,1.791105,2,malignant,Preprocessed_Dataset/cmmd/cmmd_1774.jpg,train
0.29620337,0.8703879,1.5941681,0.9596675,0,normal,Preprocessed_Dataset/kau-bcmd/kau-bcmd_418.jpg,train
1.3750069,1.2477663,2.2969794,1.0334338,0,normal,Preprocessed_Dataset/cdd-cesm/cdd-cesm_994.jpg,train
0.37716478,1.8029612,1.2630372,2.0055008,0,normal,Preprocessed_Dataset/dmid/dmid_122.jpg,train
0.51154256,0.8687496,1.5608721,0.6829364,0,normal,Preprocessed_Dataset/kau-bcmd/kau-bcmd_1556.jpg,train
0.40524167,0.8457172,1.6298865,1.0273585,2,malignant,Preprocessed_Dataset/cmmd/cmmd_979.jpg,train
0.3632257,0.87630063,1.3902111,0.9716692,0,normal,Preprocessed_Dataset/kau-bcmd/kau-bcmd_1652.jpg,train
1.8963025,2.2513888,1.4946892,1.173928,2,malignant,Preprocessed_Dataset/ddsm/ddsm_3575.jpg,train
1.1370678,1.1160096,1.4855037,1.4484913,2,malignant,Preprocessed_Dataset/cdd-cesm/cdd-cesm_83.jpg,train
1.5824171,0.8969517,1.7376845,0.46897632,1,benign,Preprocessed_Dataset/ddsm/ddsm_10352.jpg,train
2.5106945,0.20628357,0.24976075,1.6495099,0,normal,Preprocessed_Dataset/ddsm/ddsm_2454.jpg,train
1.9435755,0.41550994,1.044188,1.7919343,2,malignant,Preprocessed_Dataset/ddsm/ddsm_4458.jpg,train
0.95531505,2.0542467,1.7158251,2.1672225,1,benign,Preprocessed_Dataset/ddsm/ddsm_7421.jpg,train
2.713726,0.4716475,1.0926238,2.2202463,1,benign,Preprocessed_Dataset/ddsm/ddsm_8726.jpg,train
0.33452523,0.7500712,1.1559856,1.5296692,2,malignant,Preprocessed_Dataset/cmmd/cmmd_4033.jpg,train
0.1883117,1.4860129,1.5291175,1.7391925,2,malignant,Preprocessed_Dataset/cmmd/cmmd_1249.jpg,train
0.48282367,0.7431325,1.8739749,1.1376854,2,malignant,Preprocessed_Dataset/cmmd/cmmd_5047.jpg,train
2.270431,0.27891064,0.8305662,1.899437,0,normal,Preprocessed_Dataset/ddsm/ddsm_962.jpg,train
1.8389608,1.9725907,1.6399009,1.5288141,1,benign,Preprocessed_Dataset/ddsm/ddsm_9181.jpg,train
0.41367388,0.8200984,1.4895234,0.884795,0,normal,Preprocessed_Dataset/kau-bcmd/kau-bcmd_768.jpg,train
1.240481,1.2412192,1.3420248,0.5329222,2,malignant,Preprocessed_Dataset/cdd-cesm/cdd-cesm_623.jpg,train
0.52698416,0.7281307,1.644867,0.9532009,2,malignant,Preprocessed_Dataset/cmmd/cmmd_2689.jpg,train
1.0155083,1.3704901,2.1718793,1.6620073,0,normal,Preprocessed_Dataset/cdd-cesm/cdd-cesm_205.jpg,train
1.6288812,0.7170438,1.2461812,0.83355653,2,malignant,Preprocessed_Dataset/ddsm/ddsm_5564.jpg,train
1.8014755,1.2998503,1.5964113,2.4491382,0,normal,Preprocessed_Dataset/ddsm/ddsm_1081.jpg,train
1.5817277,2.3049233,1.4294837,1.2362837,1,benign,Preprocessed_Dataset/ddsm/ddsm_7085.jpg,train
2.137889,0.748013,2.568629,1.107784,0,normal,Preprocessed_Dataset/ddsm/ddsm_700.jpg,train
1.6840072,1.6722565,2.2819688,1.5107,1,benign,Preprocessed_Dataset/cdd-cesm/cdd-cesm_499.jpg,train
1.8122793,0.45853668,0.62297225,1.556873,0,normal,Preprocessed_Dataset/ddsm/ddsm_1014.jpg,train
0.24170339,1.5492325,1.4788363,1.8604695,2,malignant,Preprocessed_Dataset/cmmd/cmmd_1424.jpg,train
0.15654325,0.8866049,1.5076965,1.4259964,2,malignant,Preprocessed_Dataset/cmmd/cmmd_3701.jpg,train
1.8892372,2.289174,1.0005361,1.4618529,1,benign,Preprocessed_Dataset/ddsm/ddsm_7959.jpg,train
1.9471662,1.5963429,2.2051647,1.6574501,2,malignant,Preprocessed_Dataset/ddsm/ddsm_5693.jpg,train
0.72016627,2.0937052,1.3036361,2.4150336,1,benign,Preprocessed_Dataset/inbreast/inbreast_120.jpg,train
0.36830974,1.7335622,1.3262804,1.9424877,2,malignant,Preprocessed_Dataset/cmmd/cmmd_3394.jpg,train
1.4634945,1.8674017,1.0682395,0.8907037,2,malignant,Preprocessed_Dataset/ddsm/ddsm_5359.jpg,train
0.23743343,1.6278783,1.5208448,1.8440282,1,benign,Preprocessed_Dataset/cmmd/cmmd_1810.jpg,train
0.28869635,1.5925313,1.7064508,2.0138044,0,normal,Preprocessed_Dataset/kau-bcmd/kau-bcmd_1922.jpg,train
1.855268,1.8094726,1.8810176,1.2841277,1,benign,Preprocessed_Dataset/ddsm/ddsm_8837.jpg,train
2.2773354,0.3439073,1.335146,2.18293,0,normal,Preprocessed_Dataset/ddsm/ddsm_2474.jpg,train
1.3968884,1.8055072,1.6242695,1.8422823,1,benign,Preprocessed_Dataset/ddsm/ddsm_6777.jpg,train
0.37096983,1.2793552,1.736093,1.522043,1,benign,Preprocessed_Dataset/kau-bcmd/kau-bcmd_404.jpg,train
1.5399703,1.9460721,2.0552077,1.9630892,0,normal,Preprocessed_Dataset/ddsm/ddsm_1201.jpg,train
1.8053465,1.8548838,1.7887912,1.4080814,1,benign,Preprocessed_Dataset/ddsm/ddsm_9997.jpg,train
1.2396778,1.4679383,1.3136879,1.1146576,1,benign,Preprocessed_Dataset/cdd-cesm/cdd-cesm_614.jpg,train
1.7904446,0.71368915,1.9047484,1.7397059,1,benign,Preprocessed_Dataset/ddsm/ddsm_6660.jpg,train
2.2174716,1.979915,2.0576634,1.2072613,2,malignant,Preprocessed_Dataset/ddsm/ddsm_5069.jpg,train
2.2871802,1.8483958,2.0400634,1.3135946,1,benign,Preprocessed_Dataset/ddsm/ddsm_9413.jpg,train
2.0675495,0.96569496,2.2612517,1.3352499,0,normal,Preprocessed_Dataset/ddsm/ddsm_2480.jpg,train
1.8057326,2.3038201,2.044834,2.0317857,1,benign,Preprocessed_Dataset/ddsm/ddsm_6643.jpg,train
0.21374929,1.4807596,1.4366672,1.775611,2,malignant,Preprocessed_Dataset/cmmd/cmmd_1862.jpg,train
0.2760141,1.4574723,1.4899718,1.7999399,2,malignant,Preprocessed_Dataset/cmmd/cmmd_1077.jpg,train
0.17120409,0.8822635,1.4839913,1.4166887,2,malignant,Preprocessed_Dataset/cmmd/cmmd_3632.jpg,train
1.4944934,2.3198903,1.3097156,1.7540998,0,normal,Preprocessed_Dataset/ddsm/ddsm_2607.jpg,train
0.22961247,1.2490673,1.7592889,1.466338,1,benign,Preprocessed_Dataset/kau-bcmd/kau-bcmd_4.jpg,train
0.5644772,0.7961221,1.5006852,0.8048967,0,normal,Preprocessed_Dataset/kau-bcmd/kau-bcmd_1548.jpg,train
2.2361314,0.4081208,0.7030451,2.0180683,1,benign,Preprocessed_Dataset/ddsm/ddsm_10114.jpg,train
1.3284817,1.8739711,1.4184337,1.3939147,2,malignant,Preprocessed_Dataset/kau-bcmd/kau-bcmd_645.jpg,train
2.3386946,0.44311255,1.1267288,1.913842,1,benign,Preprocessed_Dataset/ddsm/ddsm_10018.jpg,train
2.1318264,0.24256623,1.5676647,1.6848725,2,malignant,Preprocessed_Dataset/ddsm/ddsm_2798.jpg,train
1.5674702,2.0337217,1.312715,1.4304416,1,benign,Preprocessed_Dataset/ddsm/ddsm_8919.jpg,train
0.39207202,0.8285998,1.6393509,1.0591614,2,malignant,Preprocessed_Dataset/cmmd/cmmd_4256.jpg,train
1.9669044,1.6081747,2.5201764,1.3724563,0,normal,Preprocessed_Dataset/ddsm/ddsm_1625.jpg,train
1.5251383,0.6030349,1.6628013,0.46941477,1,benign,Preprocessed_Dataset/ddsm/ddsm_6808.jpg,train
0.7746978,0.49890512,1.0657675,0.83489037,2,malignant,Preprocessed_Dataset/inbreast/inbreast_404.jpg,train
1.1297792,1.1212577,1.0497265,1.5815452,0,normal,Preprocessed_Dataset/cdd-cesm/cdd-cesm_124.jpg,train
1.9038086,1.9712298,2.7535238,2.0004618,0,normal,Preprocessed_Dataset/ddsm/ddsm_2317.jpg,train
1.7192223,2.0519044,2.5271556,1.9145764,1,benign,Preprocessed_Dataset/ddsm/ddsm_9497.jpg,train
1.3665364,1.7838867,2.0492303,1.8330574,1,benign,Preprocessed_Dataset/ddsm/ddsm_6857.jpg,train
0.97962344,0.7573075,1.4196572,1.0286694,0,normal,Preprocessed_Dataset/kau-bcmd/kau-bcmd_1440.jpg,train
2.2273407,0.73350066,1.3802048,2.0726366,2,malignant,Preprocessed_Dataset/ddsm/ddsm_6134.jpg,train
1.9275708,2.1553435,2.1446543,1.614135,0,normal,Preprocessed_Dataset/ddsm/ddsm_401.jpg,train
2.2853482,0.5128662,1.4304714,1.7849405,1,benign,Preprocessed_Dataset/ddsm/ddsm_10032.jpg,train
0.17391264,0.86903876,1.3760955,1.5332476,2,malignant,Preprocessed_Dataset/cmmd/cmmd_344.jpg,train
0.18937552,1.506091,1.5409429,1.7743776,0,normal,Preprocessed_Dataset/kau-bcmd/kau-bcmd_1837.jpg,train
1.8179567,0.6246462,2.5024054,1.5691048,1,benign,Preprocessed_Dataset/ddsm/ddsm_9496.jpg,train
0.28575236,1.5583656,1.7429625,1.9665874,0,normal,Preprocessed_Dataset/kau-bcmd/kau-bcmd_1926.jpg,train
2.2734554,0.70139,1.5282342,2.2335358,2,malignant,Preprocessed_Dataset/ddsm/ddsm_3534.jpg,train
1.6993625,1.9308944,1.1966355,0.9854614,1,benign,Preprocessed_Dataset/ddsm/ddsm_6495.jpg,train
1.591576,1.0496289,2.1021862,1.3823526,1,benign,Preprocessed_Dataset/ddsm/ddsm_8636.jpg,train
0.23388743,1.4575309,1.59454,1.9081663,1,benign,Preprocessed_Dataset/cmmd/cmmd_2143.jpg,train
2.0096886,0.57390386,1.1592597,1.8740909,2,malignant,Preprocessed_Dataset/ddsm/ddsm_3522.jpg,train
1.9691119,0.7696055,0.6736162,1.7672205,0,normal,Preprocessed_Dataset/ddsm/ddsm_2618.jpg,train
2.0723262,0.33550215,0.62506515,1.9544003,0,normal,Preprocessed_Dataset/ddsm/ddsm_1674.jpg,train
0.47130573,1.6993549,1.2848818,1.8105016,0,normal,Preprocessed_Dataset/kau-bcmd/kau-bcmd_2109.jpg,train
1.8140066,0.7557088,1.4262624,1.001389,2,malignant,Preprocessed_Dataset/ddsm/ddsm_5464.jpg,train
1.5241923,1.7246104,2.2015824,1.6074467,0,normal,Preprocessed_Dataset/ddsm/ddsm_737.jpg,train
1.9545696,0.6496916,2.136598,1.4459506,2,malignant,Preprocessed_Dataset/ddsm/ddsm_3324.jpg,train
1.0842814,1.4731132,1.7435449,0.89080954,2,malignant,Preprocessed_Dataset/cdd-cesm/cdd-cesm_797.jpg,train
1.6820722,1.9053345,1.8523314,1.1824642,2,malignant,Preprocessed_Dataset/ddsm/ddsm_3897.jpg,train
1.6154084,1.1363482,2.2088928,1.6986187,1,benign,Preprocessed_Dataset/ddsm/ddsm_9980.jpg,train
1.2671049,1.9480869,1.8532279,1.3747035,0,normal,Preprocessed_Dataset/ddsm/ddsm_2421.jpg,train
1.3568484,1.9812801,0.8751771,1.1588361,1,benign,Preprocessed_Dataset/ddsm/ddsm_6647.jpg,train
1.335925,1.9206169,1.8448153,2.4141684,1,benign,Preprocessed_Dataset/ddsm/ddsm_7073.jpg,train
0.8827007,1.491648,2.0299065,1.2754151,0,normal,Preprocessed_Dataset/cdd-cesm/cdd-cesm_14.jpg,train
2.1467068,2.4840074,1.4464221,1.3670238,0,normal,Preprocessed_Dataset/ddsm/ddsm_427.jpg,train
1.8535767,1.967145,1.6279954,1.1097419,2,malignant,Preprocessed_Dataset/ddsm/ddsm_5825.jpg,train
1.2182529,1.5264806,1.2418345,1.348028,2,malignant,Preprocessed_Dataset/ddsm/ddsm_3913.jpg,train
0.27574557,1.1397672,1.7068094,1.1582751,0,normal,Preprocessed_Dataset/kau-bcmd/kau-bcmd_187.jpg,train
1.510835,0.91915095,0.8235409,0.2887771,2,malignant,Preprocessed_Dataset/ddsm/ddsm_3344.jpg,train
2.0869894,0.5697063,1.7820269,2.1847658,1,benign,Preprocessed_Dataset/ddsm/ddsm_7992.jpg,train
0.9258406,0.313968,0.82936686,2.26045,2,malignant,Preprocessed_Dataset/ddsm/ddsm_3968.jpg,train
2.5000587,0.39698327,0.82116145,1.866108,1,benign,Preprocessed_Dataset/ddsm/ddsm_9786.jpg,train
1.7965784,2.4937963,0.61011356,1.5915719,0,normal,Preprocessed_Dataset/ddsm/ddsm_903.jpg,train
1.581736,2.094822,1.3077157,1.2020365,1,benign,Preprocessed_Dataset/ddsm/ddsm_9267.jpg,train
0.46637255,0.8007413,1.7086455,0.78150785,2,malignant,Preprocessed_Dataset/cmmd/cmmd_2722.jpg,train
2.3374133,0.3990509,1.8239253,2.0614855,0,normal,Preprocessed_Dataset/ddsm/ddsm_222.jpg,train
0.80214053,2.2202995,1.2297726,1.7237942,1,benign,Preprocessed_Dataset/ddsm/ddsm_7265.jpg,train
0.68269175,1.9606876,1.5624256,2.0936801,2,malignant,Preprocessed_Dataset/cmmd/cmmd_1452.jpg,train
2.081718,2.0405588,1.8196454,1.1595874,2,malignant,Preprocessed_Dataset/ddsm/ddsm_3149.jpg,train
0.24291372,1.4510168,1.6072084,1.9202769,2,malignant,Preprocessed_Dataset/cmmd/cmmd_2679.jpg,train
1.0688808,1.763734,1.5625114,1.4160677,0,normal,Preprocessed_Dataset/kau-bcmd/kau-bcmd_897.jpg,train
2.0000126,1.9014809,2.254627,1.4022216,2,malignant,Preprocessed_Dataset/ddsm/ddsm_5005.jpg,train
1.9021811,0.6353531,2.774702,0.743418,0,normal,Preprocessed_Dataset/ddsm/ddsm_544.jpg,train
1.9956005,2.4204843,0.9959248,1.2386541,0,normal,Preprocessed_Dataset/ddsm/ddsm_659.jpg,train
0.22167075,1.4515485,1.4833318,1.7365177,1,benign,Preprocessed_Dataset/cmmd/cmmd_532.jpg,train
0.16245627,1.3729037,1.6210191,1.8324373,2,malignant,Preprocessed_Dataset/cmmd/cmmd_1587.jpg,train
2.5593295,0.5784099,1.0471243,2.245099,1,benign,Preprocessed_Dataset/ddsm/ddsm_7814.jpg,train
0.25420797,1.5320933,1.5633205,1.7974517,2,malignant,Preprocessed_Dataset/cmmd/cmmd_1408.jpg,train
1.0092874,1.6355989,2.031937,1.8630531,1,benign,Preprocessed_Dataset/cdd-cesm/cdd-cesm_378.jpg,train
0.5991045,0.7227005,1.7762325,0.8890637,0,normal,Preprocessed_Dataset/kau-bcmd/kau-bcmd_1989.jpg,train
1.0787845,0.65398973,1.3849565,1.0566852,1,benign,Preprocessed_Dataset/cmmd/cmmd_3722.jpg,train
1.7104514,2.1137502,1.3378229,0.93059504,1,benign,Preprocessed_Dataset/ddsm/ddsm_6615.jpg,train
1.1064609,2.0790205,1.3969834,1.4411263,2,malignant,Preprocessed_Dataset/ddsm/ddsm_5213.jpg,train
1.741609,0.8399141,2.4013996,0.972633,2,malignant,Preprocessed_Dataset/ddsm/ddsm_4676.jpg,train
1.1745403,1.0450039,1.8444545,0.97386706,1,benign,Preprocessed_Dataset/cdd-cesm/cdd-cesm_449.jpg,train
0.42349958,1.6540482,1.5040908,2.1091135,0,normal,Preprocessed_Dataset/kau-bcmd/kau-bcmd_260.jpg,train
1.7626592,1.9228005,2.4740076,1.9091877,0,normal,Preprocessed_Dataset/ddsm/ddsm_2417.jpg,train
1.0348494,1.822072,1.7429935,1.9298756,0,normal,Preprocessed_Dataset/kau-bcmd/kau-bcmd_2197.jpg,train
0.39501476,1.5824053,1.6371597,2.086993,0,normal,Preprocessed_Dataset/kau-bcmd/kau-bcmd_1218.jpg,train
2.209145,0.588018,1.3024116,1.7373612,1,benign,Preprocessed_Dataset/ddsm/ddsm_8646.jpg,train
0.3015648,0.770873,1.1776365,1.4844282,0,normal,Preprocessed_Dataset/kau-bcmd/kau-bcmd_1472.jpg,train
0.24086154,1.5874532,1.2844808,1.7599578,1,benign,Preprocessed_Dataset/cmmd/cmmd_465.jpg,train
1.3954318,1.2765665,2.1526423,1.1119674,1,benign,Preprocessed_Dataset/cdd-cesm/cdd-cesm_881.jpg,train
1.5218813,1.7040938,2.0208788,1.4471596,2,malignant,Preprocessed_Dataset/ddsm/ddsm_4321.jpg,train
0.5249558,0.82685065,1.5797342,0.69176114,0,normal,Preprocessed_Dataset/kau-bcmd/kau-bcmd_1081.jpg,train
2.1353254,1.9778001,2.6314087,1.6443462,1,benign,Preprocessed_Dataset/ddsm/ddsm_8945.jpg,train
0.46756637,0.7658777,1.350694,1.0202422,2,malignant,Preprocessed_Dataset/cmmd/cmmd_4270.jpg,train
1.6292377,2.3418984,0.8271224,1.2995834,2,malignant,Preprocessed_Dataset/ddsm/ddsm_5443.jpg,train
1.9877908,0.5130613,1.7697461,1.6951889,1,benign,Preprocessed_Dataset/ddsm/ddsm_10250.jpg,train
1.6657141,1.5598103,1.861047,1.2221,1,benign,Preprocessed_Dataset/ddsm/ddsm_9561.jpg,train
0.79307425,0.66747904,1.3982561,0.8624141,0,normal,Preprocessed_Dataset/kau-bcmd/kau-bcmd_1511.jpg,train
0.35208255,1.5205929,1.7289836,2.0731602,0,normal,Preprocessed_Dataset/kau-bcmd/kau-bcmd_416.jpg,train
1.5255182,0.5246195,0.7719334,1.5247788,2,malignant,Preprocessed_Dataset/ddsm/ddsm_3210.jpg,train
2.2590122,0.4354626,0.8897208,1.8948772,0,normal,Preprocessed_Dataset/ddsm/ddsm_1030.jpg,train
1.7513902,0.83389544,0.784324,1.6612827,2,malignant,Preprocessed_Dataset/ddsm/ddsm_5450.jpg,train
1.7232224,0.76864284,2.2340999,1.6683786,2,malignant,Preprocessed_Dataset/ddsm/ddsm_5260.jpg,train
0.40784544,0.84245706,1.5282502,0.94717634,0,normal,Preprocessed_Dataset/kau-bcmd/kau-bcmd_816.jpg,train
0.7927655,2.1923404,1.295783,2.3900847,0,normal,Preprocessed_Dataset/inbreast/inbreast_260.jpg,train
1.8747582,2.4383802,1.1619246,1.5236238,0,normal,Preprocessed_Dataset/ddsm/ddsm_1407.jpg,train
2.3941302,0.34317786,1.4149822,1.96387,0,normal,Preprocessed_Dataset/ddsm/ddsm_1450.jpg,train
0.18592978,1.467845,1.3433087,1.7480867,1,benign,Preprocessed_Dataset/cmmd/cmmd_676.jpg,train
0.119564295,1.219334,1.6450547,1.4436877,1,benign,Preprocessed_Dataset/kau-bcmd/kau-bcmd_1243.jpg,train
1.8129108,1.943475,1.1237627,1.2351425,1,benign,Preprocessed_Dataset/ddsm/ddsm_7461.jpg,train
0.3854621,0.8290106,1.5788156,0.83009535,0,normal,Preprocessed_Dataset/kau-bcmd/kau-bcmd_443.jpg,train
0.28495914,0.8963692,1.728081,0.9431268,2,malignant,Preprocessed_Dataset/cmmd/cmmd_2602.jpg,train
0.31623334,1.1034607,1.7583225,1.0874914,1,benign,Preprocessed_Dataset/kau-bcmd/kau-bcmd_800.jpg,train
0.49696308,0.9900489,1.7479981,0.8308078,2,malignant,Preprocessed_Dataset/cmmd/cmmd_4890.jpg,train
2.044712,0.4971149,0.8459743,1.6341245,1,benign,Preprocessed_Dataset/ddsm/ddsm_9410.jpg,train
2.544653,0.35637808,1.4766244,2.135549,0,normal,Preprocessed_Dataset/ddsm/ddsm_66.jpg,train
0.23984694,0.87514246,1.5985385,1.1268742,2,malignant,Preprocessed_Dataset/cmmd/cmmd_2514.jpg,train
0.40909725,1.6196027,1.6786276,2.161377,2,malignant,Preprocessed_Dataset/cmmd/cmmd_2827.jpg,train
1.6680045,2.1836169,1.322885,1.3065184,1,benign,Preprocessed_Dataset/ddsm/ddsm_8639.jpg,train
1.9445591,0.54497194,1.3899616,2.0206022,2,malignant,Preprocessed_Dataset/ddsm/ddsm_4246.jpg,train
1.7254952,1.7199681,1.950447,1.4154233,2,malignant,Preprocessed_Dataset/ddsm/ddsm_4381.jpg,train
0.17972887,0.8559542,1.2712021,1.6363931,0,normal,Preprocessed_Dataset/kau-bcmd/kau-bcmd_1795.jpg,train
0.34197253,0.7846116,1.3345003,1.2263517,2,malignant,Preprocessed_Dataset/cmmd/cmmd_3775.jpg,train
1.8624976,2.2639005,1.5463586,1.2571267,0,normal,Preprocessed_Dataset/ddsm/ddsm_743.jpg,train
1.8909597,1.0464911,1.935318,1.2696042,1,benign,Preprocessed_Dataset/ddsm/ddsm_7004.jpg,train
0.18676853,1.3949449,1.6508758,1.792092,2,malignant,Preprocessed_Dataset/cmmd/cmmd_2094.jpg,train
2.0221224,1.4760854,2.1583068,2.0164723,2,malignant,Preprocessed_Dataset/ddsm/ddsm_4409.jpg,train
2.046563,2.4889503,2.2930455,1.6994532,0,normal,Preprocessed_Dataset/ddsm/ddsm_505.jpg,train
1.8560674,0.56876844,0.74458665,1.7784181,1,benign,Preprocessed_Dataset/ddsm/ddsm_7246.jpg,train
1.8404427,2.0106168,2.5085812,2.0399368,2,malignant,Preprocessed_Dataset/ddsm/ddsm_3713.jpg,train
0.16583669,0.87236494,1.331136,1.5817044,2,malignant,Preprocessed_Dataset/cmmd/cmmd_4315.jpg,train
1.6474903,1.8198112,2.152048,1.7217991,0,normal,Preprocessed_Dataset/ddsm/ddsm_25.jpg,train
0.38498074,0.8188491,1.4521273,0.92542905,0,normal,Preprocessed_Dataset/kau-bcmd/kau-bcmd_2031.jpg,train
0.3270244,1.5944117,1.5530798,2.0350113,2,malignant,Preprocessed_Dataset/cmmd/cmmd_1474.jpg,train
2.1864905,0.60673976,1.4541316,2.0745068,1,benign,Preprocessed_Dataset/ddsm/ddsm_8834.jpg,train
2.6794944,0.5070483,0.64124393,1.8627982,0,normal,Preprocessed_Dataset/ddsm/ddsm_1982.jpg,train
0.20145988,1.4813355,1.5648701,1.8245708,1,benign,Preprocessed_Dataset/cmmd/cmmd_171.jpg,train
1.8542529,2.096712,0.8140985,0.56765795,2,malignant,Preprocessed_Dataset/ddsm/ddsm_6431.jpg,train
0.22918737,1.5330795,1.567874,1.8419242,2,malignant,Preprocessed_Dataset/cmmd/cmmd_274.jpg,train
3.0074372,0.5211376,1.0660813,2.3207576,0,normal,Preprocessed_Dataset/ddsm/ddsm_2126.jpg,train
2.269641,0.7341152,2.1491199,1.6578878,0,normal,Preprocessed_Dataset/ddsm/ddsm_2120.jpg,train
0.260993,1.607297,1.4680213,1.7885121,2,malignant,Preprocessed_Dataset/cmmd/cmmd_1571.jpg,train
2.4777472,0.5391537,1.5398918,1.6503378,0,normal,Preprocessed_Dataset/ddsm/ddsm_1154.jpg,train
0.41471672,0.868631,1.5279125,0.76951224,2,malignant,Preprocessed_Dataset/cmmd/cmmd_4337.jpg,train
1.5072677,1.6094708,2.0935352,1.5828516,2,malignant,Preprocessed_Dataset/ddsm/ddsm_4601.jpg,train
2.5189924,0.68837315,0.74996746,2.0597744,2,malignant,Preprocessed_Dataset/ddsm/ddsm_6322.jpg,train
2.4355924,0.56428534,0.7046884,1.9501206,2,malignant,Preprocessed_Dataset/ddsm/ddsm_4546.jpg,train
1.5482388,0.20012236,1.102125,0.9362616,1,benign,Preprocessed_Dataset/inbreast/inbreast_277.jpg,train
0.39535087,1.6508663,1.2655925,1.6550333,2,malignant,Preprocessed_Dataset/cmmd/cmmd_1596.jpg,train
0.5821505,0.7687425,1.6237309,0.7304774,0,normal,Preprocessed_Dataset/kau-bcmd/kau-bcmd_1293.jpg,train
2.1313581,2.080594,1.4790344,0.77450776,1,benign,Preprocessed_Dataset/ddsm/ddsm_6907.jpg,train
2.2376504,0.25390232,1.6994525,1.8524565,0,normal,Preprocessed_Dataset/ddsm/ddsm_122.jpg,train
0.46411783,0.7160421,1.7216468,0.93462133,2,malignant,Preprocessed_Dataset/cmmd/cmmd_1850.jpg,train
0.22288108,0.8891191,1.4964718,1.119804,2,malignant,Preprocessed_Dataset/cmmd/cmmd_4466.jpg,train
1.884784,0.7733781,1.6319332,1.997989,1,benign,Preprocessed_Dataset/ddsm/ddsm_9354.jpg,train
0.30487698,1.4783903,1.5547763,1.8834287,2,malignant,Preprocessed_Dataset/cmmd/cmmd_1106.jpg,train
0.13301003,1.4611243,1.6384705,1.6648932,0,normal,Preprocessed_Dataset/kau-bcmd/kau-bcmd_1908.jpg,train
1.8187424,0.4789797,1.5199087,2.0221434,2,malignant,Preprocessed_Dataset/ddsm/ddsm_6010.jpg,train
2.4115157,2.3638918,1.4759917,0.5915934,2,malignant,Preprocessed_Dataset/ddsm/ddsm_2943.jpg,train
1.3515633,1.7809913,2.262712,1.6498098,1,benign,Preprocessed_Dataset/ddsm/ddsm_9165.jpg,train
1.0891345,1.6963153,1.3525361,1.2217873,0,normal,Preprocessed_Dataset/kau-bcmd/kau-bcmd_1270.jpg,train
2.594955,0.5608601,1.1424855,1.490371,0,normal,Preprocessed_Dataset/ddsm/ddsm_1618.jpg,train
0.21111298,1.5269164,1.4943458,1.7487787,2,malignant,Preprocessed_Dataset/cmmd/cmmd_3317.jpg,train
0.3088115,1.5843148,1.6908492,2.0578675,0,normal,Preprocessed_Dataset/kau-bcmd/kau-bcmd_1262.jpg,train
1.8122532,1.9397143,0.989125,0.77607244,1,benign,Preprocessed_Dataset/ddsm/ddsm_7515.jpg,train
1.7266622,0.68266153,0.9739023,1.8394309,2,malignant,Preprocessed_Dataset/ddsm/ddsm_4198.jpg,train
0.27064323,1.5310551,1.5157796,1.9205525,2,malignant,Preprocessed_Dataset/cmmd/cmmd_1262.jpg,train
1.7873852,0.67750454,1.2525022,1.6094732,1,benign,Preprocessed_Dataset/ddsm/ddsm_9584.jpg,train
0.34346896,0.76813775,1.3189958,1.253144,2,malignant,Preprocessed_Dataset/cmmd/cmmd_4184.jpg,train
1.9118248,2.2557082,2.1027265,2.2895887,2,malignant,Preprocessed_Dataset/ddsm/ddsm_2845.jpg,train
1.6612748,2.439713,1.4973946,1.7513608,1,benign,Preprocessed_Dataset/ddsm/ddsm_7901.jpg,train
2.061716,0.8976046,2.388918,1.3469896,1,benign,Preprocessed_Dataset/ddsm/ddsm_9388.jpg,train
0.10820234,0.96719825,1.5075227,1.4678503,2,malignant,Preprocessed_Dataset/cmmd/cmmd_846.jpg,train
0.21155286,1.4892789,1.634274,1.8900877,0,normal,Preprocessed_Dataset/kau-bcmd/kau-bcmd_1266.jpg,train
1.4252125,1.1392896,1.5309408,0.6778556,0,normal,Preprocessed_Dataset/cdd-cesm/cdd-cesm_993.jpg,train
2.299664,0.45172596,0.8362773,2.2573192,0,normal,Preprocessed_Dataset/ddsm/ddsm_346.jpg,train
0.19802904,0.9034822,1.5304532,1.2581983,1,benign,Preprocessed_Dataset/cmmd/cmmd_3576.jpg,train
1.5127648,1.9644545,2.1306252,2.2461123,2,malignant,Preprocessed_Dataset/ddsm/ddsm_6021.jpg,train
0.71541107,1.789263,1.527108,1.9967988,0,normal,Preprocessed_Dataset/kau-bcmd/kau-bcmd_441.jpg,train
0.18566239,1.3939381,1.7867172,1.7765858,2,malignant,Preprocessed_Dataset/cmmd/cmmd_2618.jpg,train
2.3191218,0.55494636,1.7041683,1.9992639,2,malignant,Preprocessed_Dataset/ddsm/ddsm_5138.jpg,train
2.2391028,0.63282365,0.73095816,1.9123803,2,malignant,Preprocessed_Dataset/ddsm/ddsm_3678.jpg,train
0.17262876,0.9026196,1.4967631,1.3114192,2,malignant,Preprocessed_Dataset/cmmd/cmmd_5157.jpg,train
1.3866009,2.137159,1.0319057,1.5018604,2,malignant,Preprocessed_Dataset/ddsm/ddsm_5543.jpg,train
1.5938672,0.8592192,2.253284,1.150959,1,benign,Preprocessed_Dataset/ddsm/ddsm_6604.jpg,train
2.3001409,0.4809355,2.1297865,1.7226505,0,normal,Preprocessed_Dataset/ddsm/ddsm_540.jpg,train
2.0862715,2.0425265,2.0026042,1.0941077,2,malignant,Preprocessed_Dataset/ddsm/ddsm_5095.jpg,train
1.7991207,1.0481968,1.4884835,1.4733806,1,benign,Preprocessed_Dataset/ddsm/ddsm_9048.jpg,train
0.36280686,0.8327967,1.5647218,1.0071579,2,malignant,Preprocessed_Dataset/cmmd/cmmd_2041.jpg,train
1.5341185,1.8775978,2.151835,1.5807904,0,normal,Preprocessed_Dataset/ddsm/ddsm_457.jpg,train
1.7700633,1.9203615,1.4759645,0.73502994,2,malignant,Preprocessed_Dataset/ddsm/ddsm_5315.jpg,train
1.980629,0.63627607,0.04840672,1.5027395,0,normal,Preprocessed_Dataset/ddsm/ddsm_2450.jpg,train
0.16276872,0.9309857,1.5357668,1.2325089,2,malignant,Preprocessed_Dataset/cmmd/cmmd_4831.jpg,test
1.531897,0.67327935,1.9229598,1.8411489,0,normal,Preprocessed_Dataset/ddsm/ddsm_2172.jpg,test
0.16360795,1.5059633,1.5928055,1.7227832,0,normal,Preprocessed_Dataset/kau-bcmd/kau-bcmd_1712.jpg,test
1.4681835,1.9167938,1.9818263,1.678525,2,malignant,Preprocessed_Dataset/ddsm/ddsm_4681.jpg,test
0.3660124,1.4936877,1.4655591,1.8002629,2,malignant,Preprocessed_Dataset/cmmd/cmmd_1076.jpg,test
2.141222,0.520059,0.7128491,1.8980601,0,normal,Preprocessed_Dataset/ddsm/ddsm_2430.jpg,test
0.37718284,0.77765906,1.5208185,0.91562134,1,benign,Preprocessed_Dataset/cmmd/cmmd_2191.jpg,test
0.47386903,0.8248224,1.7657058,0.8987091,2,malignant,Preprocessed_Dataset/cmmd/cmmd_4745.jpg,test
1.6289799,0.4814198,1.2552607,1.0307103,2,malignant,Preprocessed_Dataset/ddsm/ddsm_4200.jpg,test
1.6521102,2.20323,0.9290961,0.9082859,0,normal,Preprocessed_Dataset/ddsm/ddsm_803.jpg,test
0.45598108,1.5283504,1.850712,2.1028533,2,malignant,Preprocessed_Dataset/cmmd/cmmd_1866.jpg,test
2.2586102,2.1862793,1.8180752,0.99119943,2,malignant,Preprocessed_Dataset/ddsm/ddsm_2865.jpg,test
0.5718484,0.5032036,1.2853487,1.1075368,2,malignant,Preprocessed_Dataset/inbreast/inbreast_243.jpg,test
0.23642683,0.8207003,1.4245895,1.3499312,2,malignant,Preprocessed_Dataset/cmmd/cmmd_51.jpg,test
1.9849304,0.5074876,1.446415,1.9909909,0,normal,Preprocessed_Dataset/ddsm/ddsm_2638.jpg,test
0.3646714,1.6370442,1.6390563,1.9763283,2,malignant,Preprocessed_Dataset/cmmd/cmmd_3154.jpg,test
1.9090288,1.016725,2.384306,1.6281438,1,benign,Preprocessed_Dataset/ddsm/ddsm_9936.jpg,test
0.15022314,0.9154346,1.4638495,1.4163932,2,malignant,Preprocessed_Dataset/cmmd/cmmd_4908.jpg,test
1.7673161,2.2414942,1.7254357,1.2084659,2,malignant,Preprocessed_Dataset/ddsm/ddsm_6091.jpg,test
1.0909767,0.9956524,1.3281337,1.401412,2,malignant,Preprocessed_Dataset/cdd-cesm/cdd-cesm_526.jpg,test
1.1434032,1.2136283,2.129292,1.412059,0,normal,Preprocessed_Dataset/cdd-cesm/cdd-cesm_438.jpg,test
0.4669386,1.3644453,1.7308463,1.7828377,0,normal,Preprocessed_Dataset/kau-bcmd/kau-bcmd_741.jpg,test
0.16760147,1.515711,1.4630027,1.7610599,2,malignant,Preprocessed_Dataset/cmmd/cmmd_1100.jpg,test
0.19133961,1.4601655,1.6259656,1.7761153,2,malignant,Preprocessed_Dataset/cmmd/cmmd_2906.jpg,test
1.751818,0.85119814,2.9784756,0.9590207,0,normal,Preprocessed_Dataset/ddsm/ddsm_1644.jpg,test
0.19697344,1.4840772,1.4878323,1.817822,0,normal,Preprocessed_Dataset/kau-bcmd/kau-bcmd_1590.jpg,test
1.3083907,1.029672,0.33606076,1.0279932,1,benign,Preprocessed_Dataset/ddsm/ddsm_9628.jpg,test
1.4634343,1.2685516,1.9638447,1.1956499,1,benign,Preprocessed_Dataset/ddsm/ddsm_7172.jpg,test
2.2808628,0.31017476,0.8498641,1.7631154,1,benign,Preprocessed_Dataset/ddsm/ddsm_9882.jpg,test
1.9554923,1.2122221,2.7589664,1.320152,0,normal,Preprocessed_Dataset/ddsm/ddsm_1440.jpg,test
1.918091,1.5885468,0.80664086,0.039733887,2,malignant,Preprocessed_Dataset/ddsm/ddsm_4911.jpg,test
1.820548,0.63716185,2.1978552,2.2248852,2,malignant,Preprocessed_Dataset/ddsm/ddsm_3820.jpg,test
0.31679183,0.84499633,1.7571535,1.0007465,0,normal,Preprocessed_Dataset/kau-bcmd/kau-bcmd_1583.jpg,test
2.290959,2.5112605,1.0998966,0.98941374,2,malignant,Preprocessed_Dataset/ddsm/ddsm_5651.jpg,test
1.1229261,1.2479228,1.995622,1.2170044,1,benign,Preprocessed_Dataset/cdd-cesm/cdd-cesm_421.jpg,test
1.863043,2.1182027,0.98120594,0.78498036,0,normal,Preprocessed_Dataset/ddsm/ddsm_2483.jpg,test
0.26429713,0.8929812,1.7318859,1.1588356,1,benign,Preprocessed_Dataset/cmmd/cmmd_4401.jpg,test
0.6156405,1.6250752,1.7542354,2.0375495,0,normal,Preprocessed_Dataset/kau-bcmd/kau-bcmd_1983.jpg,test
1.3955861,2.3979378,1.5901705,1.4192506,1,benign,Preprocessed_Dataset/ddsm/ddsm_7585.jpg,test
2.1718569,0.69801265,0.7816803,0.69076335,1,benign,Preprocessed_Dataset/ddsm/ddsm_8138.jpg,test
0.89576507,2.0333207,1.5012865,2.23315,0,normal,Preprocessed_Dataset/dmid/dmid_136.jpg,test
2.2265782,2.197528,1.2069747,0.7226267,1,benign,Preprocessed_Dataset/ddsm/ddsm_10099.jpg,test
0.93148434,0.6824686,1.6070573,0.7861927,0,normal,Preprocessed_Dataset/kau-bcmd/kau-bcmd_162.jpg,test
1.7195425,1.9835703,2.509356,2.151304,0,normal,Preprocessed_Dataset/ddsm/ddsm_2741.jpg,test
2.328887,0.6789188,2.5326152,1.0877028,2,malignant,Preprocessed_Dataset/ddsm/ddsm_4952.jpg,test
1.5551472,0.41969657,1.3186067,0.83105385,1,benign,Preprocessed_Dataset/ddsm/ddsm_8192.jpg,test
1.505424,1.0099021,1.979,1.420902,0,normal,Preprocessed_Dataset/kau-bcmd/kau-bcmd_1281.jpg,test
0.116524935,1.4482965,1.5236679,1.6171348,2,malignant,Preprocessed_Dataset/cmmd/cmmd_98.jpg,test
2.0362785,2.1250997,2.2548604,1.8472401,2,malignant,Preprocessed_Dataset/ddsm/ddsm_5037.jpg,test
1.7476546,2.4415734,1.2304893,1.81304,0,normal,Preprocessed_Dataset/ddsm/ddsm_2031.jpg,test
1.6322759,2.0649774,0.84350824,0.7995016,1,benign,Preprocessed_Dataset/ddsm/ddsm_7095.jpg,test
1.5611813,2.236837,1.2346396,1.5365425,1,benign,Preprocessed_Dataset/ddsm/ddsm_6915.jpg,test
1.2162887,1.2567738,1.2500893,1.6570458,1,benign,Preprocessed_Dataset/cdd-cesm/cdd-cesm_394.jpg,test
0.19195497,1.5345609,1.6094085,1.7658656,2,malignant,Preprocessed_Dataset/cmmd/cmmd_3401.jpg,test
2.452549,2.2928548,0.92505795,0.8463384,0,normal,Preprocessed_Dataset/ddsm/ddsm_1839.jpg,test
1.9731932,2.4073899,0.94181335,1.2486858,1,benign,Preprocessed_Dataset/ddsm/ddsm_8627.jpg,test
0.1701845,1.3989729,1.5106272,1.7828292,2,malignant,Preprocessed_Dataset/cmmd/cmmd_2548.jpg,test
0.15924287,1.4493097,1.4000472,1.6497786,2,malignant,Preprocessed_Dataset/cmmd/cmmd_2497.jpg,test
0.5073499,1.6507292,1.5707483,2.0998626,0,normal,Preprocessed_Dataset/kau-bcmd/kau-bcmd_682.jpg,test
0.36777323,1.5326679,1.5173706,1.8056808,2,malignant,Preprocessed_Dataset/cmmd/cmmd_2743.jpg,test
1.3383251,1.6976987,1.402032,1.0221338,2,malignant,Preprocessed_Dataset/ddsm/ddsm_3981.jpg,test
1.4384841,1.8979676,1.3022665,1.1316721,1,benign,Preprocessed_Dataset/ddsm/ddsm_8247.jpg,test
0.27797264,0.777793,1.2915276,1.2891163,2,malignant,Preprocessed_Dataset/cmmd/cmmd_3645.jpg,test
1.1562086,1.3043098,1.991527,1.8589635,1,benign,Preprocessed_Dataset/cdd-cesm/cdd-cesm_2.jpg,test
0.18889296,0.9025948,1.4533838,1.3341784,1,benign,Preprocessed_Dataset/cmmd/cmmd_191.jpg,test
0.7393352,2.0399292,0.96943617,1.8487177,0,normal,Preprocessed_Dataset/dmid/dmid_340.jpg,test
0.501196,0.6886205,1.3214643,1.1545637,2,malignant,Preprocessed_Dataset/cmmd/cmmd_4353.jpg,test
1.1038924,1.1152968,1.9606676,1.0442612,1,benign,Preprocessed_Dataset/cdd-cesm/cdd-cesm_393.jpg,test
0.39745563,1.5500053,1.530478,1.987339,0,normal,Preprocessed_Dataset/kau-bcmd/kau-bcmd_1967.jpg,test
0.22378373,0.8848237,1.3657367,1.2926702,2,malignant,Preprocessed_Dataset/cmmd/cmmd_4098.jpg,test
0.14408028,0.90466356,1.4856933,1.466792,2,malignant,Preprocessed_Dataset/cmmd/cmmd_3864.jpg,test
0.17779362,1.4493427,1.5570072,1.8019093,1,benign,Preprocessed_Dataset/cmmd/cmmd_374.jpg,test
1.7102083,0.6998557,0.8461353,1.7973367,1,benign,Preprocessed_Dataset/ddsm/ddsm_9562.jpg,test
1.9255725,1.5421896,1.5008587,1.226375,1,benign,Preprocessed_Dataset/ddsm/ddsm_8041.jpg,test
0.16355836,0.90556264,1.5115715,1.4200586,2,malignant,Preprocessed_Dataset/cmmd/cmmd_3893.jpg,test
0.17325652,1.5203444,1.4295702,1.7080194,1,benign,Preprocessed_Dataset/cmmd/cmmd_26.jpg,test
1.8820955,0.94812405,2.411441,0.9294161,2,malignant,Preprocessed_Dataset/ddsm/ddsm_5932.jpg,test
1.2463676,0.6126383,1.8791088,0.594851,1,benign,Preprocessed_Dataset/inbreast/inbreast_321.jpg,test
0.3167265,0.69369584,1.3801403,1.2771506,0,normal,Preprocessed_Dataset/dmid/dmid_350.jpg,test
1.7724679,1.8408529,1.80981,1.4891562,1,benign,Preprocessed_Dataset/ddsm/ddsm_8685.jpg,test
0.20107973,0.9035102,1.4680706,1.138924,2,malignant,Preprocessed_Dataset/cmmd/cmmd_5129.jpg,test
1.9429429,0.6680903,2.1905472,1.2255987,0,normal,Preprocessed_Dataset/ddsm/ddsm_1672.jpg,test
0.39917994,0.77325827,1.5692533,0.950039,0,normal,Preprocessed_Dataset/kau-bcmd/kau-bcmd_1698.jpg,test
0.24715734,1.5278741,1.4283847,1.8128759,2,malignant,Preprocessed_Dataset/cmmd/cmmd_1159.jpg,test
1.9257382,0.5686111,1.6572735,1.513072,0,normal,Preprocessed_Dataset/ddsm/ddsm_2664.jpg,test
0.19227183,0.8690664,1.5461786,1.2943951,2,malignant,Preprocessed_Dataset/cmmd/cmmd_4969.jpg,test
0.2608627,1.4986897,1.7078421,1.9584448,2,malignant,Preprocessed_Dataset/cmmd/cmmd_3356.jpg,test
2.0379653,0.36904317,1.1867142,1.2767442,1,benign,Preprocessed_Dataset/ddsm/ddsm_6466.jpg,test
0.17897141,1.44243,1.4697934,1.809727,1,benign,Preprocessed_Dataset/cmmd/cmmd_2149.jpg,test
1.4274935,1.2182612,2.25973,1.5311887,1,benign,Preprocessed_Dataset/ddsm/ddsm_9096.jpg,test
0.3510002,1.5718896,1.6254888,2.0751958,0,normal,Preprocessed_Dataset/kau-bcmd/kau-bcmd_396.jpg,test
1.1157389,1.1253194,2.4096296,1.4360604,2,malignant,Preprocessed_Dataset/cdd-cesm/cdd-cesm_284.jpg,test
0.08357453,1.3881567,1.4508007,1.4694798,1,benign,Preprocessed_Dataset/cmmd/cmmd_628.jpg,test
1.477859,0.7800728,1.2799354,0.35888994,2,malignant,Preprocessed_Dataset/ddsm/ddsm_4924.jpg,test
1.393343,1.9381087,1.7252625,1.3826404,2,malignant,Preprocessed_Dataset/ddsm/ddsm_4653.jpg,test
1.771308,2.0346298,1.5556195,1.3052754,2,malignant,Preprocessed_Dataset/ddsm/ddsm_4943.jpg,test
1.6534557,0.6691739,0.67902315,1.7846081,1,benign,Preprocessed_Dataset/ddsm/ddsm_9402.jpg,test
2.0764925,1.9127036,2.3551674,1.7779562,1,benign,Preprocessed_Dataset/ddsm/ddsm_6445.jpg,test
1.6740535,0.9430632,1.6951625,1.023489,1,benign,Preprocessed_Dataset/ddsm/ddsm_8304.jpg,test
0.21250558,1.503397,1.5545491,1.9005929,0,normal,Preprocessed_Dataset/kau-bcmd/kau-bcmd_424.jpg,test
1.7053248,1.0089241,2.5949545,1.2916303,1,benign,Preprocessed_Dataset/ddsm/ddsm_7268.jpg,test
2.069264,0.38779008,1.6211743,1.9382603,0,normal,Preprocessed_Dataset/ddsm/ddsm_660.jpg,test
1.5587322,2.0233402,1.0870051,1.1474426,1,benign,Preprocessed_Dataset/ddsm/ddsm_10051.jpg,test
0.2374903,1.5301366,1.6144873,1.8555274,1,benign,Preprocessed_Dataset/cmmd/cmmd_543.jpg,test
1.7728531,0.5112896,1.5488261,1.6057146,1,benign,Preprocessed_Dataset/ddsm/ddsm_7354.jpg,test
0.69321305,0.74925613,1.67572,0.91558367,2,malignant,Preprocessed_Dataset/cmmd/cmmd_3809.jpg,test
1.5902809,0.9930732,1.4706811,1.1884392,1,benign,Preprocessed_Dataset/ddsm/ddsm_8936.jpg,test
0.46770203,0.87948966,1.8726012,0.9212967,2,malignant,Preprocessed_Dataset/cmmd/cmmd_4781.jpg,test
1.485816,1.6327456,2.1099532,1.5277342,1,benign,Preprocessed_Dataset/ddsm/ddsm_8245.jpg,test
2.1664226,0.8453536,1.8304963,0.94238883,2,malignant,Preprocessed_Dataset/ddsm/ddsm_6232.jpg,test
0.23598373,0.8605692,1.6019129,1.1071763,1,benign,Preprocessed_Dataset/cmmd/cmmd_4425.jpg,test
0.11074507,1.4074869,1.4623675,1.5775988,2,malignant,Preprocessed_Dataset/cmmd/cmmd_1658.jpg,test
2.2270732,0.47605634,1.6668675,1.7996416,0,normal,Preprocessed_Dataset/ddsm/ddsm_14.jpg,test
0.3257568,1.562195,1.6333964,2.054636,0,normal,Preprocessed_Dataset/kau-bcmd/kau-bcmd_1493.jpg,test
0.8283865,0.80240405,1.5322222,1.1381679,2,malignant,Preprocessed_Dataset/cmmd/cmmd_4349.jpg,test
2.0234396,0.43517774,1.2587975,1.6823261,1,benign,Preprocessed_Dataset/ddsm/ddsm_8614.jpg,test
2.3361478,0.19621551,0.62906903,1.2299721,0,normal,Preprocessed_Dataset/ddsm/ddsm_1914.jpg,test
1.8519361,0.60301864,2.0244288,1.5088356,0,normal,Preprocessed_Dataset/ddsm/ddsm_908.jpg,test
0.06473279,1.3826576,1.4677751,1.3788972,1,benign,Preprocessed_Dataset/cmmd/cmmd_27.jpg,test
1.1633096,0.4189734,1.5301969,0.4635412,1,benign,Preprocessed_Dataset/inbreast/inbreast_30.jpg,test
2.5258317,0.5348264,1.6729274,2.3447251,1,benign,Preprocessed_Dataset/ddsm/ddsm_8470.jpg,test
0.29004836,1.5050337,1.7335579,2.071855,0,normal,Preprocessed_Dataset/kau-bcmd/kau-bcmd_420.jpg,test
1.3336262,0.6178844,1.5304915,0.58671314,2,malignant,Preprocessed_Dataset/ddsm/ddsm_5800.jpg,test
1.9771597,2.241905,1.5889655,1.1074495,1,benign,Preprocessed_Dataset/ddsm/ddsm_7159.jpg,test
0.3270322,1.5732961,1.6416254,2.0073764,0,normal,Preprocessed_Dataset/kau-bcmd/kau-bcmd_1856.jpg,test
1.8831074,1.0270445,2.4290485,1.4849402,1,benign,Preprocessed_Dataset/ddsm/ddsm_9760.jpg,test
2.4306808,0.4409498,1.1147262,2.2039933,1,benign,Preprocessed_Dataset/ddsm/ddsm_8070.jpg,test
2.7231543,0.55952996,1.2230191,2.283035,0,normal,Preprocessed_Dataset/ddsm/ddsm_1186.jpg,test
2.0113227,2.4966564,1.9303085,1.4197556,0,normal,Preprocessed_Dataset/ddsm/ddsm_661.jpg,test
2.3651822,0.7490261,2.091149,1.3699173,0,normal,Preprocessed_Dataset/ddsm/ddsm_1736.jpg,test
2.1344364,0.8765855,2.2767189,1.1472919,2,malignant,Preprocessed_Dataset/ddsm/ddsm_6408.jpg,test
0.6377728,0.6114925,1.5494946,1.0463827,2,malignant,Preprocessed_Dataset/cmmd/cmmd_4482.jpg,test
0.20600486,0.82721996,1.448367,1.4461738,1,benign,Preprocessed_Dataset/cmmd/cmmd_3599.jpg,test
2.11808,0.4508831,1.0079006,2.0477417,2,malignant,Preprocessed_Dataset/ddsm/ddsm_3634.jpg,test
1.3431298,1.1961174,1.5681256,0.5816525,1,benign,Preprocessed_Dataset/cdd-cesm/cdd-cesm_120.jpg,test
2.20896,0.56180984,0.81427884,1.03583,0,normal,Preprocessed_Dataset/ddsm/ddsm_322.jpg,test
2.0348926,0.96945345,2.1151185,1.1723129,1,benign,Preprocessed_Dataset/ddsm/ddsm_8928.jpg,test
0.36410207,1.6696271,1.423512,1.9889555,2,malignant,Preprocessed_Dataset/cmmd/cmmd_1900.jpg,test
2.2257175,2.3403869,1.1735107,1.0811218,0,normal,Preprocessed_Dataset/ddsm/ddsm_595.jpg,test
1.5760586,1.8575938,1.7250518,1.3766247,2,malignant,Preprocessed_Dataset/ddsm/ddsm_4469.jpg,test
1.811297,1.8653221,2.2747724,1.953445,0,normal,Preprocessed_Dataset/ddsm/ddsm_369.jpg,test
2.659211,0.595948,1.7304156,2.2598448,2,malignant,Preprocessed_Dataset/ddsm/ddsm_4570.jpg,test
0.27630073,0.9119007,1.6049385,1.0856848,2,malignant,Preprocessed_Dataset/cmmd/cmmd_936.jpg,test
1.9617953,0.8638327,1.5890524,2.2823217,1,benign,Preprocessed_Dataset/ddsm/ddsm_7150.jpg,test
1.2802341,1.6920813,1.6985018,2.3870902,2,malignant,Preprocessed_Dataset/ddsm/ddsm_4557.jpg,test
0.47597247,1.4769927,1.6760806,1.9393845,2,malignant,Preprocessed_Dataset/cmmd/cmmd_3319.jpg,test
2.622244,0.23593116,1.9263182,2.0884063,0,normal,Preprocessed_Dataset/ddsm/ddsm_362.jpg,test
0.13170576,0.98799145,1.5272326,1.2367985,1,benign,Preprocessed_Dataset/cmmd/cmmd_3574.jpg,test
1.0178306,1.8833287,1.471488,1.9224268,0,normal,Preprocessed_Dataset/kau-bcmd/kau-bcmd_2204.jpg,test
1.6871041,2.1048737,1.4579297,0.9303557,1,benign,Preprocessed_Dataset/ddsm/ddsm_7319.jpg,test
1.9911339,1.862829,2.2911637,1.7161521,0,normal,Preprocessed_Dataset/ddsm/ddsm_1753.jpg,test
2.1527596,2.229116,1.2157531,0.8540176,0,normal,Preprocessed_Dataset/ddsm/ddsm_1967.jpg,test
2.0254984,0.5491235,1.4249992,1.7974646,1,benign,Preprocessed_Dataset/ddsm/ddsm_7038.jpg,test
0.30284804,0.828943,1.6036234,1.0567758,0,normal,Preprocessed_Dataset/kau-bcmd/kau-bcmd_1663.jpg,test
1.2969987,1.387372,1.5284097,0.8303869,0,normal,Preprocessed_Dataset/cdd-cesm/cdd-cesm_410.jpg,test
2.076969,0.5659512,1.4596163,1.6307874,0,normal,Preprocessed_Dataset/ddsm/ddsm_1608.jpg,test
2.1868606,0.93131703,1.8374666,1.0555085,1,benign,Preprocessed_Dataset/ddsm/ddsm_7464.jpg,test
2.0715523,2.212097,0.68836856,0.88911366,2,malignant,Preprocessed_Dataset/ddsm/ddsm_5659.jpg,test
2.1449232,2.182436,0.9240122,0.8380467,1,benign,Preprocessed_Dataset/ddsm/ddsm_10031.jpg,test
0.49444717,1.6360745,1.5510795,2.1843104,0,normal,Preprocessed_Dataset/kau-bcmd/kau-bcmd_1467.jpg,test
0.29812217,0.83796126,1.6692986,1.0692126,1,benign,Preprocessed_Dataset/cmmd/cmmd_2382.jpg,test
1.7767184,0.46270812,1.5848509,1.7562301,0,normal,Preprocessed_Dataset/ddsm/ddsm_414.jpg,test
0.21349049,0.86665905,1.3772202,1.3861583,2,malignant,Preprocessed_Dataset/cmmd/cmmd_246.jpg,test
0.5224031,1.6125164,1.4144171,1.9217858,0,normal,Preprocessed_Dataset/kau-bcmd/kau-bcmd_734.jpg,test
1.4675229,0.83346915,2.0494769,1.5449461,0,normal,Preprocessed_Dataset/kau-bcmd/kau-bcmd_1961.jpg,test
0.19057667,1.23341,1.7675005,1.5909736,1,benign,Preprocessed_Dataset/kau-bcmd/kau-bcmd_653.jpg,test
1.485022,2.0609758,1.6587561,1.6354595,2,malignant,Preprocessed_Dataset/ddsm/ddsm_5845.jpg,test
2.0468347,0.3669665,1.7452403,2.265818,0,normal,Preprocessed_Dataset/ddsm/ddsm_1136.jpg,test
2.3136234,0.43990487,0.64183134,1.909192,1,benign,Preprocessed_Dataset/ddsm/ddsm_7534.jpg,test
0.7807874,0.75747454,1.781338,0.7970178,0,normal,Preprocessed_Dataset/kau-bcmd/kau-bcmd_466.jpg,test
2.224671,2.2476003,1.5459275,1.1981103,2,malignant,Preprocessed_Dataset/ddsm/ddsm_3339.jpg,test
1.290057,1.3253756,2.08596,1.5296851,0,normal,Preprocessed_Dataset/cdd-cesm/cdd-cesm_329.jpg,test
1.1048276,1.2332377,1.5740614,0.9832066,0,normal,Preprocessed_Dataset/cdd-cesm/cdd-cesm_62.jpg,test
1.7193832,1.1607585,1.9962971,2.075518,2,malignant,Preprocessed_Dataset/cdd-cesm/cdd-cesm_844.jpg,test
1.6734673,0.69041115,0.6686576,1.7245278,0,normal,Preprocessed_Dataset/ddsm/ddsm_1546.jpg,test
2.1182237,0.33951384,0.93704313,1.9077227,1,benign,Preprocessed_Dataset/ddsm/ddsm_9926.jpg,test
0.25343525,1.5026362,1.5754126,1.9160597,1,benign,Preprocessed_Dataset/cmmd/cmmd_2349.jpg,test
1.7584658,2.088944,1.1544461,1.100493,2,malignant,Preprocessed_Dataset/ddsm/ddsm_3519.jpg,test
0.7172326,1.0918592,2.0231142,1.0352116,1,benign,Preprocessed_Dataset/kau-bcmd/kau-bcmd_528.jpg,test
1.6443518,1.6830071,2.210029,1.3626951,1,benign,Preprocessed_Dataset/ddsm/ddsm_7813.jpg,test
0.20409477,1.5100381,1.5886772,1.8501357,1,benign,Preprocessed_Dataset/cmmd/cmmd_2243.jpg,test
0.20385778,1.2404804,1.6435889,1.450121,0,normal,Preprocessed_Dataset/kau-bcmd/kau-bcmd_1143.jpg,test
2.3184793,0.5714954,0.8246374,1.8395104,2,malignant,Preprocessed_Dataset/ddsm/ddsm_4934.jpg,test
0.26397556,1.5015562,1.7288513,1.9977345,0,normal,Preprocessed_Dataset/kau-bcmd/kau-bcmd_1904.jpg,test
1.073731,1.0108371,2.4181051,1.6373918,0,normal,Preprocessed_Dataset/cdd-cesm/cdd-cesm_73.jpg,test
2.025642,0.56975734,0.83692604,2.0914912,0,normal,Preprocessed_Dataset/ddsm/ddsm_2386.jpg,test
1.8789419,2.2440372,1.4392648,1.242853,0,normal,Preprocessed_Dataset/ddsm/ddsm_747.jpg,test
0.65980375,0.62875795,1.4965733,0.8543799,0,normal,Preprocessed_Dataset/kau-bcmd/kau-bcmd_1208.jpg,test
0.21169984,1.2294339,1.7441596,1.5200579,0,normal,Preprocessed_Dataset/kau-bcmd/kau-bcmd_436.jpg,test
1.7300656,1.6571848,1.5570241,0.74775493,2,malignant,Preprocessed_Dataset/ddsm/ddsm_3315.jpg,test
1.9641076,0.55239546,2.0763102,1.1436133,0,normal,Preprocessed_Dataset/ddsm/ddsm_148.jpg,test
1.9958253,0.38753217,1.5440441,2.4257069,1,benign,Preprocessed_Dataset/ddsm/ddsm_10284.jpg,test
0.57248646,0.8102546,1.7452691,0.80978125,2,malignant,Preprocessed_Dataset/cmmd/cmmd_2015.jpg,test
0.23030221,0.84085774,1.5848646,1.2333689,0,normal,Preprocessed_Dataset/kau-bcmd/kau-bcmd_1523.jpg,test
0.43230194,1.6735531,1.5264579,1.9966104,2,malignant,Preprocessed_Dataset/cmmd/cmmd_1562.jpg,test
1.4197197,1.7799988,2.0929399,1.6013765,1,benign,Preprocessed_Dataset/ddsm/ddsm_9693.jpg,test
0.19712007,1.0976707,1.698987,1.0118134,0,normal,Preprocessed_Dataset/kau-bcmd/kau-bcmd_707.jpg,test
0.23451757,1.5701765,1.4965345,1.8820618,2,malignant,Preprocessed_Dataset/cmmd/cmmd_2974.jpg,test
1.3347895,1.4877898,2.0619621,1.2919827,2,malignant,Preprocessed_Dataset/ddsm/ddsm_5365.jpg,test
2.1136868,0.6394022,2.3094053,1.4153932,0,normal,Preprocessed_Dataset/ddsm/ddsm_2436.jpg,test
1.6864557,1.9265403,1.674268,0.8772625,1,benign,Preprocessed_Dataset/ddsm/ddsm_9215.jpg,test
2.2006779,0.3137058,0.23733687,1.4290072,0,normal,Preprocessed_Dataset/ddsm/ddsm_2550.jpg,test
0.22200501,1.1205392,1.6165941,1.1326375,0,normal,Preprocessed_Dataset/kau-bcmd/kau-bcmd_42.jpg,test
0.26674193,1.7464489,1.0659747,1.5337623,1,benign,Preprocessed_Dataset/dmid/dmid_356.jpg,test
1.2842892,1.1223552,1.1786127,1.7318817,0,normal,Preprocessed_Dataset/cdd-cesm/cdd-cesm_803.jpg,test
0.61661845,1.1265662,1.8914301,1.1137449,1,benign,Preprocessed_Dataset/kau-bcmd/kau-bcmd_596.jpg,test
1.9375083,2.2813082,1.9246807,1.9157231,0,normal,Preprocessed_Dataset/ddsm/ddsm_2689.jpg,test
1.8980436,0.71255803,0.6108813,1.7611907,1,benign,Preprocessed_Dataset/ddsm/ddsm_8702.jpg,test
1.543148,1.8879352,1.9755104,1.4797406,1,benign,Preprocessed_Dataset/ddsm/ddsm_7213.jpg,test
0.15001631,0.9380946,1.5402036,1.2804455,2,malignant,Preprocessed_Dataset/cmmd/cmmd_4849.jpg,test
0.33533126,0.85995257,1.6294773,0.8604435,1,benign,Preprocessed_Dataset/cmmd/cmmd_4444.jpg,test
0.35834748,1.6230474,1.5828029,2.0554345,0,normal,Preprocessed_Dataset/kau-bcmd/kau-bcmd_1634.jpg,test
0.6897934,0.71105164,1.8106083,0.83031255,1,benign,Preprocessed_Dataset/inbreast/inbreast_53.jpg,test
2.1468415,1.9028865,2.2829907,1.3021902,2,malignant,Preprocessed_Dataset/ddsm/ddsm_4929.jpg,test
0.5634359,0.6636832,1.4823472,0.87322164,0,normal,Preprocessed_Dataset/kau-bcmd/kau-bcmd_2039.jpg,test
1.7413754,2.1644065,1.2089987,0.9382424,1,benign,Preprocessed_Dataset/ddsm/ddsm_9619.jpg,test
2.6654663,0.28360808,0.72207975,1.7790045,2,malignant,Preprocessed_Dataset/ddsm/ddsm_5766.jpg,test
2.5018084,0.7339226,0.6099144,1.6544142,0,normal,Preprocessed_Dataset/ddsm/ddsm_1034.jpg,test
0.19730377,0.8540467,1.4589995,1.4113611,2,malignant,Preprocessed_Dataset/cmmd/cmmd_4308.jpg,test
1.7844934,0.4977334,1.4898176,1.9571772,1,benign,Preprocessed_Dataset/ddsm/ddsm_7030.jpg,test
2.313037,2.254744,1.4290766,0.9475541,1,benign,Preprocessed_Dataset/ddsm/ddsm_9263.jpg,test
1.8503522,0.97859204,2.4275055,1.2128248,1,benign,Preprocessed_Dataset/ddsm/ddsm_9028.jpg,test
0.42456442,0.87032425,1.5618234,0.8309085,0,normal,Preprocessed_Dataset/kau-bcmd/kau-bcmd_6.jpg,test
1.943096,0.79163706,2.2503617,1.3289953,1,benign,Preprocessed_Dataset/ddsm/ddsm_10392.jpg,test
0.31248266,0.8268523,1.4191422,1.0393932,2,malignant,Preprocessed_Dataset/cmmd/cmmd_1019.jpg,test
0.3519534,0.8169353,1.368709,1.1332543,1,benign,Preprocessed_Dataset/cmmd/cmmd_621.jpg,test
1.5923011,0.8076185,1.9738115,1.4016051,1,benign,Preprocessed_Dataset/ddsm/ddsm_7276.jpg,test
1.5039734,1.9823858,1.5557327,1.541888,2,malignant,Preprocessed_Dataset/ddsm/ddsm_2925.jpg,test
1.536407,1.8442616,1.7933695,1.0926228,1,benign,Preprocessed_Dataset/ddsm/ddsm_7791.jpg,test
0.6108352,0.70927703,1.5404413,0.8973797,0,normal,Preprocessed_Dataset/kau-bcmd/kau-bcmd_2151.jpg,test
1.9505711,0.95841694,2.2361114,1.0597394,1,benign,Preprocessed_Dataset/ddsm/ddsm_10228.jpg,test
2.080479,0.49823076,1.0822282,1.771246,0,normal,Preprocessed_Dataset/ddsm/ddsm_282.jpg,test
0.41462773,0.7491297,1.7508589,0.85271025,2,malignant,Preprocessed_Dataset/cmmd/cmmd_2736.jpg,test
1.60213,0.9897325,2.5778046,1.5281632,1,benign,Preprocessed_Dataset/ddsm/ddsm_10312.jpg,test
0.118273735,0.98461163,1.5311902,1.3299074,2,malignant,Preprocessed_Dataset/cmmd/cmmd_3940.jpg,test
0.7417221,1.5067554,1.9614487,1.5823483,1,benign,Preprocessed_Dataset/cmmd/cmmd_1782.jpg,test
1.4338975,1.527359,2.098355,1.4488047,2,malignant,Preprocessed_Dataset/ddsm/ddsm_5101.jpg,test
2.4144506,0.6484447,1.2010847,2.017263,0,normal,Preprocessed_Dataset/ddsm/ddsm_1262.jpg,test
1.8396404,2.3100424,1.6082319,1.4317858,1,benign,Preprocessed_Dataset/ddsm/ddsm_8419.jpg,test
0.5294253,0.7346466,1.7740904,0.93524784,2,malignant,Preprocessed_Dataset/cmmd/cmmd_4936.jpg,test
1.9305285,2.383759,0.551908,1.0751078,1,benign,Preprocessed_Dataset/ddsm/ddsm_9747.jpg,test
1.1069427,1.4469712,1.7363935,1.3860849,2,malignant,Preprocessed_Dataset/cdd-cesm/cdd-cesm_175.jpg,test
1.9865792,0.34528846,1.8973577,0.8206959,1,benign,Preprocessed_Dataset/ddsm/ddsm_6748.jpg,test
1.8171855,2.074286,1.1691046,0.744049,2,malignant,Preprocessed_Dataset/ddsm/ddsm_3343.jpg,test
0.23310483,1.492337,1.3800364,1.8535538,0,normal,Preprocessed_Dataset/kau-bcmd/kau-bcmd_2185.jpg,test
1.9408382,0.63400257,2.1821468,1.8826592,2,malignant,Preprocessed_Dataset/ddsm/ddsm_3360.jpg,test
0.40330046,1.5938056,1.69923,2.033944,2,malignant,Preprocessed_Dataset/cmmd/cmmd_3049.jpg,test
2.3205419,2.2195668,1.5081316,0.8040943,1,benign,Preprocessed_Dataset/ddsm/ddsm_8831.jpg,test
1.3153869,1.7721806,2.0423865,1.446672,0,normal,Preprocessed_Dataset/ddsm/ddsm_2173.jpg,test
0.29057044,0.77227193,1.4618849,1.2732884,1,benign,Preprocessed_Dataset/cmmd/cmmd_521.jpg,test
1.2189549,1.4470206,1.4994076,0.87967193,0,normal,Preprocessed_Dataset/cdd-cesm/cdd-cesm_707.jpg,test
0.21357572,1.5343285,1.3104973,1.6893096,1,benign,Preprocessed_Dataset/cmmd/cmmd_541.jpg,test
0.20443189,1.5215789,1.5415952,1.7727593,2,malignant,Preprocessed_Dataset/cmmd/cmmd_1846.jpg,test
0.50739264,0.62927127,1.454678,0.89334977,0,normal,Preprocessed_Dataset/dmid/dmid_331.jpg,test
2.6375976,0.37482828,0.7923846,1.9958694,0,normal,Preprocessed_Dataset/ddsm/ddsm_1738.jpg,test
1.830765,0.75323194,1.109422,1.9900337,2,malignant,Preprocessed_Dataset/ddsm/ddsm_5846.jpg,test
0.23011446,1.4325851,1.4284823,1.8343054,2,malignant,Preprocessed_Dataset/cmmd/cmmd_1416.jpg,test
0.16404855,1.466352,1.5579913,1.7923133,0,normal,Preprocessed_Dataset/kau-bcmd/kau-bcmd_408.jpg,test
1.885026,2.4139361,1.2373966,1.3266171,0,normal,Preprocessed_Dataset/ddsm/ddsm_727.jpg,test
1.9428034,2.0134654,1.5757446,0.81058747,1,benign,Preprocessed_Dataset/ddsm/ddsm_8835.jpg,test
1.4610567,1.2940114,2.2944975,1.9999349,0,normal,Preprocessed_Dataset/cdd-cesm/cdd-cesm_947.jpg,test
1.4779358,1.8165883,1.4723955,0.83769155,1,benign,Preprocessed_Dataset/ddsm/ddsm_7735.jpg,test
0.22393763,1.5457689,1.5995982,1.8626691,0,normal,Preprocessed_Dataset/kau-bcmd/kau-bcmd_2065.jpg,test
1.895277,1.8996505,2.1208062,1.8992386,2,malignant,Preprocessed_Dataset/ddsm/ddsm_3401.jpg,test
1.3686615,1.8970449,1.4165977,1.2536852,1,benign,Preprocessed_Dataset/ddsm/ddsm_7129.jpg,test
1.673559,1.2177547,2.2924445,1.4192278,2,malignant,Preprocessed_Dataset/ddsm/ddsm_6048.jpg,test
1.8795755,0.34126234,1.566315,1.1945113,1,benign,Preprocessed_Dataset/ddsm/ddsm_7836.jpg,test
1.8145162,2.0670655,1.5843362,1.2873989,1,benign,Preprocessed_Dataset/ddsm/ddsm_8567.jpg,test
2.621613,0.500322,1.2443731,2.1779075,2,malignant,Preprocessed_Dataset/ddsm/ddsm_2970.jpg,test
2.1486905,2.4365635,1.3060067,0.90084,0,normal,Preprocessed_Dataset/ddsm/ddsm_219.jpg,test
0.50658435,1.4711993,2.1197228,1.92225,1,benign,Preprocessed_Dataset/cmmd/cmmd_2388.jpg,test
1.6250031,1.6070951,2.0841131,1.4586573,2,malignant,Preprocessed_Dataset/ddsm/ddsm_3385.jpg,test
2.0407953,0.6101118,1.1406767,2.0649488,1,benign,Preprocessed_Dataset/ddsm/ddsm_6738.jpg,test
0.61254,0.58855236,1.0821774,1.0273987,0,normal,Preprocessed_Dataset/dmid/dmid_174.jpg,test
2.458352,0.71754533,0.9748402,2.2486963,2,malignant,Preprocessed_Dataset/ddsm/ddsm_3646.jpg,test
1.1688942,1.2449267,1.1916263,0.8797319,0,normal,Preprocessed_Dataset/cdd-cesm/cdd-cesm_704.jpg,test
2.2731516,1.1478777,1.8822705,0.9337563,0,normal,Preprocessed_Dataset/ddsm/ddsm_2000.jpg,test
1.1967543,1.1826044,1.771583,1.285103,1,benign,Preprocessed_Dataset/cdd-cesm/cdd-cesm_692.jpg,test
1.8938682,1.8992138,1.4587723,0.8271912,1,benign,Preprocessed_Dataset/ddsm/ddsm_6975.jpg,test
0.20931065,1.1409528,1.7257197,1.1056772,1,benign,Preprocessed_Dataset/kau-bcmd/kau-bcmd_957.jpg,test
2.5929556,0.4480337,0.97204006,2.1771967,0,normal,Preprocessed_Dataset/ddsm/ddsm_1342.jpg,test
0.23841655,1.5603831,1.4449322,1.872011,2,malignant,Preprocessed_Dataset/cmmd/cmmd_1133.jpg,test
2.0645103,0.81535304,1.4270425,1.0310022,0,normal,Preprocessed_Dataset/ddsm/ddsm_1188.jpg,test
2.1989636,2.15995,1.2322497,0.68848217,1,benign,Preprocessed_Dataset/ddsm/ddsm_9409.jpg,test
2.0306203,0.8185408,2.2184281,1.7004473,2,malignant,Preprocessed_Dataset/ddsm/ddsm_4156.jpg,test
2.0588899,2.4909272,0.7768793,1.3836198,0,normal,Preprocessed_Dataset/ddsm/ddsm_1867.jpg,test
2.003184,2.2813706,0.91632825,0.84522325,0,normal,Preprocessed_Dataset/ddsm/ddsm_1619.jpg,test
1.7486634,2.1477377,0.9914415,0.8782368,1,benign,Preprocessed_Dataset/ddsm/ddsm_7935.jpg,test
0.0957011,1.4389602,1.5417615,1.5064929,1,benign,Preprocessed_Dataset/cmmd/cmmd_192.jpg,test
0.6228587,0.80441403,1.7937654,0.90149975,0,normal,Preprocessed_Dataset/kau-bcmd/kau-bcmd_572.jpg,test
1.2262635,1.0190398,1.1193007,1.8705645,2,malignant,Preprocessed_Dataset/cdd-cesm/cdd-cesm_700.jpg,test
2.125141,2.1588435,1.8422772,1.09864,0,normal,Preprocessed_Dataset/ddsm/ddsm_523.jpg,test
0.53126067,0.75377506,1.4782239,0.8461653,0,normal,Preprocessed_Dataset/kau-bcmd/kau-bcmd_49.jpg,test
0.14787841,1.4272666,1.5544448,1.7338135,2,malignant,Preprocessed_Dataset/cmmd/cmmd_1393.jpg,test
0.7639756,0.7469724,1.6255158,0.5547224,0,normal,Preprocessed_Dataset/kau-bcmd/kau-bcmd_1775.jpg,test
0.1734798,1.4194443,1.5011667,1.7682493,2,malignant,Preprocessed_Dataset/cmmd/cmmd_1058.jpg,test
0.27536494,0.93635106,1.5251715,0.9656037,2,malignant,Preprocessed_Dataset/cmmd/cmmd_2083.jpg,test
1.3365737,1.9833238,0.4870757,1.0600599,1,benign,Preprocessed_Dataset/ddsm/ddsm_9803.jpg,test
0.33383358,1.5677443,1.4584166,2.0057938,0,normal,Preprocessed_Dataset/kau-bcmd/kau-bcmd_1226.jpg,test
1.2960011,1.6570257,1.5122846,1.2707297,1,benign,Preprocessed_Dataset/cdd-cesm/cdd-cesm_920.jpg,test
2.254977,0.31107223,1.1518782,1.780836,0,normal,Preprocessed_Dataset/ddsm/ddsm_426.jpg,test
0.33969712,0.79493237,1.5371965,0.9536166,1,benign,Preprocessed_Dataset/cmmd/cmmd_4409.jpg,test
0.25610173,1.09974,1.7485079,1.1358532,0,normal,Preprocessed_Dataset/kau-bcmd/kau-bcmd_1417.jpg,test
1.7409062,0.4736088,1.9478232,1.1733661,1,benign,Preprocessed_Dataset/ddsm/ddsm_9436.jpg,test
0.9794077,1.4061642,1.9556601,1.3289567,1,benign,Preprocessed_Dataset/cdd-cesm/cdd-cesm_345.jpg,test
2.1156647,2.4594567,1.4213426,1.1011184,2,malignant,Preprocessed_Dataset/ddsm/ddsm_6031.jpg,test
1.4267746,0.59393466,2.3323972,0.7801247,1,benign,Preprocessed_Dataset/ddsm/ddsm_6812.jpg,test
1.0176501,1.1995146,1.4643058,0.719398,0,normal,Preprocessed_Dataset/cdd-cesm/cdd-cesm_129.jpg,test
1.6761231,0.82985806,2.1382759,1.6449269,1,benign,Preprocessed_Dataset/ddsm/ddsm_10160.jpg,test
0.18343937,1.5124263,1.612981,1.7825291,2,malignant,Preprocessed_Dataset/cmmd/cmmd_3452.jpg,test
1.8924618,2.3922994,1.4394982,1.6298279,0,normal,Preprocessed_Dataset/ddsm/ddsm_1251.jpg,test
1.4805853,1.9346668,2.2279303,1.8140007,1,benign,Preprocessed_Dataset/ddsm/ddsm_7241.jpg,test
0.83113945,0.7836594,1.5474396,0.59512794,0,normal,Preprocessed_Dataset/kau-bcmd/kau-bcmd_986.jpg,test
1.6975703,0.71734464,0.7677388,1.8736849,2,malignant,Preprocessed_Dataset/ddsm/ddsm_6194.jpg,test
1.6242154,1.804389,1.6486487,1.1120735,2,malignant,Preprocessed_Dataset/ddsm/ddsm_3801.jpg,test
0.7765864,0.4804603,1.2855337,0.82531947,0,normal,Preprocessed_Dataset/dmid/dmid_395.jpg,test
1.691049,1.884613,2.2186294,1.5711987,0,normal,Preprocessed_Dataset/ddsm/ddsm_1441.jpg,test
0.093688846,1.4165802,1.4970084,1.4981446,2,malignant,Preprocessed_Dataset/cmmd/cmmd_3196.jpg,test
1.9193914,0.2703724,0.7440685,1.2317462,0,normal,Preprocessed_Dataset/ddsm/ddsm_254.jpg,test
1.306311,1.6681526,1.7199402,1.411801,1,benign,Preprocessed_Dataset/ddsm/ddsm_10397.jpg,test
1.7684903,2.1517,2.0970893,1.9049478,1,benign,Preprocessed_Dataset/ddsm/ddsm_8277.jpg,test
1.2665597,0.99082327,2.0333133,1.5907049,1,benign,Preprocessed_Dataset/cdd-cesm/cdd-cesm_927.jpg,test
1.7731854,1.0577817,2.0182035,2.315211,2,malignant,Preprocessed_Dataset/ddsm/ddsm_3296.jpg,test
2.3198094,0.32729685,1.9154974,1.7224025,1,benign,Preprocessed_Dataset/ddsm/ddsm_8802.jpg,test
0.630248,0.8182081,1.3361262,1.0470182,0,normal,Preprocessed_Dataset/kau-bcmd/kau-bcmd_1144.jpg,test
2.3696177,0.75981945,1.2437838,2.2500322,1,benign,Preprocessed_Dataset/ddsm/ddsm_8970.jpg,test
1.9935825,2.0162354,2.3310504,1.8306266,2,malignant,Preprocessed_Dataset/ddsm/ddsm_5017.jpg,test
1.3011599,1.6102911,1.3785677,1.4619447,2,malignant,Preprocessed_Dataset/ddsm/ddsm_6425.jpg,test
1.5590701,0.345479,1.4741392,0.4109156,1,benign,Preprocessed_Dataset/inbreast/inbreast_37.jpg,test
0.16127157,1.4353695,1.4044744,1.7157435,2,malignant,Preprocessed_Dataset/cmmd/cmmd_2493.jpg,test
0.61282223,1.9330466,1.3600465,2.3210883,2,malignant,Preprocessed_Dataset/inbreast/inbreast_190.jpg,test
2.0551393,0.7126452,2.325086,1.5117326,0,normal,Preprocessed_Dataset/ddsm/ddsm_2384.jpg,test
0.21297848,1.1392621,1.7476372,1.1262381,0,normal,Preprocessed_Dataset/kau-bcmd/kau-bcmd_370.jpg,test
1.9762101,0.32084763,1.6899565,2.0519443,1,benign,Preprocessed_Dataset/ddsm/ddsm_6830.jpg,test
1.7368832,1.9805285,2.2493303,1.8370433,0,normal,Preprocessed_Dataset/ddsm/ddsm_2293.jpg,test
0.24980533,1.5014795,1.5376692,1.869278,2,malignant,Preprocessed_Dataset/cmmd/cmmd_4679.jpg,test
2.1141398,0.59169936,0.84622246,1.5912802,0,normal,Preprocessed_Dataset/ddsm/ddsm_578.jpg,test
0.21436381,1.2312359,1.744702,1.5337621,0,normal,Preprocessed_Dataset/kau-bcmd/kau-bcmd_372.jpg,test
2.3000102,0.66750824,1.0904762,1.9537429,1,benign,Preprocessed_Dataset/ddsm/ddsm_9878.jpg,test
2.0938907,2.0239215,0.46123636,1.8605933,0,normal,Preprocessed_Dataset/ddsm/ddsm_683.jpg,test
1.9144715,1.8457125,2.4302254,1.3645263,1,benign,Preprocessed_Dataset/ddsm/ddsm_6473.jpg,test
0.6603465,1.6795675,1.7117151,2.1627386,0,normal,Preprocessed_Dataset/kau-bcmd/kau-bcmd_1023.jpg,test
0.24694407,1.5367829,1.5168693,1.9698932,2,malignant,Preprocessed_Dataset/cmmd/cmmd_3003.jpg,test
1.5708079,2.003594,2.408489,2.29451,0,normal,Preprocessed_Dataset/ddsm/ddsm_1285.jpg,test
0.41648436,1.5802174,1.5428523,2.179627,0,normal,Preprocessed_Dataset/kau-bcmd/kau-bcmd_1083.jpg,test
0.26980466,0.85309577,1.684068,1.0829833,0,normal,Preprocessed_Dataset/kau-bcmd/kau-bcmd_982.jpg,test
0.36164773,0.8744987,1.608664,0.9041918,1,benign,Preprocessed_Dataset/cmmd/cmmd_2172.jpg,test
0.3730811,1.2741373,1.8220725,1.6098031,0,normal,Preprocessed_Dataset/kau-bcmd/kau-bcmd_219.jpg,test
2.6413097,2.0132048,1.7888933,0.68453896,0,normal,Preprocessed_Dataset/ddsm/ddsm_1847.jpg,test
0.12279153,1.4231997,1.3947203,1.5531614,0,normal,Preprocessed_Dataset/kau-bcmd/kau-bcmd_305.jpg,test
0.1786604,1.471133,1.5000671,1.8213787,1,benign,Preprocessed_Dataset/cmmd/cmmd_469.jpg,test
1.693348,1.8660774,0.57506806,0.5109807,1,benign,Preprocessed_Dataset/ddsm/ddsm_9623.jpg,test
2.1340058,0.5015707,1.4542913,2.1102765,2,malignant,Preprocessed_Dataset/ddsm/ddsm_5238.jpg,test
0.36564004,0.80013835,1.6782395,0.92862135,2,malignant,Preprocessed_Dataset/cmmd/cmmd_4405.jpg,test
0.8035639,0.82327044,1.9976566,0.9147739,0,normal,Preprocessed_Dataset/kau-bcmd/kau-bcmd_568.jpg,test
1.9188166,2.4493089,1.1637485,1.8809935,0,normal,Preprocessed_Dataset/ddsm/ddsm_147.jpg,test
1.3513213,0.9318181,1.9441962,1.4262551,1,benign,Preprocessed_Dataset/ddsm/ddsm_9696.jpg,test
2.1729198,1.9595442,1.8174975,0.75290316,2,malignant,Preprocessed_Dataset/ddsm/ddsm_5965.jpg,test
2.0211651,0.60939264,2.2100837,1.2624531,2,malignant,Preprocessed_Dataset/ddsm/ddsm_5044.jpg,test
1.5568295,1.8701978,2.0281756,1.7847557,2,malignant,Preprocessed_Dataset/ddsm/ddsm_4273.jpg,test
1.7857468,2.1264203,0.8275189,0.9749005,1,benign,Preprocessed_Dataset/ddsm/ddsm_6787.jpg,test
2.5829053,0.34568983,0.8805846,1.8993906,2,malignant,Preprocessed_Dataset/ddsm/ddsm_5658.jpg,test
0.52357733,1.6605383,1.6656275,1.9905546,2,malignant,Preprocessed_Dataset/cmmd/cmmd_2637.jpg,test
2.4001827,2.0062172,1.8603503,0.5642178,1,benign,Preprocessed_Dataset/ddsm/ddsm_8971.jpg,test
0.09478164,1.4018497,1.5644974,1.5436581,1,benign,Preprocessed_Dataset/cmmd/cmmd_611.jpg,test
1.7405138,0.75527656,1.5642666,1.7517323,2,malignant,Preprocessed_Dataset/ddsm/ddsm_4946.jpg,test
2.207612,0.2949944,0.4778651,1.6722356,2,malignant,Preprocessed_Dataset/ddsm/ddsm_6298.jpg,test
1.6749499,0.70575345,1.4467542,1.8643739,1,benign,Preprocessed_Dataset/ddsm/ddsm_9150.jpg,test
2.4891512,0.2616235,1.8409001,2.307457,2,malignant,Preprocessed_Dataset/ddsm/ddsm_4424.jpg,test
0.25758457,0.9295839,1.7172698,1.0009054,2,malignant,Preprocessed_Dataset/cmmd/cmmd_4478.jpg,test
2.3007708,0.51288885,0.3592918,1.8396413,1,benign,Preprocessed_Dataset/ddsm/ddsm_7090.jpg,test
1.6876051,1.0024271,2.001213,1.900345,2,malignant,Preprocessed_Dataset/ddsm/ddsm_3312.jpg,test
2.157874,0.4357248,1.2009501,2.2436924,0,normal,Preprocessed_Dataset/ddsm/ddsm_458.jpg,test
1.3208175,1.4119924,2.5214195,1.6450125,0,normal,Preprocessed_Dataset/cdd-cesm/cdd-cesm_213.jpg,test
1.851415,0.9732102,2.1019428,1.0918474,0,normal,Preprocessed_Dataset/ddsm/ddsm_384.jpg,test
0.16260517,1.2188153,1.7289237,1.5199351,0,normal,Preprocessed_Dataset/kau-bcmd/kau-bcmd_448.jpg,test
1.8984594,2.3167548,1.3070645,1.1755477,0,normal,Preprocessed_Dataset/ddsm/ddsm_2415.jpg,test
0.9843856,1.8416326,1.3108213,1.3788819,0,normal,Preprocessed_Dataset/kau-bcmd/kau-bcmd_360.jpg,test
0.34400672,1.5542226,1.4804199,1.973227,2,malignant,Preprocessed_Dataset/cmmd/cmmd_2573.jpg,test
0.5757021,1.1103593,1.8418884,1.0422963,0,normal,Preprocessed_Dataset/kau-bcmd/kau-bcmd_1149.jpg,test
1.5541207,1.3226776,2.4346416,1.644156,1,benign,Preprocessed_Dataset/ddsm/ddsm_9268.jpg,test
0.19556665,0.89859366,1.4665524,1.2182295,1,benign,Preprocessed_Dataset/cmmd/cmmd_2291.jpg,test
2.100236,0.31020254,0.8480315,1.6450036,1,benign,Preprocessed_Dataset/ddsm/ddsm_9106.jpg,test
1.5668389,0.4387858,0.62541384,0.92650706,2,malignant,Preprocessed_Dataset/ddsm/ddsm_2850.jpg,test
2.4115224,2.2427626,0.67322224,1.2143769,2,malignant,Preprocessed_Dataset/ddsm/ddsm_5003.jpg,test
2.070896,1.8744929,1.3836673,1.0293154,0,normal,Preprocessed_Dataset/ddsm/ddsm_2329.jpg,test
1.7257555,0.8126273,1.7003458,0.94383234,1,benign,Preprocessed_Dataset/ddsm/ddsm_10164.jpg,test
0.13013864,1.4826488,1.5119599,1.575443,1,benign,Preprocessed_Dataset/cmmd/cmmd_495.jpg,test
2.018654,2.4353652,1.2202766,1.4676723,1,benign,Preprocessed_Dataset/ddsm/ddsm_8795.jpg,test
1.5116284,1.7677474,2.5523586,1.4021742,2,malignant,Preprocessed_Dataset/ddsm/ddsm_4485.jpg,test
2.1744652,1.7855031,2.2644887,1.4809393,2,malignant,Preprocessed_Dataset/ddsm/ddsm_2897.jpg,test
2.3143349,2.321973,1.250355,0.9808028,0,normal,Preprocessed_Dataset/ddsm/ddsm_975.jpg,test
1.9244814,0.9286927,2.1146543,1.0652785,0,normal,Preprocessed_Dataset/ddsm/ddsm_1224.jpg,test
0.34461612,1.1252038,1.633477,1.0733544,0,normal,Preprocessed_Dataset/kau-bcmd/kau-bcmd_210.jpg,test
2.0622902,0.7622579,2.2254033,1.658208,0,normal,Preprocessed_Dataset/ddsm/ddsm_520.jpg,test
0.3263951,1.2640387,1.7338265,1.5976489,1,benign,Preprocessed_Dataset/kau-bcmd/kau-bcmd_1234.jpg,test
1.7272242,2.137554,1.5108445,1.1099882,2,malignant,Preprocessed_Dataset/ddsm/ddsm_4707.jpg,test
1.7158732,2.3803039,0.79636467,1.433882,1,benign,Preprocessed_Dataset/ddsm/ddsm_7583.jpg,test
1.1591041,0.6201335,1.7989554,0.5877012,1,benign,Preprocessed_Dataset/cmmd/cmmd_4548.jpg,test
2.0591767,0.6907385,1.5346731,1.3798674,2,malignant,Preprocessed_Dataset/ddsm/ddsm_5860.jpg,test
1.7346258,1.7760526,2.0550003,1.1356989,1,benign,Preprocessed_Dataset/ddsm/ddsm_9641.jpg,test
0.2623102,1.5808594,1.6188588,1.8645997,2,malignant,Preprocessed_Dataset/cmmd/cmmd_2767.jpg,test
1.909768,0.9612208,1.5853703,0.9435475,0,normal,Preprocessed_Dataset/ddsm/ddsm_2164.jpg,test
0.3962075,1.645006,1.3403953,1.9763192,1,benign,Preprocessed_Dataset/cmmd/cmmd_1808.jpg,test
1.3529025,1.3610225,2.5207772,1.7457957,1,benign,Preprocessed_Dataset/cdd-cesm/cdd-cesm_113.jpg,test
0.14087081,1.457158,1.4804944,1.6837385,1,benign,Preprocessed_Dataset/cmmd/cmmd_2434.jpg,test
2.5543132,0.58774805,1.9618237,1.9202034,1,benign,Preprocessed_Dataset/ddsm/ddsm_8912.jpg,test
2.5120783,0.9244784,1.2271163,2.3115745,0,normal,Preprocessed_Dataset/ddsm/ddsm_2734.jpg,test
2.180929,0.2681762,0.8004741,1.6513059,0,normal,Preprocessed_Dataset/ddsm/ddsm_2302.jpg,test
1.9484795,0.6393878,1.0728356,1.96959,2,malignant,Preprocessed_Dataset/ddsm/ddsm_2934.jpg,test
2.5393958,2.1464326,1.3090129,0.5587115,0,normal,Preprocessed_Dataset/ddsm/ddsm_1187.jpg,test
1.6629243,2.1965435,1.199331,0.94512695,2,malignant,Preprocessed_Dataset/ddsm/ddsm_5191.jpg,test
1.5831305,1.8834879,1.6306151,1.1040565,1,benign,Preprocessed_Dataset/ddsm/ddsm_9825.jpg,test
0.29055566,1.710434,1.4031963,1.9895104,1,benign,Preprocessed_Dataset/dmid/dmid_198.jpg,test
1.9422681,1.1359812,2.2695107,1.2994764,1,benign,Preprocessed_Dataset/ddsm/ddsm_10056.jpg,test
2.7451415,1.8877997,1.7969905,0.237077,0,normal,Preprocessed_Dataset/ddsm/ddsm_771.jpg,test
0.3990692,0.69505674,1.5622232,1.0586765,1,benign,Preprocessed_Dataset/cmmd/cmmd_2237.jpg,test
0.25772524,0.9093685,1.4402226,1.1157458,2,malignant,Preprocessed_Dataset/cmmd/cmmd_4018.jpg,test
0.72298694,1.7443688,1.7454808,2.0203,0,normal,Preprocessed_Dataset/kau-bcmd/kau-bcmd_165.jpg,test
1.3652008,1.6418138,1.7037456,1.3421301,1,benign,Preprocessed_Dataset/ddsm/ddsm_7789.jpg,test
1.202352,1.1285449,2.1794236,1.8054403,2,malignant,Preprocessed_Dataset/cdd-cesm/cdd-cesm_321.jpg,test
0.30402452,0.8507087,1.5432258,0.97533995,0,normal,Preprocessed_Dataset/kau-bcmd/kau-bcmd_2028.jpg,test
0.7168703,1.812499,1.5699301,2.0650032,0,normal,Preprocessed_Dataset/kau-bcmd/kau-bcmd_1513.jpg,test
1.5651438,1.6892397,2.2327676,1.6566776,1,benign,Preprocessed_Dataset/ddsm/ddsm_8561.jpg,test
2.1322026,0.96713054,2.40901,1.7230728,0,normal,Preprocessed_Dataset/ddsm/ddsm_2336.jpg,test
2.125989,0.5573511,1.2096146,1.6870046,1,benign,Preprocessed_Dataset/ddsm/ddsm_6462.jpg,test
1.8533001,0.76991683,1.2876354,0.6934323,0,normal,Preprocessed_Dataset/ddsm/ddsm_1434.jpg,test
1.285887,0.9863491,2.1705778,1.6426091,0,normal,Preprocessed_Dataset/cdd-cesm/cdd-cesm_911.jpg,test
2.1720247,1.7788265,2.6066685,1.0638788,1,benign,Preprocessed_Dataset/ddsm/ddsm_7849.jpg,test
1.8994186,1.940295,1.980863,0.94983506,0,normal,Preprocessed_Dataset/ddsm/ddsm_1663.jpg,test
2.4640484,0.45243067,1.0926589,2.1777956,0,normal,Preprocessed_Dataset/ddsm/ddsm_1194.jpg,test
0.61447215,1.538239,1.1419556,1.4246228,1,benign,Preprocessed_Dataset/ddsm/ddsm_6449.jpg,test
2.1336374,0.3977623,1.3932503,1.8981165,2,malignant,Preprocessed_Dataset/ddsm/ddsm_6034.jpg,test
0.49168038,0.8962637,1.5035222,1.1522125,1,benign,Preprocessed_Dataset/cmmd/cmmd_544.jpg,test
1.6680446,1.8082836,2.102693,1.5840832,2,malignant,Preprocessed_Dataset/ddsm/ddsm_6197.jpg,test
0.47404444,0.73682916,1.605821,0.7704028,1,benign,Preprocessed_Dataset/cmmd/cmmd_2358.jpg,test
1.3969232,1.8425843,1.8233676,1.3223947,2,malignant,Preprocessed_Dataset/ddsm/ddsm_3869.jpg,test
1.8620851,1.7553388,2.3409138,1.4503697,2,malignant,Preprocessed_Dataset/ddsm/ddsm_5117.jpg,test
2.12941,2.3828588,1.405508,0.9738399,0,normal,Preprocessed_Dataset/ddsm/ddsm_2143.jpg,test
2.2701695,2.5671754,1.3565124,1.1464292,2,malignant,Preprocessed_Dataset/ddsm/ddsm_5623.jpg,test
2.0849867,0.527136,2.2240896,1.4093599,0,normal,Preprocessed_Dataset/ddsm/ddsm_276.jpg,test
0.5784332,1.6932088,1.8367448,2.1545904,2,malignant,Preprocessed_Dataset/cmmd/cmmd_2683.jpg,test
1.0341607,1.8707881,1.5245682,1.8160473,0,normal,Preprocessed_Dataset/kau-bcmd/kau-bcmd_2022.jpg,test
0.10317755,1.1444976,1.7151793,1.213737,0,normal,Preprocessed_Dataset/kau-bcmd/kau-bcmd_57.jpg,test
1.6595521,1.9220324,2.301123,1.8504405,1,benign,Preprocessed_Dataset/ddsm/ddsm_6977.jpg,test
0.35417873,1.5585257,1.5034702,1.956349,2,malignant,Preprocessed_Dataset/cmmd/cmmd_3354.jpg,test
0.39816022,0.7997873,1.3648219,1.078876,2,malignant,Preprocessed_Dataset/cmmd/cmmd_3859.jpg,test
0.25065327,1.4599078,1.5639155,1.867405,2,malignant,Preprocessed_Dataset/cmmd/cmmd_2114.jpg,test
1.9711809,0.44685197,1.1646913,1.8225133,1,benign,Preprocessed_Dataset/ddsm/ddsm_8210.jpg,test
0.23908508,1.2600868,1.746887,1.4420171,0,normal,Preprocessed_Dataset/kau-bcmd/kau-bcmd_256.jpg,test
0.52906585,1.5591228,1.7549596,2.0772147,2,malignant,Preprocessed_Dataset/cmmd/cmmd_2611.jpg,test
0.31532937,0.6604861,1.4451572,1.3220555,2,malignant,Preprocessed_Dataset/dmid/dmid_412.jpg,test
2.0798,2.381474,1.1468158,1.1262565,0,normal,Preprocessed_Dataset/ddsm/ddsm_1755.jpg,test
0.5628164,1.6871972,1.4614788,1.771154,2,malignant,Preprocessed_Dataset/cmmd/cmmd_1676.jpg,test
2.183847,0.24099159,1.3778903,1.6937628,2,malignant,Preprocessed_Dataset/ddsm/ddsm_5146.jpg,test
0.11780536,1.3656214,1.4982318,1.6162614,2,malignant,Preprocessed_Dataset/cmmd/cmmd_2990.jpg,test
0.6148653,1.7336487,1.6233084,1.9967015,0,normal,Preprocessed_Dataset/kau-bcmd/kau-bcmd_785.jpg,test
1.1154507,1.1386526,2.1881466,1.2057518,0,normal,Preprocessed_Dataset/cdd-cesm/cdd-cesm_492.jpg,test
1.4740882,0.8145268,0.57726914,1.3245707,1,benign,Preprocessed_Dataset/ddsm/ddsm_9660.jpg,test
1.5855501,1.9951477,1.7062567,1.2973233,1,benign,Preprocessed_Dataset/ddsm/ddsm_7731.jpg,test
0.59995157,1.7789928,1.6779834,2.2181385,0,normal,Preprocessed_Dataset/kau-bcmd/kau-bcmd_1067.jpg,test
0.66495866,0.8222544,1.3446541,1.1939368,2,malignant,Preprocessed_Dataset/cmmd/cmmd_3967.jpg,test
0.2480892,0.81962365,1.6572188,1.2024207,0,normal,Preprocessed_Dataset/kau-bcmd/kau-bcmd_158.jpg,test
1.2734404,1.2606132,1.7767041,1.7586094,2,malignant,Preprocessed_Dataset/cdd-cesm/cdd-cesm_676.jpg,test
0.36249727,1.7194364,1.248232,1.5952468,2,malignant,Preprocessed_Dataset/cmmd/cmmd_743.jpg,test
0.35898054,1.6618972,1.4094166,1.9170809,2,malignant,Preprocessed_Dataset/cmmd/cmmd_1443.jpg,test
1.8358366,2.1208153,1.5949185,1.1136589,0,normal,Preprocessed_Dataset/ddsm/ddsm_2273.jpg,test
2.1894279,1.9126788,1.3836552,0.45173293,1,benign,Preprocessed_Dataset/ddsm/ddsm_9103.jpg,test
1.6147201,1.8906462,2.118862,1.9889185,2,malignant,Preprocessed_Dataset/ddsm/ddsm_5933.jpg,test
0.29776406,0.8423942,1.5896401,1.0474259,1,benign,Preprocessed_Dataset/cmmd/cmmd_4423.jpg,test
2.4818327,0.9266974,2.7223775,1.1374356,0,normal,Preprocessed_Dataset/ddsm/ddsm_1572.jpg,test
0.2746343,0.7771052,1.5001427,1.2012842,1,benign,Preprocessed_Dataset/cmmd/cmmd_4399.jpg,test
0.26440537,0.76117414,1.3807435,1.3150669,2,malignant,Preprocessed_Dataset/cmmd/cmmd_5133.jpg,test
1.6322562,0.138502,1.0063496,1.023937,1,benign,Preprocessed_Dataset/inbreast/inbreast_148.jpg,test
1.8673254,1.1196749,1.2912922,1.7975543,0,normal,Preprocessed_Dataset/kau-bcmd/kau-bcmd_1918.jpg,test
1.6826094,1.4187822,2.3932137,1.1339875,2,malignant,Preprocessed_Dataset/ddsm/ddsm_4361.jpg,test
1.8130362,0.749537,2.258177,1.24217,2,malignant,Preprocessed_Dataset/ddsm/ddsm_3552.jpg,test
0.6469425,2.1016455,1.6073385,2.5233054,2,malignant,Preprocessed_Dataset/inbreast/inbreast_350.jpg,test
0.80855423,1.662406,1.730876,1.7949245,0,normal,Preprocessed_Dataset/kau-bcmd/kau-bcmd_662.jpg,test
1.86259,0.6664293,2.158361,1.3250645,0,normal,Preprocessed_Dataset/ddsm/ddsm_304.jpg,test
1.8644936,2.3012285,0.8371612,1.0962694,0,normal,Preprocessed_Dataset/ddsm/ddsm_1599.jpg,test
2.638684,0.39619958,1.238364,2.3188937,2,malignant,Preprocessed_Dataset/ddsm/ddsm_5834.jpg,test
0.32943892,0.7347017,1.563165,1.2975671,1,benign,Preprocessed_Dataset/cmmd/cmmd_701.jpg,test
0.21318519,0.86251456,1.4395926,1.249287,2,malignant,Preprocessed_Dataset/cmmd/cmmd_4258.jpg,test
0.1560638,0.93054396,1.5102125,1.26201,2,malignant,Preprocessed_Dataset/cmmd/cmmd_4950.jpg,test
1.732836,2.027021,2.0545597,1.5360404,0,normal,Preprocessed_Dataset/ddsm/ddsm_1817.jpg,test
1.5910747,1.0236702,2.308219,1.6386417,1,benign,Preprocessed_Dataset/ddsm/ddsm_9804.jpg,test
0.13224018,1.4290183,1.4541309,1.6007923,2,malignant,Preprocessed_Dataset/cmmd/cmmd_1680.jpg,test
1.7038326,2.06595,1.3504294,1.0346184,1,benign,Preprocessed_Dataset/ddsm/ddsm_9167.jpg,test
0.25894427,0.8781092,1.5711683,1.1257981,2,malignant,Preprocessed_Dataset/cmmd/cmmd_4336.jpg,test
0.18855524,1.2292441,1.7475007,1.5464815,1,benign,Preprocessed_Dataset/kau-bcmd/kau-bcmd_951.jpg,test
0.80381536,1.2841717,1.2496212,1.6711075,0,normal,Preprocessed_Dataset/cdd-cesm/cdd-cesm_220.jpg,test
1.2059224,1.4872496,2.0059834,1.3224728,0,normal,Preprocessed_Dataset/kau-bcmd/kau-bcmd_361.jpg,test
0.5940684,1.7663631,1.7320148,2.2541962,0,normal,Preprocessed_Dataset/kau-bcmd/kau-bcmd_1210.jpg,test
0.22787035,0.84131634,1.467083,1.2906729,2,malignant,Preprocessed_Dataset/cmmd/cmmd_3856.jpg,test
1.5735157,1.1301181,2.800746,1.9175693,1,benign,Preprocessed_Dataset/ddsm/ddsm_9488.jpg,test
1.9290034,0.84842056,1.2502102,2.2626264,1,benign,Preprocessed_Dataset/ddsm/ddsm_9086.jpg,test
0.3170156,1.525079,1.678325,2.0031605,0,normal,Preprocessed_Dataset/kau-bcmd/kau-bcmd_2152.jpg,test
2.0886736,0.49013585,1.3030753,1.8466643,0,normal,Preprocessed_Dataset/ddsm/ddsm_482.jpg,test
0.61175096,0.801124,1.9970708,0.84335095,2,malignant,Preprocessed_Dataset/cmmd/cmmd_4847.jpg,test
0.19779825,1.5280687,1.4000944,1.7263472,2,malignant,Preprocessed_Dataset/cmmd/cmmd_1225.jpg,test
0.45916975,1.5878975,1.5548543,2.0524251,0,normal,Preprocessed_Dataset/kau-bcmd/kau-bcmd_1986.jpg,test
1.6353298,0.8714024,2.4835374,1.2988145,1,benign,Preprocessed_Dataset/ddsm/ddsm_6720.jpg,test
1.5123949,1.7234352,2.2913475,1.6717981,1,benign,Preprocessed_Dataset/ddsm/ddsm_8229.jpg,test
0.33248377,1.5118058,1.5783173,2.092504,2,malignant,Preprocessed_Dataset/cmmd/cmmd_1186.jpg,test
2.017287,1.7839098,2.4669943,1.5130724,0,normal,Preprocessed_Dataset/ddsm/ddsm_2233.jpg,test
0.2587477,1.2619908,1.6587878,1.3962107,1,benign,Preprocessed_Dataset/kau-bcmd/kau-bcmd_1327.jpg,test
1.977407,1.7947046,1.5346488,0.8890575,2,malignant,Preprocessed_Dataset/ddsm/ddsm_5967.jpg,test
0.7464672,0.78206444,1.3653345,0.78731924,0,normal,Preprocessed_Dataset/kau-bcmd/kau-bcmd_892.jpg,test
1.9549646,1.8201764,1.2319924,0.4264629,1,benign,Preprocessed_Dataset/ddsm/ddsm_7263.jpg,test
0.5687246,1.9860246,1.3221927,2.3812213,2,malignant,Preprocessed_Dataset/cmmd/cmmd_2987.jpg,test
2.1297293,0.34464628,1.4613204,2.0035777,1,benign,Preprocessed_Dataset/ddsm/ddsm_7218.jpg,test
1.609372,1.8182837,2.3905208,1.7160196,1,benign,Preprocessed_Dataset/ddsm/ddsm_7009.jpg,test
2.1200635,2.3830547,1.1920702,0.63487417,1,benign,Preprocessed_Dataset/ddsm/ddsm_9147.jpg,test
1.2800761,1.1379426,1.3719437,1.7373562,0,normal,Preprocessed_Dataset/cdd-cesm/cdd-cesm_978.jpg,test
1.5744884,2.1970108,1.0874243,1.3814309,0,normal,Preprocessed_Dataset/ddsm/ddsm_183.jpg,test
1.9233924,0.49664283,1.0705028,1.799108,1,benign,Preprocessed_Dataset/ddsm/ddsm_6526.jpg,test
0.5791063,1.5626334,1.5123653,1.90903,0,normal,Preprocessed_Dataset/kau-bcmd/kau-bcmd_1451.jpg,test
0.5688077,0.6306819,1.2586633,1.1626883,2,malignant,Preprocessed_Dataset/cmmd/cmmd_4074.jpg,test
2.1832151,0.68482065,1.8729879,2.091505,1,benign,Preprocessed_Dataset/ddsm/ddsm_6802.jpg,test
0.21513748,1.2306415,1.7355977,1.5368575,1,benign,Preprocessed_Dataset/kau-bcmd/kau-bcmd_841.jpg,test
2.8583744,0.47762716,0.84417,2.1505592,2,malignant,Preprocessed_Dataset/ddsm/ddsm_4978.jpg,test
0.4139561,0.8176536,1.476417,0.9100503,0,normal,Preprocessed_Dataset/kau-bcmd/kau-bcmd_1915.jpg,test
2.4276414,0.40444803,1.1380525,1.8329477,0,normal,Preprocessed_Dataset/ddsm/ddsm_6.jpg,test
1.9696987,1.6794103,1.5181938,0.53369635,1,benign,Preprocessed_Dataset/ddsm/ddsm_7719.jpg,test
1.9153781,1.6651816,0.98985875,1.385372,2,malignant,Preprocessed_Dataset/ddsm/ddsm_6211.jpg,test
0.9413543,2.1468692,0.91560525,2.0341983,0,normal,Preprocessed_Dataset/dmid/dmid_381.jpg,test
0.30094427,0.7901485,1.3588679,1.2111562,0,normal,Preprocessed_Dataset/kau-bcmd/kau-bcmd_2170.jpg,test
0.2607714,1.687535,1.4067736,1.8343837,2,malignant,Preprocessed_Dataset/cmmd/cmmd_2813.jpg,test
1.2107326,1.3579193,1.9382758,1.2182156,0,normal,Preprocessed_Dataset/cdd-cesm/cdd-cesm_831.jpg,test
1.7087293,0.7365453,1.5929128,1.9915285,2,malignant,Preprocessed_Dataset/ddsm/ddsm_4110.jpg,test
0.48591298,1.5978907,1.705553,1.8195245,2,malignant,Preprocessed_Dataset/cmmd/cmmd_3388.jpg,test
2.3715124,0.56584466,0.9911407,2.0444345,1,benign,Preprocessed_Dataset/ddsm/ddsm_6950.jpg,test
0.16756141,0.87252384,1.3273342,1.6162475,1,benign,Preprocessed_Dataset/cmmd/cmmd_580.jpg,test
0.31387317,0.8305323,1.6501651,1.2303141,2,malignant,Preprocessed_Dataset/cmmd/cmmd_2521.jpg,test
0.11677444,1.4321219,1.4413328,1.5977355,0,normal,Preprocessed_Dataset/kau-bcmd/kau-bcmd_365.jpg,test
1.6129749,2.112024,1.497689,1.0126175,1,benign,Preprocessed_Dataset/ddsm/ddsm_8165.jpg,test
1.9272547,2.1125383,1.2352955,0.7457747,0,normal,Preprocessed_Dataset/ddsm/ddsm_2775.jpg,test
1.9879715,0.6189832,0.8069821,1.9283396,2,malignant,Preprocessed_Dataset/ddsm/ddsm_3942.jpg,test
1.3241624,1.2446144,1.8792946,0.98738885,2,malignant,Preprocessed_Dataset/cdd-cesm/cdd-cesm_366.jpg,test
0.5822922,1.6133188,1.7126039,2.0085304,2,malignant,Preprocessed_Dataset/cmmd/cmmd_3129.jpg,test
2.0771313,2.5503888,1.3352153,1.5401913,0,normal,Preprocessed_Dataset/ddsm/ddsm_1951.jpg,test
1.015079,2.0835114,1.3410949,2.3384767,1,benign,Preprocessed_Dataset/ddsm/ddsm_8927.jpg,test
1.850961,1.1274762,0.76722157,2.0942519,2,malignant,Preprocessed_Dataset/cdd-cesm/cdd-cesm_380.jpg,test
0.2022121,0.84503436,1.5001307,1.4239025,2,malignant,Preprocessed_Dataset/cmmd/cmmd_838.jpg,test
2.2324958,2.2219803,1.6765443,0.9908638,2,malignant,Preprocessed_Dataset/ddsm/ddsm_5833.jpg,test
1.871252,2.1818738,0.64081514,0.691954,0,normal,Preprocessed_Dataset/ddsm/ddsm_1659.jpg,test
2.1169107,0.33872473,0.5480753,1.6156586,0,normal,Preprocessed_Dataset/ddsm/ddsm_54.jpg,test
1.7134933,1.7201464,2.5340624,1.7539243,2,malignant,Preprocessed_Dataset/ddsm/ddsm_3193.jpg,test
0.3485775,0.7959916,1.6575676,0.95675576,0,normal,Preprocessed_Dataset/kau-bcmd/kau-bcmd_159.jpg,test
2.1999907,0.82604575,2.2088492,1.4690806,1,benign,Preprocessed_Dataset/ddsm/ddsm_8700.jpg,test
2.3262804,0.6701126,1.8352311,1.3018318,2,malignant,Preprocessed_Dataset/ddsm/ddsm_4184.jpg,test
1.4159415,1.7522516,1.9551003,1.491442,0,normal,Preprocessed_Dataset/ddsm/ddsm_1393.jpg,test
2.0268257,2.426648,1.3455617,1.5911527,0,normal,Preprocessed_Dataset/ddsm/ddsm_177.jpg,test
0.6210261,1.9197891,1.0039389,1.9601073,0,normal,Preprocessed_Dataset/dmid/dmid_462.jpg,test
0.31365025,1.078844,1.7117729,0.89312494,0,normal,Preprocessed_Dataset/kau-bcmd/kau-bcmd_143.jpg,test
2.2429523,0.45550507,1.1367984,2.0487356,2,malignant,Preprocessed_Dataset/ddsm/ddsm_3570.jpg,test
1.9856476,0.68816656,0.9257643,1.69486,1,benign,Preprocessed_Dataset/ddsm/ddsm_7322.jpg,test
0.21870732,0.8450449,1.4272431,1.3590794,2,malignant,Preprocessed_Dataset/cmmd/cmmd_3828.jpg,test
1.4671829,1.9896483,2.0977094,1.7366467,0,normal,Preprocessed_Dataset/ddsm/ddsm_501.jpg,test
1.9507089,2.283582,1.6833149,1.4479041,0,normal,Preprocessed_Dataset/ddsm/ddsm_815.jpg,test
1.5486097,0.9463105,1.7135189,1.6826354,1,benign,Preprocessed_Dataset/ddsm/ddsm_9720.jpg,test
1.9179919,0.5990303,2.2365396,1.3663192,0,normal,Preprocessed_Dataset/ddsm/ddsm_2640.jpg,test
1.9589336,1.9736776,1.3222342,0.5702601,1,benign,Preprocessed_Dataset/ddsm/ddsm_7911.jpg,test
0.5070619,1.6952294,1.5815018,2.0509605,0,normal,Preprocessed_Dataset/kau-bcmd/kau-bcmd_1939.jpg,test
2.2878351,0.14106822,1.5238523,1.413863,1,benign,Preprocessed_Dataset/ddsm/ddsm_8134.jpg,test
1.1281954,1.2211784,1.693671,0.6266941,2,malignant,Preprocessed_Dataset/cdd-cesm/cdd-cesm_257.jpg,test
1.8313603,0.9495909,1.2285798,1.1148987,1,benign,Preprocessed_Dataset/ddsm/ddsm_7002.jpg,test
0.6078544,1.7298057,1.4465202,1.9487456,0,normal,Preprocessed_Dataset/kau-bcmd/kau-bcmd_223.jpg,test
0.43600196,0.5313145,1.1876367,1.3207967,1,benign,Preprocessed_Dataset/inbreast/inbreast_91.jpg,test
2.502253,0.8981087,1.4742991,1.5571349,1,benign,Preprocessed_Dataset/ddsm/ddsm_8932.jpg,test
1.4651282,1.1300834,1.895279,1.0800543,1,benign,Preprocessed_Dataset/ddsm/ddsm_6504.jpg,test
0.2954167,1.5070713,1.7016298,1.921212,2,malignant,Preprocessed_Dataset/cmmd/cmmd_3007.jpg,test
0.39324003,1.6042013,1.7080456,2.1480684,0,normal,Preprocessed_Dataset/kau-bcmd/kau-bcmd_869.jpg,test
2.4529707,0.5078674,1.5368656,1.9716783,1,benign,Preprocessed_Dataset/ddsm/ddsm_7528.jpg,test
2.0037248,0.9011919,2.162211,1.4492372,2,malignant,Preprocessed_Dataset/ddsm/ddsm_5568.jpg,test
2.17009,0.7669675,1.7878419,1.5838132,2,malignant,Preprocessed_Dataset/ddsm/ddsm_3536.jpg,test
1.6878426,1.9703186,1.9457732,1.6304055,1,benign,Preprocessed_Dataset/ddsm/ddsm_6677.jpg,test
0.247635,1.1159513,1.69456,1.1414322,1,benign,Preprocessed_Dataset/kau-bcmd/kau-bcmd_1325.jpg,test
0.09534311,1.3930318,1.4781767,1.5228959,1,benign,Preprocessed_Dataset/cmmd/cmmd_479.jpg,test
0.4397428,1.716383,1.2991291,1.7490048,2,malignant,Preprocessed_Dataset/cmmd/cmmd_1473.jpg,test
1.9023523,1.8675208,2.119257,1.4121449,1,benign,Preprocessed_Dataset/ddsm/ddsm_6905.jpg,test
0.40746796,0.8050394,1.6629587,0.9539659,2,malignant,Preprocessed_Dataset/cmmd/cmmd_4955.jpg,test
1.2663982,1.8049779,1.891648,1.6897109,0,normal,Preprocessed_Dataset/kau-bcmd/kau-bcmd_1035.jpg,test
0.18508434,1.1078978,1.6669024,1.1768868,0,normal,Preprocessed_Dataset/kau-bcmd/kau-bcmd_1189.jpg,test
1.9097006,2.298512,1.2931927,1.2598987,1,benign,Preprocessed_Dataset/ddsm/ddsm_9443.jpg,test
2.1865065,0.43997008,1.4326099,1.6395707,0,normal,Preprocessed_Dataset/ddsm/ddsm_1742.jpg,test
1.8301663,0.5722347,0.44916153,1.7245564,1,benign,Preprocessed_Dataset/ddsm/ddsm_8858.jpg,test
0.18063271,0.88462746,1.4672494,1.310114,2,malignant,Preprocessed_Dataset/cmmd/cmmd_4303.jpg,test
0.31575185,1.4799122,1.6852512,2.0997386,2,malignant,Preprocessed_Dataset/cmmd/cmmd_2749.jpg,test
0.57152635,1.551003,1.4956713,1.9522791,1,benign,Preprocessed_Dataset/cmmd/cmmd_613.jpg,test
0.33944762,1.8081264,0.9271627,1.3887143,0,normal,Preprocessed_Dataset/dmid/dmid_352.jpg,test
0.79899716,1.6339483,1.9374006,1.8438303,2,malignant,Preprocessed_Dataset/cmmd/cmmd_3542.jpg,test
0.2822621,1.2631308,1.6943488,1.4510491,1,benign,Preprocessed_Dataset/kau-bcmd/kau-bcmd_1311.jpg,test
0.45723462,1.1034734,1.8202157,1.0569962,0,normal,Preprocessed_Dataset/kau-bcmd/kau-bcmd_199.jpg,test
0.33879977,1.1018288,1.7227044,1.0715306,1,benign,Preprocessed_Dataset/kau-bcmd/kau-bcmd_588.jpg,test
0.32179075,1.3084908,1.7946923,1.8038324,0,normal,Preprocessed_Dataset/kau-bcmd/kau-bcmd_145.jpg,test
1.8475881,2.11708,1.1481766,1.1111242,1,benign,Preprocessed_Dataset/ddsm/ddsm_8319.jpg,test
1.7353094,2.3903828,0.6147043,1.7149061,0,normal,Preprocessed_Dataset/ddsm/ddsm_1747.jpg,test
0.283126,0.82720673,1.6838017,1.2025931,1,benign,Preprocessed_Dataset/cmmd/cmmd_4456.jpg,test
1.9674554,0.3562379,0.9225808,1.4293267,0,normal,Preprocessed_Dataset/ddsm/ddsm_1730.jpg,test
1.3845166,1.7866476,0.8047639,1.616648,1,benign,Preprocessed_Dataset/cdd-cesm/cdd-cesm_908.jpg,test
1.9492514,2.3201036,0.6770115,1.1742153,2,malignant,Preprocessed_Dataset/ddsm/ddsm_5835.jpg,test
0.2531638,1.2647012,1.6391523,1.4186244,0,normal,Preprocessed_Dataset/kau-bcmd/kau-bcmd_44.jpg,test
1.7474664,0.43769175,2.1721482,0.65138286,0,normal,Preprocessed_Dataset/ddsm/ddsm_2656.jpg,test
1.71268,1.953413,1.0461794,0.9399669,1,benign,Preprocessed_Dataset/ddsm/ddsm_6659.jpg,test
1.6303993,1.8290083,2.089664,1.6679362,1,benign,Preprocessed_Dataset/ddsm/ddsm_6917.jpg,test
0.51927644,1.6895243,1.8048201,2.2561874,1,benign,Preprocessed_Dataset/cmmd/cmmd_2145.jpg,test
1.9927821,0.4988491,1.1965687,1.3765419,1,benign,Preprocessed_Dataset/ddsm/ddsm_7870.jpg,test
2.2389674,0.7305783,0.99255174,1.8832023,1,benign,Preprocessed_Dataset/ddsm/ddsm_8110.jpg,test
1.7193096,1.3534687,2.2614894,1.1905684,1,benign,Preprocessed_Dataset/ddsm/ddsm_9928.jpg,test
0.10554159,0.9940069,1.5374835,1.3490411,2,malignant,Preprocessed_Dataset/cmmd/cmmd_879.jpg,test
0.2547965,1.2285992,1.7371429,1.4848151,0,normal,Preprocessed_Dataset/kau-bcmd/kau-bcmd_188.jpg,test
1.7063975,1.9423323,2.2604465,2.083682,0,normal,Preprocessed_Dataset/ddsm/ddsm_485.jpg,test
0.2552569,1.5944037,1.438864,1.7973996,2,malignant,Preprocessed_Dataset/cmmd/cmmd_1575.jpg,test
1.7768008,2.270804,0.89668876,1.034102,2,malignant,Preprocessed_Dataset/ddsm/ddsm_4375.jpg,test
0.37184638,1.5217763,1.7125156,1.8393211,2,malignant,Preprocessed_Dataset/cmmd/cmmd_1477.jpg,test
0.71566284,1.9381063,1.402753,1.8539155,1,benign,Preprocessed_Dataset/cmmd/cmmd_453.jpg,test
1.8800578,1.5659431,2.2037427,1.3696151,0,normal,Preprocessed_Dataset/ddsm/ddsm_2341.jpg,test
1.1177969,1.1399838,1.8695698,1.1750233,1,benign,Preprocessed_Dataset/cdd-cesm/cdd-cesm_106.jpg,test
0.95644724,0.8933288,1.2283603,1.3518978,0,normal,Preprocessed_Dataset/cdd-cesm/cdd-cesm_150.jpg,test
0.23870933,0.7968458,1.5136365,1.2872037,2,malignant,Preprocessed_Dataset/cmmd/cmmd_828.jpg,test
0.36517018,1.6624372,1.4711566,2.01428,0,normal,Preprocessed_Dataset/kau-bcmd/kau-bcmd_2136.jpg,test
2.4532874,0.33864993,1.7165737,1.6684797,0,normal,Preprocessed_Dataset/ddsm/ddsm_2540.jpg,test
1.6602864,1.1714134,1.6277053,1.2493721,2,malignant,Preprocessed_Dataset/ddsm/ddsm_5524.jpg,test
2.2697835,0.8394773,2.3180537,1.7257987,1,benign,Preprocessed_Dataset/ddsm/ddsm_9848.jpg,test
0.15068543,1.4787483,1.4097672,1.5658462,2,malignant,Preprocessed_Dataset/cmmd/cmmd_206.jpg,test
2.3534975,0.18085325,1.4269313,1.6221044,1,benign,Preprocessed_Dataset/ddsm/ddsm_9470.jpg,test
0.20168507,0.9784871,1.5117201,1.10948,1,benign,Preprocessed_Dataset/cmmd/cmmd_3720.jpg,test
2.0580547,0.87080145,2.352045,1.2913597,1,benign,Preprocessed_Dataset/ddsm/ddsm_6908.jpg,test
1.8381636,2.3610544,0.61163366,1.0401603,0,normal,Preprocessed_Dataset/ddsm/ddsm_2691.jpg,test
1.9506125,2.1759334,1.4147458,1.3024457,0,normal,Preprocessed_Dataset/ddsm/ddsm_133.jpg,test
0.8405423,1.4572115,2.0089512,1.3612835,2,malignant,Preprocessed_Dataset/cmmd/cmmd_2533.jpg,test
0.29034412,1.5950232,1.3847247,1.9598317,1,benign,Preprocessed_Dataset/cmmd/cmmd_508.jpg,test
1.3300197,2.183188,2.139443,2.5453577,0,normal,Preprocessed_Dataset/ddsm/ddsm_325.jpg,test
1.2960106,0.9451767,2.1606603,1.6695603,1,benign,Preprocessed_Dataset/ddsm/ddsm_7248.jpg,test
1.7268009,1.7943554,1.7631328,1.345717,1,benign,Preprocessed_Dataset/ddsm/ddsm_9845.jpg,test
0.9322051,2.0653238,1.4786735,2.1614892,0,normal,Preprocessed_Dataset/dmid/dmid_95.jpg,test
0.9590453,1.9306034,1.7758476,2.0262618,1,benign,Preprocessed_Dataset/inbreast/inbreast_112.jpg,test
1.5514913,1.8956339,1.1999333,0.92845947,2,malignant,Preprocessed_Dataset/ddsm/ddsm_5551.jpg,test
2.0283265,0.5742023,2.3787231,1.5606797,2,malignant,Preprocessed_Dataset/ddsm/ddsm_5284.jpg,test
0.85789645,0.8738978,1.8009814,0.93887335,2,malignant,Preprocessed_Dataset/cmmd/cmmd_4783.jpg,test
2.5182712,0.7211047,2.238858,1.816776,2,malignant,Preprocessed_Dataset/ddsm/ddsm_5068.jpg,test
1.9839089,1.6098983,2.5631213,1.3451661,1,benign,Preprocessed_Dataset/ddsm/ddsm_9913.jpg,test
0.19524574,0.8138437,1.3771055,1.5679688,1,benign,Preprocessed_Dataset/cmmd/cmmd_625.jpg,test
1.5088885,2.0198982,2.1403491,2.0638876,0,normal,Preprocessed_Dataset/ddsm/ddsm_1377.jpg,test
0.9426577,1.1516939,1.4955084,2.1427884,1,benign,Preprocessed_Dataset/cdd-cesm/cdd-cesm_451.jpg,test
0.257066,1.4751391,1.6086551,1.9802036,2,malignant,Preprocessed_Dataset/cmmd/cmmd_1541.jpg,test
0.3085494,1.1077743,1.7327087,1.1109173,0,normal,Preprocessed_Dataset/kau-bcmd/kau-bcmd_22.jpg,test
2.1085083,1.1524248,2.5406585,1.4605998,1,benign,Preprocessed_Dataset/ddsm/ddsm_10028.jpg,test
1.4625921,2.074748,0.55478144,0.98310477,1,benign,Preprocessed_Dataset/ddsm/ddsm_6635.jpg,test
0.21198034,0.8305532,1.2918574,1.431525,0,normal,Preprocessed_Dataset/kau-bcmd/kau-bcmd_564.jpg,test
0.9717952,2.1239913,1.4170125,2.0220795,1,benign,Preprocessed_Dataset/inbreast/inbreast_107.jpg,test
0.40420145,1.5441077,1.5653821,2.054166,0,normal,Preprocessed_Dataset/kau-bcmd/kau-bcmd_1251.jpg,test
2.221613,0.6818194,2.3782697,1.1776336,0,normal,Preprocessed_Dataset/ddsm/ddsm_1628.jpg,test
1.6349223,1.7440313,1.698443,1.7807547,1,benign,Preprocessed_Dataset/ddsm/ddsm_8089.jpg,test
1.4391483,1.7805367,1.9886076,1.6728712,2,malignant,Preprocessed_Dataset/ddsm/ddsm_5405.jpg,test
2.1030986,2.0305629,1.9739393,1.3764548,2,malignant,Preprocessed_Dataset/ddsm/ddsm_5029.jpg,test
1.7249545,1.980695,2.3864415,1.7390072,1,benign,Preprocessed_Dataset/ddsm/ddsm_8457.jpg,test
1.3605653,1.8456539,1.0966356,1.3231273,1,benign,Preprocessed_Dataset/ddsm/ddsm_6645.jpg,test
1.6018701,1.1500766,1.908513,2.095787,2,malignant,Preprocessed_Dataset/ddsm/ddsm_3960.jpg,test
1.32196,2.5221615,1.2926636,1.7210629,0,normal,Preprocessed_Dataset/ddsm/ddsm_2665.jpg,test
1.2343515,1.2406423,1.9477252,2.024113,0,normal,Preprocessed_Dataset/cdd-cesm/cdd-cesm_94.jpg,test
1.985671,0.4045062,1.6657715,1.3723892,2,malignant,Preprocessed_Dataset/ddsm/ddsm_6382.jpg,test
1.471389,1.9661803,1.0684569,0.90259856,2,malignant,Preprocessed_Dataset/ddsm/ddsm_5311.jpg,test
1.7641039,0.6757176,1.5567831,1.6199985,2,malignant,Preprocessed_Dataset/ddsm/ddsm_3954.jpg,test
1.9959588,0.4773227,1.3914456,1.6721888,1,benign,Preprocessed_Dataset/ddsm/ddsm_7970.jpg,test
2.2826192,0.17802465,0.7417327,1.5725154,1,benign,Preprocessed_Dataset/ddsm/ddsm_10366.jpg,test
0.47724563,1.836894,1.1590769,1.9284544,2,malignant,Preprocessed_Dataset/cmmd/cmmd_1696.jpg,test
2.292702,0.26747668,2.0586932,1.4626639,2,malignant,Preprocessed_Dataset/ddsm/ddsm_6326.jpg,test
0.42845827,0.78473055,1.3893927,0.83084095,0,normal,Preprocessed_Dataset/kau-bcmd/kau-bcmd_1790.jpg,test
0.79341847,1.698476,2.0208251,1.9803085,0,normal,Preprocessed_Dataset/kau-bcmd/kau-bcmd_2105.jpg,test
1.638416,0.48547417,1.7695193,1.1663816,2,malignant,Preprocessed_Dataset/ddsm/ddsm_6258.jpg,test
2.0839517,0.9882779,2.8340285,1.5962248,0,normal,Preprocessed_Dataset/ddsm/ddsm_2632.jpg,test
0.42081714,0.83335555,1.5378704,0.90901935,0,normal,Preprocessed_Dataset/kau-bcmd/kau-bcmd_1746.jpg,test
0.4759968,0.6958448,1.2643104,1.2880667,2,malignant,Preprocessed_Dataset/cmmd/cmmd_3793.jpg,test
1.8491375,2.3572145,0.6550544,1.1717141,1,benign,Preprocessed_Dataset/ddsm/ddsm_9883.jpg,test
1.5581546,0.9957575,2.111589,0.9231964,0,normal,Preprocessed_Dataset/ddsm/ddsm_1152.jpg,test
0.660647,0.7049992,1.7199675,0.81236565,0,normal,Preprocessed_Dataset/kau-bcmd/kau-bcmd_2163.jpg,test
0.69746846,1.3832418,1.6106145,1.3387702,0,normal,Preprocessed_Dataset/kau-bcmd/kau-bcmd_268.jpg,test
0.29053974,1.4504627,1.8371742,1.9867989,2,malignant,Preprocessed_Dataset/cmmd/cmmd_2074.jpg,test
0.2963453,0.8541084,1.4183975,1.1624196,2,malignant,Preprocessed_Dataset/cmmd/cmmd_869.jpg,test
0.13374567,1.377815,1.4798657,1.6821221,2,malignant,Preprocessed_Dataset/cmmd/cmmd_276.jpg,test
0.47948027,1.6470182,1.6736863,2.0675352,2,malignant,Preprocessed_Dataset/cmmd/cmmd_2964.jpg,test
0.7212783,1.6912646,1.4380466,1.9302427,0,normal,Preprocessed_Dataset/kau-bcmd/kau-bcmd_956.jpg,test
1.7458646,0.6556013,1.8154917,0.4019208,1,benign,Preprocessed_Dataset/ddsm/ddsm_7072.jpg,test
1.2328345,1.0937402,1.9893111,0.7569857,1,benign,Preprocessed_Dataset/cdd-cesm/cdd-cesm_121.jpg,test
1.8123012,1.9315414,1.6160841,0.5207568,2,malignant,Preprocessed_Dataset/ddsm/ddsm_3645.jpg,test
1.9277853,2.0131507,1.5121297,0.7342282,2,malignant,Preprocessed_Dataset/ddsm/ddsm_5447.jpg,test
0.30269235,1.5550774,1.6740124,1.9493058,2,malignant,Preprocessed_Dataset/cmmd/cmmd_3324.jpg,test
1.9030738,1.6543106,2.0318947,1.0543613,1,benign,Preprocessed_Dataset/ddsm/ddsm_7773.jpg,test
0.3579824,0.7993206,1.5531224,1.0255655,1,benign,Preprocessed_Dataset/cmmd/cmmd_1970.jpg,test
2.1436768,2.5795183,1.2242066,1.5922337,0,normal,Preprocessed_Dataset/ddsm/ddsm_1743.jpg,test
2.056065,2.2229824,1.0265487,1.0163414,1,benign,Preprocessed_Dataset/ddsm/ddsm_8071.jpg,test
0.57521605,1.2994901,1.8448447,1.2960391,0,normal,Preprocessed_Dataset/kau-bcmd/kau-bcmd_381.jpg,test
0.15761721,1.2206708,1.7727398,1.5623655,1,benign,Preprocessed_Dataset/kau-bcmd/kau-bcmd_55.jpg,test
1.8114161,2.4779658,1.809305,2.1241622,1,benign,Preprocessed_Dataset/ddsm/ddsm_9539.jpg,test
1.5247197,1.5182841,1.6134819,0.8234151,1,benign,Preprocessed_Dataset/cdd-cesm/cdd-cesm_674.jpg,test
0.6704369,0.69568706,1.7759784,0.8687593,2,malignant,Preprocessed_Dataset/cmmd/cmmd_2485.jpg,test
2.0655308,0.6280502,1.424851,1.5141376,1,benign,Preprocessed_Dataset/ddsm/ddsm_8022.jpg,test
2.1020947,0.5350659,0.76990366,1.7394513,1,benign,Preprocessed_Dataset/ddsm/ddsm_9450.jpg,test
0.28487372,1.2569196,1.7487528,1.5471734,1,benign,Preprocessed_Dataset/kau-bcmd/kau-bcmd_689.jpg,test
1.6024709,2.05155,1.1785076,0.7334327,1,benign,Preprocessed_Dataset/ddsm/ddsm_7991.jpg,test
0.65818745,0.6053889,1.3038872,1.0148424,0,normal,Preprocessed_Dataset/kau-bcmd/kau-bcmd_2078.jpg,test
1.7723038,1.8504689,2.310064,1.7030017,1,benign,Preprocessed_Dataset/ddsm/ddsm_6873.jpg,test
0.26209986,0.8886441,1.5487677,1.0624665,0,normal,Preprocessed_Dataset/kau-bcmd/kau-bcmd_34.jpg,test
0.3908046,1.3008215,1.8297889,1.4305044,1,benign,Preprocessed_Dataset/kau-bcmd/kau-bcmd_405.jpg,test
0.24280703,0.8264258,1.5781697,1.2054713,0,normal,Preprocessed_Dataset/kau-bcmd/kau-bcmd_1284.jpg,test
2.3439932,1.959959,2.2700968,1.0402473,0,normal,Preprocessed_Dataset/ddsm/ddsm_2161.jpg,test
1.44255,0.687433,1.5484229,1.1531804,2,malignant,Preprocessed_Dataset/ddsm/ddsm_3986.jpg,test
0.6630194,1.9596938,1.5155379,2.2970505,0,normal,Preprocessed_Dataset/dmid/dmid_41.jpg,test
0.25025797,0.9274532,1.5924008,0.9732591,2,malignant,Preprocessed_Dataset/cmmd/cmmd_4976.jpg,test
0.52965707,0.72219,1.4937978,0.9561515,0,normal,Preprocessed_Dataset/kau-bcmd/kau-bcmd_783.jpg,test
1.6609426,1.9921267,1.3876556,0.9522373,0,normal,Preprocessed_Dataset/ddsm/ddsm_1231.jpg,test
1.668823,1.7364415,2.1962967,1.4508724,1,benign,Preprocessed_Dataset/ddsm/ddsm_7801.jpg,test
1.6418811,0.97714895,1.98388,1.3090842,1,benign,Preprocessed_Dataset/ddsm/ddsm_8164.jpg,test
2.2105372,0.57566416,1.2412881,2.0119138,2,malignant,Preprocessed_Dataset/ddsm/ddsm_3458.jpg,test
1.5015101,0.8203844,2.3795764,1.3185179,1,benign,Preprocessed_Dataset/ddsm/ddsm_7352.jpg,test
0.47975093,0.8089807,1.4216669,1.0151552,2,malignant,Preprocessed_Dataset/cmmd/cmmd_3955.jpg,test
1.4424956,1.4284719,2.4902554,1.5225726,0,normal,Preprocessed_Dataset/ddsm/ddsm_225.jpg,test
2.205935,1.7502109,2.3871436,1.0292403,1,benign,Preprocessed_Dataset/ddsm/ddsm_8581.jpg,test
0.65032935,0.7931867,1.8067505,0.70408183,0,normal,Preprocessed_Dataset/kau-bcmd/kau-bcmd_86.jpg,test
0.19012296,1.5654433,1.445517,1.7255692,1,benign,Preprocessed_Dataset/cmmd/cmmd_404.jpg,test
1.1244453,2.065248,1.8736581,2.509272,1,benign,Preprocessed_Dataset/inbreast/inbreast_406.jpg,test
0.28555447,0.8053892,1.5785896,1.2042317,2,malignant,Preprocessed_Dataset/cmmd/cmmd_4565.jpg,test
1.8444788,0.8605648,2.39786,0.7223477,0,normal,Preprocessed_Dataset/ddsm/ddsm_1104.jpg,test
0.15625858,1.436655,1.4351827,1.6847897,2,malignant,Preprocessed_Dataset/cmmd/cmmd_1105.jpg,test
0.80936897,0.84267116,1.4445498,1.2328091,0,normal,Preprocessed_Dataset/kau-bcmd/kau-bcmd_1543.jpg,test
0.5505348,1.6099892,1.6159946,2.155255,0,normal,Preprocessed_Dataset/kau-bcmd/kau-bcmd_810.jpg,test
2.13701,0.4458819,1.1101892,1.4551835,0,normal,Preprocessed_Dataset/ddsm/ddsm_2446.jpg,test
2.0361667,0.6833945,2.1965723,1.5971327,0,normal,Preprocessed_Dataset/ddsm/ddsm_2356.jpg,test
1.2948153,0.41250485,1.564172,0.4032005,1,benign,Preprocessed_Dataset/inbreast/inbreast_407.jpg,test
0.31709653,0.828796,1.5465664,0.9572177,2,malignant,Preprocessed_Dataset/cmmd/cmmd_5102.jpg,test
1.8239992,0.9437138,2.2506223,1.4944832,2,malignant,Preprocessed_Dataset/ddsm/ddsm_5364.jpg,test
0.52479416,1.4850333,1.7617849,1.8192022,0,normal,Preprocessed_Dataset/kau-bcmd/kau-bcmd_541.jpg,test
1.2482461,0.853623,1.7529421,1.4416411,1,benign,Preprocessed_Dataset/ddsm/ddsm_9220.jpg,test
0.44071537,0.9340971,1.6689478,0.6689523,2,malignant,Preprocessed_Dataset/cmmd/cmmd_4510.jpg,test
2.0058906,2.4089956,1.7160631,1.3508201,0,normal,Preprocessed_Dataset/ddsm/ddsm_2569.jpg,test
2.2683613,2.134706,1.8832629,1.0266622,0,normal,Preprocessed_Dataset/ddsm/ddsm_2153.jpg,test
1.463056,1.7852876,2.0749142,1.8461069,1,benign,Preprocessed_Dataset/ddsm/ddsm_7945.jpg,test
0.21220398,0.871547,1.4696493,1.3243738,2,malignant,Preprocessed_Dataset/cmmd/cmmd_3873.jpg,test
1.7814624,0.7333716,1.7312967,0.8700285,0,normal,Preprocessed_Dataset/ddsm/ddsm_872.jpg,test
0.70189345,0.9027276,2.0148897,1.0263039,2,malignant,Preprocessed_Dataset/cmmd/cmmd_2103.jpg,test
0.5620182,1.7393825,1.4496129,1.986872,2,malignant,Preprocessed_Dataset/cmmd/cmmd_1701.jpg,test
1.4267918,1.4855237,1.6639688,1.7543553,1,benign,Preprocessed_Dataset/ddsm/ddsm_9957.jpg,test
0.36942548,0.9033578,1.5225089,0.8658503,1,benign,Preprocessed_Dataset/cmmd/cmmd_2402.jpg,test
2.5356493,0.31762367,1.0423212,1.9308739,2,malignant,Preprocessed_Dataset/ddsm/ddsm_3150.jpg,test
2.0343003,0.73195785,2.345195,1.680323,2,malignant,Preprocessed_Dataset/ddsm/ddsm_3648.jpg,test
1.8254771,1.5572408,1.6087945,0.84057945,0,normal,Preprocessed_Dataset/ddsm/ddsm_2349.jpg,test
0.19656491,1.5156407,1.4355856,1.8249154,1,benign,Preprocessed_Dataset/cmmd/cmmd_41.jpg,test
2.0675907,1.9817822,2.4005957,1.8709403,1,benign,Preprocessed_Dataset/ddsm/ddsm_6789.jpg,test
2.1011949,2.3728502,1.9847625,1.3320512,1,benign,Preprocessed_Dataset/ddsm/ddsm_7089.jpg,test
2.0549786,0.48636186,1.2417102,1.9815644,2,malignant,Preprocessed_Dataset/ddsm/ddsm_4014.jpg,test
2.3541808,0.30588722,1.2459047,2.10235,1,benign,Preprocessed_Dataset/ddsm/ddsm_7226.jpg,test
1.7756208,0.9052146,2.4632154,1.0004578,1,benign,Preprocessed_Dataset/ddsm/ddsm_9432.jpg,test
1.579448,2.025664,1.607499,2.0330148,2,malignant,Preprocessed_Dataset/ddsm/ddsm_5613.jpg,test
0.5812593,0.5204797,1.0046039,1.2056997,0,normal,Preprocessed_Dataset/dmid/dmid_349.jpg,test
1.8596615,0.5998402,1.4927708,1.1025912,2,malignant,Preprocessed_Dataset/ddsm/ddsm_5892.jpg,test
2.2429955,1.9732068,1.1591358,1.6028972,0,normal,Preprocessed_Dataset/ddsm/ddsm_1083.jpg,test
1.4924406,2.0004406,1.9811686,1.8172668,2,malignant,Preprocessed_Dataset/ddsm/ddsm_4593.jpg,test
0.2948755,1.5870694,1.6301006,2.0241544,0,normal,Preprocessed_Dataset/kau-bcmd/kau-bcmd_1884.jpg,test
2.0486584,0.6241972,1.525319,2.197506,0,normal,Preprocessed_Dataset/ddsm/ddsm_2614.jpg,test
0.43410897,0.84688926,1.7381473,0.9103453,0,normal,Preprocessed_Dataset/kau-bcmd/kau-bcmd_724.jpg,test
0.35660493,1.5619419,1.7067908,2.0961766,0,normal,Preprocessed_Dataset/kau-bcmd/kau-bcmd_8.jpg,test
1.9862134,0.5020583,1.2817314,1.8221056,1,benign,Preprocessed_Dataset/ddsm/ddsm_7854.jpg,test
0.8988673,0.62092555,1.3239608,0.9685682,0,normal,Preprocessed_Dataset/kau-bcmd/kau-bcmd_1611.jpg,test
0.24596417,0.85201263,1.6440659,1.2422904,2,malignant,Preprocessed_Dataset/cmmd/cmmd_4002.jpg,test
2.0204232,0.50141627,0.71989006,1.7475815,1,benign,Preprocessed_Dataset/ddsm/ddsm_6630.jpg,test
1.7564242,0.48234212,0.25270283,1.5443951,1,benign,Preprocessed_Dataset/ddsm/ddsm_8034.jpg,test
0.5311295,0.74349,1.3370615,1.1149107,0,normal,Preprocessed_Dataset/kau-bcmd/kau-bcmd_2162.jpg,test
0.17250705,0.87645054,1.4295212,1.4271727,2,malignant,Preprocessed_Dataset/cmmd/cmmd_4085.jpg,test
2.0087156,0.8287764,2.5415344,1.4975225,2,malignant,Preprocessed_Dataset/ddsm/ddsm_3616.jpg,test
0.10538781,1.4268103,1.4875538,1.5637617,2,malignant,Preprocessed_Dataset/cmmd/cmmd_1745.jpg,test
2.4397936,0.6011552,1.2962601,1.8031383,0,normal,Preprocessed_Dataset/ddsm/ddsm_510.jpg,test
1.1538019,1.1488316,1.9954817,0.9223433,1,benign,Preprocessed_Dataset/cdd-cesm/cdd-cesm_362.jpg,test
1.5835917,2.1167445,0.4742514,1.0571922,2,malignant,Preprocessed_Dataset/ddsm/ddsm_3919.jpg,test
1.4726701,1.8123006,1.2186849,1.4714246,1,benign,Preprocessed_Dataset/ddsm/ddsm_8369.jpg,test
1.8000113,2.1910844,0.95821476,0.9213928,2,malignant,Preprocessed_Dataset/ddsm/ddsm_3127.jpg,test
1.7800264,2.2792568,0.9178995,1.3107911,0,normal,Preprocessed_Dataset/ddsm/ddsm_379.jpg,test
1.8831611,1.816193,2.3719893,1.483449,2,malignant,Preprocessed_Dataset/ddsm/ddsm_4157.jpg,test
2.143697,1.8847656,2.2594647,1.0125928,2,malignant,Preprocessed_Dataset/ddsm/ddsm_5125.jpg,test
0.3006925,1.6222132,1.5522752,1.7263747,2,malignant,Preprocessed_Dataset/cmmd/cmmd_3161.jpg,test
2.0596094,0.16148627,1.917854,1.7055733,0,normal,Preprocessed_Dataset/ddsm/ddsm_992.jpg,test
1.7720416,1.9336226,2.4263878,1.8369164,0,normal,Preprocessed_Dataset/ddsm/ddsm_293.jpg,test
0.23596108,0.9129348,1.7381395,1.1364254,0,normal,Preprocessed_Dataset/kau-bcmd/kau-bcmd_1551.jpg,test
1.8124306,2.0802922,1.8834022,1.538153,0,normal,Preprocessed_Dataset/ddsm/ddsm_1593.jpg,test
2.2050512,0.88148344,2.3955903,1.6991991,1,benign,Preprocessed_Dataset/ddsm/ddsm_8752.jpg,test
2.4316273,2.2970119,1.8241806,0.82742995,2,malignant,Preprocessed_Dataset/ddsm/ddsm_5723.jpg,test
1.9562922,1.7564659,1.9543415,1.3785692,2,malignant,Preprocessed_Dataset/ddsm/ddsm_6297.jpg,test
2.6672142,0.44172448,1.0560379,2.179571,2,malignant,Preprocessed_Dataset/ddsm/ddsm_5078.jpg,test
0.36100078,1.773092,1.1561081,1.7828646,1,benign,Preprocessed_Dataset/inbreast/inbreast_395.jpg,test
1.0512692,1.4771166,1.6885792,1.5004964,2,malignant,Preprocessed_Dataset/cdd-cesm/cdd-cesm_960.jpg,test
1.9256182,0.6195241,1.6661956,1.1314709,0,normal,Preprocessed_Dataset/ddsm/ddsm_1484.jpg,test
0.16695142,1.5194337,1.4699885,1.7005421,2,malignant,Preprocessed_Dataset/cmmd/cmmd_1454.jpg,test
0.18276191,1.564785,1.3330985,1.6370599,2,malignant,Preprocessed_Dataset/cmmd/cmmd_227.jpg,test
0.25957698,1.0697036,1.75162,0.903635,0,normal,Preprocessed_Dataset/kau-bcmd/kau-bcmd_583.jpg,test
1.5181125,0.6604968,1.600721,1.8107051,2,malignant,Preprocessed_Dataset/ddsm/ddsm_3310.jpg,test
0.22527742,1.5538733,1.3541473,1.7362466,2,malignant,Preprocessed_Dataset/cmmd/cmmd_1059.jpg,test
2.3159747,0.53345954,1.4473414,2.1950352,1,benign,Preprocessed_Dataset/ddsm/ddsm_8986.jpg,test
0.3591178,1.2846543,1.7615805,1.405108,1,benign,Preprocessed_Dataset/kau-bcmd/kau-bcmd_614.jpg,test
1.5934235,1.268205,1.7671869,0.9076612,2,malignant,Preprocessed_Dataset/cdd-cesm/cdd-cesm_357.jpg,test
1.5235853,1.6650118,1.7715409,1.4749378,2,malignant,Preprocessed_Dataset/cdd-cesm/cdd-cesm_814.jpg,test
1.413798,1.6446996,1.7479272,1.3188093,2,malignant,Preprocessed_Dataset/ddsm/ddsm_3925.jpg,test
0.2965017,0.78631514,1.3706337,1.2609355,1,benign,Preprocessed_Dataset/cmmd/cmmd_169.jpg,test
1.7198122,0.7205825,1.5005747,2.0669935,2,malignant,Preprocessed_Dataset/ddsm/ddsm_5534.jpg,test
0.16322517,0.9109323,1.6355627,1.2778566,0,normal,Preprocessed_Dataset/kau-bcmd/kau-bcmd_507.jpg,test
0.12359512,1.411293,1.4681352,1.6569977,2,malignant,Preprocessed_Dataset/cmmd/cmmd_71.jpg,test
1.541614,1.0184014,2.0299633,1.4406178,2,malignant,Preprocessed_Dataset/ddsm/ddsm_3468.jpg,test
1.9490037,2.3319192,1.1461763,1.19595,0,normal,Preprocessed_Dataset/ddsm/ddsm_1155.jpg,test
2.4787076,0.38423616,1.4461452,2.0727105,2,malignant,Preprocessed_Dataset/ddsm/ddsm_5290.jpg,test
1.7557642,2.507578,1.377234,1.9262865,0,normal,Preprocessed_Dataset/ddsm/ddsm_487.jpg,test
2.4854143,1.5849494,1.1543742,0.90484595,2,malignant,Preprocessed_Dataset/cdd-cesm/cdd-cesm_854.jpg,test
1.7994604,1.8769377,2.4531481,2.2238696,2,malignant,Preprocessed_Dataset/ddsm/ddsm_5385.jpg,test
0.1287055,1.4351654,1.4518623,1.5962932,2,malignant,Preprocessed_Dataset/cmmd/cmmd_927.jpg,test
0.098866224,1.3872906,1.4871031,1.4744413,2,malignant,Preprocessed_Dataset/cmmd/cmmd_2542.jpg,test
1.6374395,2.129393,1.9061477,2.0857112,1,benign,Preprocessed_Dataset/ddsm/ddsm_8217.jpg,test
1.8703902,2.3427114,0.99642277,1.0488608,0,normal,Preprocessed_Dataset/ddsm/ddsm_1527.jpg,test
2.171051,0.42927372,1.6486908,2.5428796,1,benign,Preprocessed_Dataset/ddsm/ddsm_10272.jpg,test
0.45810437,1.648233,1.6498458,2.1338654,0,normal,Preprocessed_Dataset/kau-bcmd/kau-bcmd_1569.jpg,test
2.0342784,1.8603084,2.7559206,1.6268393,0,normal,Preprocessed_Dataset/ddsm/ddsm_729.jpg,test
1.1898059,1.529415,1.889976,1.6756173,2,malignant,Preprocessed_Dataset/ddsm/ddsm_4825.jpg,test
2.4606218,0.5918849,0.4869846,1.9975262,2,malignant,Preprocessed_Dataset/ddsm/ddsm_6018.jpg,test
0.4026276,0.76887035,1.6518598,0.9568318,0,normal,Preprocessed_Dataset/kau-bcmd/kau-bcmd_767.jpg,test
0.4475522,1.5322986,1.4887415,1.7678454,2,malignant,Preprocessed_Dataset/cmmd/cmmd_257.jpg,test
1.0680765,0.1878339,0.92906487,1.0848495,0,normal,Preprocessed_Dataset/inbreast/inbreast_208.jpg,test
0.33637482,1.2686386,1.7200785,1.4055756,1,benign,Preprocessed_Dataset/kau-bcmd/kau-bcmd_886.jpg,test
1.7568331,1.8520212,1.6367716,0.91326624,1,benign,Preprocessed_Dataset/ddsm/ddsm_9091.jpg,test
1.9568291,0.51081544,1.376544,2.2324336,2,malignant,Preprocessed_Dataset/ddsm/ddsm_5190.jpg,test
1.6941848,0.64942575,1.9907128,0.28668487,2,malignant,Preprocessed_Dataset/ddsm/ddsm_3728.jpg,test
1.8409777,1.1465566,2.3068488,1.1917565,1,benign,Preprocessed_Dataset/ddsm/ddsm_9948.jpg,test
2.1727219,0.42596722,1.4823499,1.4337757,1,benign,Preprocessed_Dataset/ddsm/ddsm_8804.jpg,test
0.17614317,1.5282774,1.4666007,1.7194909,2,malignant,Preprocessed_Dataset/cmmd/cmmd_1652.jpg,test
1.5434808,2.2174587,1.526002,1.4575399,0,normal,Preprocessed_Dataset/ddsm/ddsm_1521.jpg,test
1.2781314,1.2966201,2.1138558,1.1639254,2,malignant,Preprocessed_Dataset/cdd-cesm/cdd-cesm_696.jpg,test
1.7587938,0.93950725,2.1751676,1.0123074,0,normal,Preprocessed_Dataset/ddsm/ddsm_36.jpg,test
0.43876773,0.66545033,1.3685776,1.1817038,2,malignant,Preprocessed_Dataset/cmmd/cmmd_3559.jpg,test
0.58976924,2.053764,1.3127046,1.8741441,0,normal,Preprocessed_Dataset/dmid/dmid_193.jpg,test
0.18945158,1.2416414,1.6565756,1.4116111,1,benign,Preprocessed_Dataset/kau-bcmd/kau-bcmd_1307.jpg,test
2.1777987,0.6949562,2.729599,1.3432776,2,malignant,Preprocessed_Dataset/ddsm/ddsm_5280.jpg,test
0.7819551,0.7822385,1.8108381,0.7495523,0,normal,Preprocessed_Dataset/kau-bcmd/kau-bcmd_1624.jpg,test
1.6695889,1.868295,1.8685961,1.045037,2,malignant,Preprocessed_Dataset/ddsm/ddsm_6043.jpg,test
0.9157216,1.5515131,1.7093267,1.2272011,0,normal,Preprocessed_Dataset/cdd-cesm/cdd-cesm_640.jpg,test
0.621293,1.5190828,1.9563758,1.8396978,2,malignant,Preprocessed_Dataset/cmmd/cmmd_2616.jpg,test
1.9378597,0.4062742,0.2485925,1.4469309,1,benign,Preprocessed_Dataset/ddsm/ddsm_6446.jpg,test
0.374341,0.8566284,1.4660797,0.86665547,2,malignant,Preprocessed_Dataset/cmmd/cmmd_4054.jpg,test
0.8993449,0.5315565,1.627357,0.5828179,0,normal,Preprocessed_Dataset/dmid/dmid_237.jpg,test
1.7256658,1.9439485,1.4997399,0.72747475,1,benign,Preprocessed_Dataset/ddsm/ddsm_9459.jpg,test
2.0382943,0.6904628,2.0165684,-0.061929584,2,malignant,Preprocessed_Dataset/ddsm/ddsm_3088.jpg,test
1.5378325,1.7768052,1.754182,1.9763663,2,malignant,Preprocessed_Dataset/ddsm/ddsm_5817.jpg,test
0.20457208,1.4667598,1.4581944,1.7850394,2,malignant,Preprocessed_Dataset/cmmd/cmmd_1070.jpg,test
0.60284305,0.8311447,1.7066275,0.7610703,0,normal,Preprocessed_Dataset/kau-bcmd/kau-bcmd_1684.jpg,test
2.4277563,0.59274083,1.0084995,2.0545661,0,normal,Preprocessed_Dataset/ddsm/ddsm_2078.jpg,test
1.7673725,1.7193565,1.815297,1.110234,1,benign,Preprocessed_Dataset/ddsm/ddsm_9893.jpg,test
0.14477026,0.9324895,1.4804889,1.3584132,0,normal,Preprocessed_Dataset/kau-bcmd/kau-bcmd_2123.jpg,test
0.21181905,0.90270525,1.6346464,1.1558509,0,normal,Preprocessed_Dataset/kau-bcmd/kau-bcmd_1607.jpg,test
1.6831237,0.9199662,1.8591212,1.2852573,1,benign,Preprocessed_Dataset/ddsm/ddsm_7688.jpg,test
0.37159324,0.70687747,1.31786,1.2906336,2,malignant,Preprocessed_Dataset/cmmd/cmmd_4306.jpg,test
2.4842162,0.4578858,1.387348,2.3220582,2,malignant,Preprocessed_Dataset/ddsm/ddsm_3746.jpg,test
1.4710612,1.7846916,1.994778,1.3657323,0,normal,Preprocessed_Dataset/ddsm/ddsm_2553.jpg,test
1.7638355,0.7984674,1.5580453,0.82594895,1,benign,Preprocessed_Dataset/ddsm/ddsm_7188.jpg,test
2.160152,0.57070285,1.7077279,1.2845688,1,benign,Preprocessed_Dataset/ddsm/ddsm_8904.jpg,test
1.7781479,1.7454165,2.2931325,1.7623132,0,normal,Preprocessed_Dataset/ddsm/ddsm_2485.jpg,test
0.21624231,0.9262301,1.4988173,1.1475663,1,benign,Preprocessed_Dataset/cmmd/cmmd_3555.jpg,test
0.6573029,1.5747958,1.945434,1.9474201,2,malignant,Preprocessed_Dataset/cmmd/cmmd_3487.jpg,test
0.9283845,1.4817127,1.6744602,1.2829685,2,malignant,Preprocessed_Dataset/cdd-cesm/cdd-cesm_477.jpg,test
2.4079342,0.63870853,1.6443628,1.5500816,2,malignant,Preprocessed_Dataset/ddsm/ddsm_6296.jpg,test
0.32839173,0.8491523,1.5022964,0.9665534,0,normal,Preprocessed_Dataset/kau-bcmd/kau-bcmd_632.jpg,test
0.54721,0.6312858,1.6989734,0.7420175,1,benign,Preprocessed_Dataset/cmmd/cmmd_2435.jpg,test
2.1360326,0.4525258,0.5605694,1.442079,1,benign,Preprocessed_Dataset/ddsm/ddsm_10298.jpg,test
0.26026684,1.5360091,1.5105209,2.0102098,2,malignant,Preprocessed_Dataset/cmmd/cmmd_1552.jpg,test
2.1774838,2.1485956,1.3166246,0.7007798,0,normal,Preprocessed_Dataset/ddsm/ddsm_1531.jpg,test
1.5348413,0.47305906,2.0688076,0.7515,1,benign,Preprocessed_Dataset/ddsm/ddsm_7668.jpg,test
1.3199521,1.9464529,0.7427294,0.8388856,2,malignant,Preprocessed_Dataset/ddsm/ddsm_5439.jpg,test
2.3460903,0.5237194,0.65725034,1.8453947,1,benign,Preprocessed_Dataset/ddsm/ddsm_7146.jpg,test
0.31644863,0.72806686,1.5246192,1.2814373,2,malignant,Preprocessed_Dataset/cmmd/cmmd_59.jpg,test
0.13590217,1.4264208,1.5116247,1.6607193,1,benign,Preprocessed_Dataset/cmmd/cmmd_522.jpg,test
1.4256021,1.6708208,1.3360487,0.96052593,1,benign,Preprocessed_Dataset/ddsm/ddsm_9801.jpg,test
1.8795806,0.49965078,0.6558024,1.5116922,1,benign,Preprocessed_Dataset/ddsm/ddsm_9602.jpg,test
0.1452403,1.5474961,1.4448993,1.5321491,2,malignant,Preprocessed_Dataset/cmmd/cmmd_268.jpg,test
0.22422361,0.8874819,1.4276402,1.3168541,2,malignant,Preprocessed_Dataset/cmmd/cmmd_3798.jpg,test
0.33636916,1.4171975,1.7581937,2.0478966,2,malignant,Preprocessed_Dataset/cmmd/cmmd_3188.jpg,test
1.594512,2.2281303,2.1982229,1.8382912,2,malignant,Preprocessed_Dataset/ddsm/ddsm_5137.jpg,test
1.1774939,1.4032083,1.5764385,1.095512,0,normal,Preprocessed_Dataset/cdd-cesm/cdd-cesm_528.jpg,test
0.12445712,1.39453,1.4265683,1.5783937,2,malignant,Preprocessed_Dataset/cmmd/cmmd_337.jpg,test
0.49090266,0.8431976,1.573594,0.73541856,0,normal,Preprocessed_Dataset/kau-bcmd/kau-bcmd_2107.jpg,test
1.9277639,0.42530268,0.92900497,1.2913548,1,benign,Preprocessed_Dataset/ddsm/ddsm_9638.jpg,test
0.26988566,0.84668994,1.6392591,1.0388347,1,benign,Preprocessed_Dataset/cmmd/cmmd_2351.jpg,test
0.99791425,0.8002775,1.9683567,0.90757704,0,normal,Preprocessed_Dataset/kau-bcmd/kau-bcmd_483.jpg,test
2.1298773,0.50975114,1.1798261,1.9057857,1,benign,Preprocessed_Dataset/ddsm/ddsm_7326.jpg,test
2.3704507,0.18263614,0.4193014,1.6268526,0,normal,Preprocessed_Dataset/ddsm/ddsm_898.jpg,test
1.8872658,0.98497796,1.5763303,0.7422843,1,benign,Preprocessed_Dataset/ddsm/ddsm_9976.jpg,test
2.0761986,0.63613814,2.2145875,1.6331171,1,benign,Preprocessed_Dataset/ddsm/ddsm_7384.jpg,test
2.4667144,0.5940633,1.5834866,2.2736905,2,malignant,Preprocessed_Dataset/ddsm/ddsm_6376.jpg,test
2.1866608,0.28842205,0.9169494,1.6887965,1,benign,Preprocessed_Dataset/ddsm/ddsm_10174.jpg,test
1.1009303,0.32461524,1.6751385,1.1608821,2,malignant,Preprocessed_Dataset/ddsm/ddsm_4216.jpg,test
1.4178284,1.1887703,2.115851,1.0213923,1,benign,Preprocessed_Dataset/ddsm/ddsm_10396.jpg,test
0.12053132,1.5082757,1.6123238,1.5525086,2,malignant,Preprocessed_Dataset/cmmd/cmmd_1714.jpg,test
0.2591914,1.555921,1.7752091,1.9085486,0,normal,Preprocessed_Dataset/kau-bcmd/kau-bcmd_705.jpg,test
0.29275322,1.5419067,1.542958,1.9657028,0,normal,Preprocessed_Dataset/kau-bcmd/kau-bcmd_1653.jpg,test
0.8815191,0.73443234,1.4401377,0.7581992,0,normal,Preprocessed_Dataset/kau-bcmd/kau-bcmd_627.jpg,test
