pc1,pc2,pc3,pc4,label,label_name,filename,source_dataset,split
1.3741584,1.4302106,1.0099919,1.2765746,2,malignant,Preprocessed_Dataset/ddsm/ddsm_3846.jpg,ddsm,train
1.4517308,2.235187,2.1620727,2.1927602,2,malignant,Preprocessed_Dataset/cmmd/cmmd_2094.jpg,cmmd,train
2.858892,1.3211865,2.7430065,1.9295464,0,normal,Preprocessed_Dataset/ddsm/ddsm_1906.jpg,ddsm,train
3.0940368,1.116471,2.8675368,1.8780549,0,normal,Preprocessed_Dataset/ddsm/ddsm_1186.jpg,ddsm,train
1.098464,1.4970628,0.7672334,1.3797548,1,benign,Preprocessed_Dataset/ddsm/ddsm_6501.jpg,ddsm,train
1.8880224,1.8579712,2.3285663,2.1170115,2,malignant,Preprocessed_Dataset/ddsm/ddsm_5402.jpg,ddsm,train
1.7728741,0.6003934,0.3804438,0.52235544,1,benign,Preprocessed_Dataset/cmmd/cmmd_2373.jpg,cmmd,train
1.3981978,2.6680286,2.316958,2.5923626,2,malignant,Preprocessed_Dataset/ddsm/ddsm_5117.jpg,ddsm,train
2.6765816,1.250601,2.7387307,1.8328398,0,normal,Preprocessed_Dataset/ddsm/ddsm_750.jpg,ddsm,train
1.0595226,1.4843333,0.73512316,1.1888258,1,benign,Preprocessed_Dataset/ddsm/ddsm_10359.jpg,ddsm,train
1.5894862,2.2846599,2.234439,2.210098,2,malignant,Preprocessed_Dataset/cmmd/cmmd_4088.jpg,cmmd,train
1.0297695,1.3543713,0.62563944,0.7588724,1,benign,Preprocessed_Dataset/cdd-cesm/cdd-cesm_465.jpg,cdd-cesm,train
1.4723074,2.6659732,2.4014468,2.6142259,2,malignant,Preprocessed_Dataset/ddsm/ddsm_3837.jpg,ddsm,train
2.7275903,1.1205015,2.5442176,1.2889712,0,normal,Preprocessed_Dataset/cdd-cesm/cdd-cesm_213.jpg,cdd-cesm,train
2.1271107,1.5349541,2.2070436,1.6824538,2,malignant,Preprocessed_Dataset/ddsm/ddsm_6231.jpg,ddsm,train
1.2521502,2.2242951,1.8722993,2.172606,2,malignant,Preprocessed_Dataset/ddsm/ddsm_4909.jpg,ddsm,train
1.1381205,1.6938026,0.3917315,0.6638371,1,benign,Preprocessed_Dataset/inbreast/inbreast_57.jpg,inbreast,train
2.7852392,1.1112903,2.5975764,1.7592627,0,normal,Preprocessed_Dataset/ddsm/ddsm_2233.jpg,ddsm,train
1.6794113,2.2233453,2.2643669,2.1927483,2,malignant,Preprocessed_Dataset/cmmd/cmmd_262.jpg,cmmd,train
1.2399876,2.8243613,2.1730664,2.736043,2,malignant,Preprocessed_Dataset/ddsm/ddsm_5817.jpg,ddsm,train
1.4847419,2.656836,2.4200478,2.6413155,2,malignant,Preprocessed_Dataset/ddsm/ddsm_4328.jpg,ddsm,train
1.3841877,1.8609746,1.8672956,1.807821,2,malignant,Preprocessed_Dataset/cmmd/cmmd_1253.jpg,cmmd,train
1.4399409,2.2908535,2.2578564,2.1927834,2,malignant,Preprocessed_Dataset/cmmd/cmmd_3226.jpg,cmmd,train
0.9075456,2.200467,1.1144222,1.910928,2,malignant,Preprocessed_Dataset/ddsm/ddsm_4121.jpg,ddsm,train
1.3350999,2.6352696,2.2492292,2.4880452,2,malignant,Preprocessed_Dataset/ddsm/ddsm_4730.jpg,ddsm,train
1.2372417,2.7370372,2.341542,2.6912525,2,malignant,Preprocessed_Dataset/ddsm/ddsm_4156.jpg,ddsm,train
1.5049493,2.1666822,2.2052648,2.1018937,2,malignant,Preprocessed_Dataset/cmmd/cmmd_1139.jpg,cmmd,train
1.7225556,2.3005052,2.3723493,2.3069685,2,malignant,Preprocessed_Dataset/cmmd/cmmd_4336.jpg,cmmd,train
1.1268697,1.4992261,0.79142976,1.3833973,1,benign,Preprocessed_Dataset/ddsm/ddsm_7035.jpg,ddsm,train
1.2598112,2.712523,2.4072204,2.5168257,2,malignant,Preprocessed_Dataset/ddsm/ddsm_4952.jpg,ddsm,train
1.3043648,2.633152,2.1534524,2.5969727,2,malignant,Preprocessed_Dataset/ddsm/ddsm_5211.jpg,ddsm,train
2.741412,1.208823,2.54699,1.742895,0,normal,Preprocessed_Dataset/ddsm/ddsm_1705.jpg,ddsm,train
2.538965,1.4277868,2.7165387,1.5395808,0,normal,Preprocessed_Dataset/cdd-cesm/cdd-cesm_828.jpg,cdd-cesm,train
2.7994952,1.2693812,2.5075517,1.9091336,0,normal,Preprocessed_Dataset/ddsm/ddsm_2166.jpg,ddsm,train
1.6103201,2.324572,2.3241487,2.276368,2,malignant,Preprocessed_Dataset/cmmd/cmmd_4745.jpg,cmmd,train
2.881218,1.2759315,2.8325462,1.966609,0,normal,Preprocessed_Dataset/ddsm/ddsm_232.jpg,ddsm,train
1.3997059,1.761584,1.3514662,1.7147132,2,malignant,Preprocessed_Dataset/ddsm/ddsm_3149.jpg,ddsm,train
1.2409562,2.4441595,2.157485,2.5653358,2,malignant,Preprocessed_Dataset/ddsm/ddsm_5623.jpg,ddsm,train
1.2819309,1.334306,0.99014455,1.2872016,1,benign,Preprocessed_Dataset/ddsm/ddsm_8920.jpg,ddsm,train
1.3577989,2.6761358,2.261643,2.5911016,2,malignant,Preprocessed_Dataset/ddsm/ddsm_5423.jpg,ddsm,train
2.8562675,0.9827635,2.6693995,1.689451,0,normal,Preprocessed_Dataset/ddsm/ddsm_1866.jpg,ddsm,train
2.7870708,1.0444309,2.5447083,1.0873374,0,normal,Preprocessed_Dataset/cdd-cesm/cdd-cesm_95.jpg,cdd-cesm,train
1.0793103,1.6263876,0.66009843,1.5063753,1,benign,Preprocessed_Dataset/ddsm/ddsm_10018.jpg,ddsm,train
1.0809348,1.432747,0.7949985,1.326641,1,benign,Preprocessed_Dataset/ddsm/ddsm_6907.jpg,ddsm,train
1.1707323,1.4763769,0.77970386,1.2648457,1,benign,Preprocessed_Dataset/ddsm/ddsm_9800.jpg,ddsm,train
0.9122974,1.635362,0.6383432,1.2404375,1,benign,Preprocessed_Dataset/ddsm/ddsm_10111.jpg,ddsm,train
1.3023844,2.693038,2.2356606,2.6208742,2,malignant,Preprocessed_Dataset/ddsm/ddsm_6310.jpg,ddsm,train
1.8559424,1.6966842,1.9397483,1.7806432,2,malignant,Preprocessed_Dataset/ddsm/ddsm_5834.jpg,ddsm,train
1.8495411,0.28596282,0.26905203,0.22544694,1,benign,Preprocessed_Dataset/cmmd/cmmd_3894.jpg,cmmd,train
2.080779,1.4516625,1.9217318,1.7935574,1,benign,Preprocessed_Dataset/ddsm/ddsm_6964.jpg,ddsm,train
2.7396636,1.3123322,2.841951,1.875347,0,normal,Preprocessed_Dataset/ddsm/ddsm_1975.jpg,ddsm,train
2.6524348,1.1590979,2.4508562,1.7394822,0,normal,Preprocessed_Dataset/ddsm/ddsm_2607.jpg,ddsm,train
0.49784648,1.3486185,0.5371381,1.4638088,1,benign,Preprocessed_Dataset/dmid/dmid_287.jpg,dmid,train
1.0789589,1.4012649,0.76290756,1.3095796,1,benign,Preprocessed_Dataset/ddsm/ddsm_6789.jpg,ddsm,train
2.3662682,1.2800566,2.1950035,1.7359438,0,normal,Preprocessed_Dataset/ddsm/ddsm_1795.jpg,ddsm,train
2.7282014,1.3607366,2.7847283,1.976858,0,normal,Preprocessed_Dataset/ddsm/ddsm_1662.jpg,ddsm,train
1.2894635,1.2839019,0.7493743,0.44956923,1,benign,Preprocessed_Dataset/cdd-cesm/cdd-cesm_32.jpg,cdd-cesm,train
2.7201676,1.1944995,2.5313299,1.729728,0,normal,Preprocessed_Dataset/ddsm/ddsm_2322.jpg,ddsm,train
1.3993585,2.6650357,2.306293,2.491126,2,malignant,Preprocessed_Dataset/ddsm/ddsm_2998.jpg,ddsm,train
1.7710261,1.3980205,1.4708036,1.5170428,2,malignant,Preprocessed_Dataset/ddsm/ddsm_4653.jpg,ddsm,train
1.1520755,1.5855896,0.7459426,1.4460877,1,benign,Preprocessed_Dataset/ddsm/ddsm_9126.jpg,ddsm,train
1.543424,0.91316116,0.7784893,0.82130754,1,benign,Preprocessed_Dataset/cmmd/cmmd_30.jpg,cmmd,train
2.5666747,1.3005674,2.4593189,1.7729892,0,normal,Preprocessed_Dataset/ddsm/ddsm_51.jpg,ddsm,train
1.1145618,1.2413225,0.6013553,0.965504,1,benign,Preprocessed_Dataset/ddsm/ddsm_8250.jpg,ddsm,train
1.5658501,2.3590045,2.2759106,2.3130372,2,malignant,Preprocessed_Dataset/cmmd/cmmd_1132.jpg,cmmd,train
1.1425905,2.0791788,1.4109037,1.9981194,1,benign,Preprocessed_Dataset/ddsm/ddsm_6834.jpg,ddsm,train
1.1453979,1.4991436,0.8478457,1.2385643,1,benign,Preprocessed_Dataset/ddsm/ddsm_8921.jpg,ddsm,train
1.1186163,1.6135486,0.7007092,1.4152035,1,benign,Preprocessed_Dataset/ddsm/ddsm_9562.jpg,ddsm,train
1.2705761,2.6297174,2.3341312,2.4930959,2,malignant,Preprocessed_Dataset/ddsm/ddsm_5723.jpg,ddsm,train
2.8609629,1.0941594,2.6556435,1.719475,0,normal,Preprocessed_Dataset/ddsm/ddsm_1004.jpg,ddsm,train
2.7523685,1.2541897,2.71998,1.6924521,0,normal,Preprocessed_Dataset/ddsm/ddsm_1993.jpg,ddsm,train
1.238517,1.4253665,0.76351905,1.3229241,1,benign,Preprocessed_Dataset/ddsm/ddsm_7354.jpg,ddsm,train
1.0478814,1.5215303,0.9906914,1.3046236,1,benign,Preprocessed_Dataset/ddsm/ddsm_9300.jpg,ddsm,train
1.0701293,1.4797155,0.57595456,1.1803768,1,benign,Preprocessed_Dataset/ddsm/ddsm_9957.jpg,ddsm,train
1.2094527,1.6674422,1.0265133,1.5093876,1,benign,Preprocessed_Dataset/ddsm/ddsm_7123.jpg,ddsm,train
1.062829,1.4506302,0.86740464,1.317044,1,benign,Preprocessed_Dataset/ddsm/ddsm_8253.jpg,ddsm,train
1.0055509,1.4196174,0.6221111,1.1917248,1,benign,Preprocessed_Dataset/ddsm/ddsm_7883.jpg,ddsm,train
1.623937,2.5372746,2.6527357,2.5690043,2,malignant,Preprocessed_Dataset/cmmd/cmmd_3040.jpg,cmmd,train
2.9879477,1.265999,2.7589304,1.9483038,0,normal,Preprocessed_Dataset/ddsm/ddsm_670.jpg,ddsm,train
1.3277389,2.0344474,1.9719485,2.0233688,2,malignant,Preprocessed_Dataset/cmmd/cmmd_2988.jpg,cmmd,train
1.5176607,2.258038,2.2160702,2.2372017,2,malignant,Preprocessed_Dataset/cmmd/cmmd_2675.jpg,cmmd,train
1.1839168,1.7179496,0.9745271,1.5812428,0,normal,Preprocessed_Dataset/ddsm/ddsm_38.jpg,ddsm,train
1.7050388,1.3396972,1.450856,1.5486655,0,normal,Preprocessed_Dataset/ddsm/ddsm_1989.jpg,ddsm,train
2.0718036,1.5524791,2.0845997,1.7993001,2,malignant,Preprocessed_Dataset/ddsm/ddsm_3682.jpg,ddsm,train
2.8486009,1.2234256,2.7697692,1.8919647,0,normal,Preprocessed_Dataset/ddsm/ddsm_1479.jpg,ddsm,train
1.1132803,1.5472927,0.6626073,1.321977,1,benign,Preprocessed_Dataset/ddsm/ddsm_7948.jpg,ddsm,train
1.6900883,0.4271413,0.49110556,0.3855108,1,benign,Preprocessed_Dataset/cmmd/cmmd_2479.jpg,cmmd,train
1.7282135,2.3434083,2.4194524,2.2098505,2,malignant,Preprocessed_Dataset/cmmd/cmmd_4079.jpg,cmmd,train
1.614439,2.2391596,2.2791402,2.1599748,2,malignant,Preprocessed_Dataset/cmmd/cmmd_292.jpg,cmmd,train
2.8892221,1.2256925,2.9812016,1.7216136,0,normal,Preprocessed_Dataset/ddsm/ddsm_2121.jpg,ddsm,train
2.6929514,1.2285147,2.6342883,1.3812231,0,normal,Preprocessed_Dataset/cdd-cesm/cdd-cesm_579.jpg,cdd-cesm,train
1.4973873,2.6905684,2.422446,2.633699,2,malignant,Preprocessed_Dataset/ddsm/ddsm_6194.jpg,ddsm,train
1.0610845,1.672137,1.0631843,1.4876624,1,benign,Preprocessed_Dataset/ddsm/ddsm_7224.jpg,ddsm,train
2.8186235,1.2112668,2.6159458,1.8416848,0,normal,Preprocessed_Dataset/ddsm/ddsm_2317.jpg,ddsm,train
1.4103467,2.5138893,2.2721798,2.5162532,2,malignant,Preprocessed_Dataset/ddsm/ddsm_4361.jpg,ddsm,train
1.0336661,1.8854166,0.53405046,0.8495368,1,benign,Preprocessed_Dataset/inbreast/inbreast_108.jpg,inbreast,train
2.899699,1.226701,2.8354468,1.9324145,0,normal,Preprocessed_Dataset/ddsm/ddsm_1147.jpg,ddsm,train
2.9168696,1.3503572,2.8252187,1.9920253,0,normal,Preprocessed_Dataset/ddsm/ddsm_2770.jpg,ddsm,train
2.782052,1.134017,2.6058862,1.6980575,0,normal,Preprocessed_Dataset/ddsm/ddsm_423.jpg,ddsm,train
1.1942785,1.7569052,0.70701945,0.9146788,1,benign,Preprocessed_Dataset/inbreast/inbreast_406.jpg,inbreast,train
2.6569142,1.2535403,2.580926,1.7532499,0,normal,Preprocessed_Dataset/ddsm/ddsm_2642.jpg,ddsm,train
2.6123066,1.22615,2.4841464,1.3931972,0,normal,Preprocessed_Dataset/cdd-cesm/cdd-cesm_733.jpg,cdd-cesm,train
1.4442748,2.6160097,2.4523745,2.7126684,2,malignant,Preprocessed_Dataset/ddsm/ddsm_2782.jpg,ddsm,train
1.2531525,1.5229623,1.0027189,1.4658641,1,benign,Preprocessed_Dataset/ddsm/ddsm_9037.jpg,ddsm,train
1.5908608,2.3101668,2.5311685,2.2580185,2,malignant,Preprocessed_Dataset/cmmd/cmmd_4482.jpg,cmmd,train
1.5587924,2.3658264,2.3115144,2.288557,2,malignant,Preprocessed_Dataset/cmmd/cmmd_3527.jpg,cmmd,train
2.4943075,1.3358397,2.443984,1.8543719,0,normal,Preprocessed_Dataset/ddsm/ddsm_1887.jpg,ddsm,train
1.4995733,2.213929,2.260311,2.219759,2,malignant,Preprocessed_Dataset/cmmd/cmmd_2938.jpg,cmmd,train
1.65491,2.3364844,2.3561702,2.2835755,2,malignant,Preprocessed_Dataset/cmmd/cmmd_2521.jpg,cmmd,train
1.2721165,1.4394583,0.7317946,1.2706891,1,benign,Preprocessed_Dataset/ddsm/ddsm_8025.jpg,ddsm,train
1.233613,2.6842022,1.9820559,2.455006,2,malignant,Preprocessed_Dataset/ddsm/ddsm_4917.jpg,ddsm,train
1.5716072,2.1971111,2.2051246,2.1720757,2,malignant,Preprocessed_Dataset/cmmd/cmmd_880.jpg,cmmd,train
1.4746636,2.0987706,2.1452155,2.0337794,2,malignant,Preprocessed_Dataset/cmmd/cmmd_1719.jpg,cmmd,train
1.5362564,1.3828228,1.5490751,1.4448578,2,malignant,Preprocessed_Dataset/cmmd/cmmd_3216.jpg,cmmd,train
0.94233125,1.9152329,0.8157678,1.599609,1,benign,Preprocessed_Dataset/ddsm/ddsm_6811.jpg,ddsm,train
2.7586336,1.1374674,2.534551,1.8433552,0,normal,Preprocessed_Dataset/ddsm/ddsm_1195.jpg,ddsm,train
2.6781845,1.2310778,2.594777,1.7455192,0,normal,Preprocessed_Dataset/ddsm/ddsm_1688.jpg,ddsm,train
2.3502905,1.3412693,2.1303275,1.6340086,0,normal,Preprocessed_Dataset/ddsm/ddsm_276.jpg,ddsm,train
1.7511894,0.36794996,0.4020306,0.34385407,1,benign,Preprocessed_Dataset/cmmd/cmmd_692.jpg,cmmd,train
1.4361535,1.9650395,1.9043796,1.9242283,2,malignant,Preprocessed_Dataset/cmmd/cmmd_1208.jpg,cmmd,train
1.1880867,2.592983,2.2754264,2.4130907,2,malignant,Preprocessed_Dataset/ddsm/ddsm_3343.jpg,ddsm,train
1.1116042,1.5650128,0.820599,1.279624,1,benign,Preprocessed_Dataset/ddsm/ddsm_7785.jpg,ddsm,train
1.5133145,2.4279659,2.4227934,2.3547993,2,malignant,Preprocessed_Dataset/cmmd/cmmd_98.jpg,cmmd,train
1.1416957,1.9092107,1.5641544,1.857352,1,benign,Preprocessed_Dataset/ddsm/ddsm_6953.jpg,ddsm,train
1.0479193,2.295176,1.5980258,2.1781712,2,malignant,Preprocessed_Dataset/ddsm/ddsm_5260.jpg,ddsm,train
2.4930327,1.3329852,2.6270099,1.8184036,0,normal,Preprocessed_Dataset/ddsm/ddsm_175.jpg,ddsm,train
1.141598,1.500049,0.85879654,1.2834506,1,benign,Preprocessed_Dataset/ddsm/ddsm_7213.jpg,ddsm,train
1.6367416,2.4213395,2.4971168,2.3161283,2,malignant,Preprocessed_Dataset/cmmd/cmmd_4926.jpg,cmmd,train
1.5453316,2.185293,2.1609366,2.0909023,2,malignant,Preprocessed_Dataset/cmmd/cmmd_1255.jpg,cmmd,train
0.9642142,1.4316455,0.6130829,1.2338002,1,benign,Preprocessed_Dataset/ddsm/ddsm_7007.jpg,ddsm,train
1.6033193,2.518738,2.3376932,2.5157156,2,malignant,Preprocessed_Dataset/ddsm/ddsm_4829.jpg,ddsm,train
1.8288478,0.6086048,0.6872804,0.53144336,1,benign,Preprocessed_Dataset/cmmd/cmmd_2358.jpg,cmmd,train
1.4925015,2.189758,2.2726166,2.1808116,2,malignant,Preprocessed_Dataset/cmmd/cmmd_3161.jpg,cmmd,train
1.5127785,2.0023503,1.7337934,1.9837037,2,malignant,Preprocessed_Dataset/ddsm/ddsm_5905.jpg,ddsm,train
2.8335896,1.2815032,2.7310715,1.8883855,0,normal,Preprocessed_Dataset/ddsm/ddsm_1282.jpg,ddsm,train
2.790681,1.3417394,2.7523217,1.9723866,0,normal,Preprocessed_Dataset/ddsm/ddsm_384.jpg,ddsm,train
2.7697163,1.1432643,2.5069366,1.6957144,0,normal,Preprocessed_Dataset/ddsm/ddsm_2207.jpg,ddsm,train
1.5413618,2.561306,2.51548,2.5716608,2,malignant,Preprocessed_Dataset/ddsm/ddsm_3312.jpg,ddsm,train
1.2809212,2.591084,2.1965258,2.6288667,2,malignant,Preprocessed_Dataset/ddsm/ddsm_3071.jpg,ddsm,train
2.61053,1.3666494,2.7457118,1.968835,0,normal,Preprocessed_Dataset/ddsm/ddsm_2535.jpg,ddsm,train
2.366885,0.8568944,2.4942775,1.7740967,0,normal,Preprocessed_Dataset/dmid/dmid_379.jpg,dmid,train
1.4731649,2.2421317,2.2933276,2.0855196,2,malignant,Preprocessed_Dataset/cmmd/cmmd_1486.jpg,cmmd,train
1.4338471,2.6997566,2.3781195,2.7424114,2,malignant,Preprocessed_Dataset/ddsm/ddsm_3842.jpg,ddsm,train
0.90384376,1.4330922,0.41846216,1.2622972,1,benign,Preprocessed_Dataset/ddsm/ddsm_9551.jpg,ddsm,train
2.6777906,1.2348676,2.5907981,1.835493,0,normal,Preprocessed_Dataset/ddsm/ddsm_455.jpg,ddsm,train
2.7542014,1.2928648,2.6223478,1.87106,0,normal,Preprocessed_Dataset/ddsm/ddsm_943.jpg,ddsm,train
1.8717918,1.6728685,1.7645646,1.8024373,2,malignant,Preprocessed_Dataset/ddsm/ddsm_3576.jpg,ddsm,train
0.95723146,1.5265834,0.5724883,1.2876363,1,benign,Preprocessed_Dataset/ddsm/ddsm_7095.jpg,ddsm,train
1.6467723,0.9216118,0.83885205,0.8269191,1,benign,Preprocessed_Dataset/cmmd/cmmd_2411.jpg,cmmd,train
2.7292967,1.2602077,2.7408543,1.9030622,0,normal,Preprocessed_Dataset/ddsm/ddsm_869.jpg,ddsm,train
1.3100196,2.5885084,2.2893667,2.4975824,2,malignant,Preprocessed_Dataset/ddsm/ddsm_4022.jpg,ddsm,train
1.1032523,1.523758,0.7939963,1.3283176,1,benign,Preprocessed_Dataset/ddsm/ddsm_7640.jpg,ddsm,train
1.3707906,2.6215315,2.185191,2.561352,2,malignant,Preprocessed_Dataset/ddsm/ddsm_3986.jpg,ddsm,train
1.1612008,1.5925137,0.77470905,1.3482506,1,benign,Preprocessed_Dataset/ddsm/ddsm_10305.jpg,ddsm,train
1.4961033,2.2362878,2.2889762,2.1920993,2,malignant,Preprocessed_Dataset/cmmd/cmmd_1090.jpg,cmmd,train
0.97327715,1.545326,0.8170052,1.2771002,1,benign,Preprocessed_Dataset/ddsm/ddsm_8405.jpg,ddsm,train
1.1607171,1.4778062,0.84452593,1.2433774,1,benign,Preprocessed_Dataset/ddsm/ddsm_9885.jpg,ddsm,train
2.7866488,1.2309041,2.7565622,1.9382497,0,normal,Preprocessed_Dataset/ddsm/ddsm_1666.jpg,ddsm,train
1.3596282,2.6448436,2.3449583,2.597826,2,malignant,Preprocessed_Dataset/ddsm/ddsm_3519.jpg,ddsm,train
1.4815933,2.2565298,2.2699587,2.2460313,2,malignant,Preprocessed_Dataset/cmmd/cmmd_3215.jpg,cmmd,train
1.0395103,1.444068,0.6388352,1.278976,1,benign,Preprocessed_Dataset/ddsm/ddsm_9087.jpg,ddsm,train
1.5389638,1.8450725,1.7712567,1.9072633,1,benign,Preprocessed_Dataset/ddsm/ddsm_7959.jpg,ddsm,train
1.3480546,2.890016,2.3418448,2.6299627,2,malignant,Preprocessed_Dataset/ddsm/ddsm_6202.jpg,ddsm,train
1.3853707,2.586592,2.194017,2.4615815,2,malignant,Preprocessed_Dataset/ddsm/ddsm_4753.jpg,ddsm,train
1.0628059,1.5416425,0.8622303,1.3758203,1,benign,Preprocessed_Dataset/ddsm/ddsm_8304.jpg,ddsm,train
1.5219014,2.0967555,1.9004723,2.2056642,1,benign,Preprocessed_Dataset/ddsm/ddsm_6556.jpg,ddsm,train
2.6615937,1.3154237,2.6348803,1.3115649,0,normal,Preprocessed_Dataset/cdd-cesm/cdd-cesm_604.jpg,cdd-cesm,train
1.4221498,1.5019025,1.3241566,1.2095096,1,benign,Preprocessed_Dataset/cdd-cesm/cdd-cesm_539.jpg,cdd-cesm,train
1.1268824,1.920206,0.8188212,0.8145567,1,benign,Preprocessed_Dataset/inbreast/inbreast_28.jpg,inbreast,train
1.070057,1.4361898,0.93627477,1.2738566,1,benign,Preprocessed_Dataset/ddsm/ddsm_8856.jpg,ddsm,train
1.4980849,2.7577958,2.6129022,2.7695165,2,malignant,Preprocessed_Dataset/ddsm/ddsm_5278.jpg,ddsm,train
2.6253643,1.3197303,2.4682298,1.9305867,0,normal,Preprocessed_Dataset/ddsm/ddsm_2319.jpg,ddsm,train
1.0809431,1.4210321,0.6284318,1.1853385,1,benign,Preprocessed_Dataset/ddsm/ddsm_10248.jpg,ddsm,train
1.3378208,1.9707838,1.7369218,1.8472743,1,benign,Preprocessed_Dataset/cmmd/cmmd_2221.jpg,cmmd,train
1.3337661,2.7681584,2.4920616,2.7326226,2,malignant,Preprocessed_Dataset/ddsm/ddsm_5800.jpg,ddsm,train
1.2308033,1.3397492,0.81751883,1.2656813,1,benign,Preprocessed_Dataset/ddsm/ddsm_8120.jpg,ddsm,train
1.5859666,2.3694987,2.4164057,2.359199,2,malignant,Preprocessed_Dataset/cmmd/cmmd_4976.jpg,cmmd,train
2.6585937,1.3631134,2.6323607,1.9161584,0,normal,Preprocessed_Dataset/ddsm/ddsm_2655.jpg,ddsm,train
1.0111407,2.4055438,1.9262872,2.0737445,2,malignant,Preprocessed_Dataset/cdd-cesm/cdd-cesm_770.jpg,cdd-cesm,train
2.0666459,1.3407837,2.06431,1.6743683,0,normal,Preprocessed_Dataset/ddsm/ddsm_739.jpg,ddsm,train
1.4061321,2.0467908,2.075107,1.9513376,2,malignant,Preprocessed_Dataset/cmmd/cmmd_4055.jpg,cmmd,train
2.251519,1.5727438,2.3067853,1.8899567,0,normal,Preprocessed_Dataset/ddsm/ddsm_124.jpg,ddsm,train
1.6080698,2.332177,2.369924,2.1959283,2,malignant,Preprocessed_Dataset/cmmd/cmmd_4783.jpg,cmmd,train
1.5412773,1.9608239,2.2018592,1.9125266,1,benign,Preprocessed_Dataset/cmmd/cmmd_173.jpg,cmmd,train
1.1409712,1.4954517,0.90365964,1.3881485,1,benign,Preprocessed_Dataset/ddsm/ddsm_7166.jpg,ddsm,train
1.1168187,1.5190794,0.73142827,1.3579934,1,benign,Preprocessed_Dataset/ddsm/ddsm_7539.jpg,ddsm,train
2.5972126,1.0896828,2.3026547,1.7329116,0,normal,Preprocessed_Dataset/ddsm/ddsm_472.jpg,ddsm,train
2.7676077,1.2544918,2.8172116,1.8275502,0,normal,Preprocessed_Dataset/ddsm/ddsm_113.jpg,ddsm,train
1.3582152,2.6409976,2.2785106,2.5328524,2,malignant,Preprocessed_Dataset/ddsm/ddsm_3142.jpg,ddsm,train
1.5137266,2.614409,2.4563909,2.5888925,2,malignant,Preprocessed_Dataset/ddsm/ddsm_3712.jpg,ddsm,train
1.4842008,2.13647,2.14543,2.043418,2,malignant,Preprocessed_Dataset/cmmd/cmmd_3719.jpg,cmmd,train
2.436615,1.504198,2.4520323,1.9082311,0,normal,Preprocessed_Dataset/ddsm/ddsm_617.jpg,ddsm,train
1.2798691,2.0513954,1.5491834,1.9377105,1,benign,Preprocessed_Dataset/ddsm/ddsm_8344.jpg,ddsm,train
1.175543,2.0742617,1.5184851,1.8884509,2,malignant,Preprocessed_Dataset/ddsm/ddsm_4436.jpg,ddsm,train
1.0461121,2.705388,2.1303494,2.1757867,2,malignant,Preprocessed_Dataset/cdd-cesm/cdd-cesm_627.jpg,cdd-cesm,train
1.1308495,2.637342,2.208359,2.1753266,2,malignant,Preprocessed_Dataset/cdd-cesm/cdd-cesm_731.jpg,cdd-cesm,train
1.3031523,2.6764767,2.2131543,2.5576663,2,malignant,Preprocessed_Dataset/ddsm/ddsm_5806.jpg,ddsm,train
1.5788445,2.2060463,2.1835694,2.1327796,2,malignant,Preprocessed_Dataset/cmmd/cmmd_1070.jpg,cmmd,train
1.4657842,2.302974,2.1886294,2.231423,2,malignant,Preprocessed_Dataset/cmmd/cmmd_1381.jpg,cmmd,train
1.2207212,2.7204022,2.1441936,2.6338305,2,malignant,Preprocessed_Dataset/ddsm/ddsm_6431.jpg,ddsm,train
1.114408,1.4600948,0.85068285,1.4217979,1,benign,Preprocessed_Dataset/ddsm/ddsm_8650.jpg,ddsm,train
1.2429138,2.6539006,2.129049,2.5179145,2,malignant,Preprocessed_Dataset/ddsm/ddsm_4943.jpg,ddsm,train
1.2011825,1.4910208,1.0223665,1.3133583,1,benign,Preprocessed_Dataset/ddsm/ddsm_7396.jpg,ddsm,train
2.1008987,1.3191049,2.569529,2.0990195,0,normal,Preprocessed_Dataset/dmid/dmid_461.jpg,dmid,train
1.7063074,0.5228138,0.53294265,0.48747742,1,benign,Preprocessed_Dataset/cmmd/cmmd_148.jpg,cmmd,train
1.2018139,1.500703,0.92663395,1.3003821,1,benign,Preprocessed_Dataset/ddsm/ddsm_8964.jpg,ddsm,train
1.3996117,2.6357822,2.2205687,2.6382916,2,malignant,Preprocessed_Dataset/ddsm/ddsm_3884.jpg,ddsm,train
1.4335271,2.5767317,2.3230355,2.5337498,2,malignant,Preprocessed_Dataset/ddsm/ddsm_3469.jpg,ddsm,train
1.0746841,2.7325563,2.3919683,2.2987535,2,malignant,Preprocessed_Dataset/cdd-cesm/cdd-cesm_467.jpg,cdd-cesm,train
0.98249185,1.5512825,0.77019525,1.254219,1,benign,Preprocessed_Dataset/ddsm/ddsm_10054.jpg,ddsm,train
1.363644,2.488909,2.0896199,2.3405242,2,malignant,Preprocessed_Dataset/ddsm/ddsm_3776.jpg,ddsm,train
1.1121113,2.8886404,1.7679478,2.0824254,2,malignant,Preprocessed_Dataset/inbreast/inbreast_289.jpg,inbreast,train
1.0051223,1.5044748,0.7010746,1.285069,1,benign,Preprocessed_Dataset/ddsm/ddsm_8089.jpg,ddsm,train
1.5955365,2.2201207,2.2635612,2.222502,2,malignant,Preprocessed_Dataset/cmmd/cmmd_5188.jpg,cmmd,train
1.1410053,1.5748894,0.86164725,1.4363903,1,benign,Preprocessed_Dataset/ddsm/ddsm_9212.jpg,ddsm,train
1.5582572,1.7355694,1.6748515,1.9778818,0,normal,Preprocessed_Dataset/ddsm/ddsm_2318.jpg,ddsm,train
1.4877158,0.63462436,0.7010865,0.30811584,1,benign,Preprocessed_Dataset/cmmd/cmmd_122.jpg,cmmd,train
1.1728344,1.2928393,0.624079,1.1535937,1,benign,Preprocessed_Dataset/ddsm/ddsm_8229.jpg,ddsm,train
1.5629761,1.9477034,1.7408313,2.0074182,2,malignant,Preprocessed_Dataset/ddsm/ddsm_3086.jpg,ddsm,train
1.6502364,1.6727703,1.8631366,1.8067269,2,malignant,Preprocessed_Dataset/ddsm/ddsm_5571.jpg,ddsm,train
2.7430182,1.0239444,2.5605855,1.7398115,0,normal,Preprocessed_Dataset/ddsm/ddsm_256.jpg,ddsm,train
1.7495847,0.3550191,0.5621376,0.28243744,1,benign,Preprocessed_Dataset/cmmd/cmmd_1810.jpg,cmmd,train
1.0967252,1.5921633,0.65847147,1.3578379,1,benign,Preprocessed_Dataset/ddsm/ddsm_6984.jpg,ddsm,train
1.6195768,2.1950557,2.1380138,2.1629763,2,malignant,Preprocessed_Dataset/cmmd/cmmd_3646.jpg,cmmd,train
1.453068,2.597313,2.278199,2.5597508,2,malignant,Preprocessed_Dataset/ddsm/ddsm_3646.jpg,ddsm,train
1.3163788,1.4907067,0.9044161,1.3540933,1,benign,Preprocessed_Dataset/ddsm/ddsm_8064.jpg,ddsm,train
1.3030753,2.8926635,2.604824,2.8310738,2,malignant,Preprocessed_Dataset/ddsm/ddsm_4158.jpg,ddsm,train
2.009677,1.2797625,2.6942432,1.916915,0,normal,Preprocessed_Dataset/dmid/dmid_41.jpg,dmid,train
2.6497831,1.259273,2.3746881,1.7800443,0,normal,Preprocessed_Dataset/ddsm/ddsm_1407.jpg,ddsm,train
2.0665681,1.294426,1.9709351,1.6567935,0,normal,Preprocessed_Dataset/ddsm/ddsm_2143.jpg,ddsm,train
1.4921163,2.1619606,2.1341023,2.0402915,2,malignant,Preprocessed_Dataset/cmmd/cmmd_1643.jpg,cmmd,train
1.0274233,1.5452933,0.6429615,1.3083394,1,benign,Preprocessed_Dataset/ddsm/ddsm_9034.jpg,ddsm,train
1.6547244,2.8448772,2.7976131,2.8578484,2,malignant,Preprocessed_Dataset/ddsm/ddsm_3385.jpg,ddsm,train
1.4942364,2.4866266,2.4858234,2.6024163,2,malignant,Preprocessed_Dataset/ddsm/ddsm_4976.jpg,ddsm,train
1.7375922,2.3995824,2.5200496,2.3504982,2,malignant,Preprocessed_Dataset/cmmd/cmmd_4460.jpg,cmmd,train
2.700026,1.2789578,2.700502,1.8064271,0,normal,Preprocessed_Dataset/ddsm/ddsm_540.jpg,ddsm,train
1.3520029,2.6227221,2.207317,2.555788,2,malignant,Preprocessed_Dataset/ddsm/ddsm_6129.jpg,ddsm,train
1.1793151,2.8648148,2.3416271,2.3078706,2,malignant,Preprocessed_Dataset/cdd-cesm/cdd-cesm_626.jpg,cdd-cesm,train
1.4868352,2.2998292,2.3190522,2.1662807,2,malignant,Preprocessed_Dataset/cmmd/cmmd_3180.jpg,cmmd,train
1.6650673,2.4243197,2.4233418,2.2047563,2,malignant,Preprocessed_Dataset/cmmd/cmmd_4306.jpg,cmmd,train
1.0290972,1.4435662,0.7684251,1.2895315,1,benign,Preprocessed_Dataset/ddsm/ddsm_7159.jpg,ddsm,train
2.7973778,1.1953275,2.5304673,1.7686486,0,normal,Preprocessed_Dataset/ddsm/ddsm_609.jpg,ddsm,train
1.8869997,0.58848894,0.6277448,0.5852808,1,benign,Preprocessed_Dataset/cmmd/cmmd_1969.jpg,cmmd,train
1.5685533,2.2993383,2.333641,2.2600489,2,malignant,Preprocessed_Dataset/cmmd/cmmd_2707.jpg,cmmd,train
2.6083622,1.3103739,2.5358427,1.8701237,0,normal,Preprocessed_Dataset/ddsm/ddsm_235.jpg,ddsm,train
1.5330931,2.4338844,2.3800876,2.4512994,2,malignant,Preprocessed_Dataset/cmmd/cmmd_2665.jpg,cmmd,train
1.7210927,0.64564157,0.64804685,0.56082654,1,benign,Preprocessed_Dataset/cmmd/cmmd_4378.jpg,cmmd,train
1.5331244,1.7847482,1.6293657,1.5974767,2,malignant,Preprocessed_Dataset/cmmd/cmmd_1660.jpg,cmmd,train
1.4394654,2.151759,2.1648955,2.1073198,2,malignant,Preprocessed_Dataset/cmmd/cmmd_3014.jpg,cmmd,train
0.9622712,1.3902576,0.5265322,1.0336859,1,benign,Preprocessed_Dataset/ddsm/ddsm_6619.jpg,ddsm,train
1.8381131,0.608991,0.5869025,0.51699877,1,benign,Preprocessed_Dataset/cmmd/cmmd_2237.jpg,cmmd,train
1.2674257,1.5664276,0.8392217,1.4479741,1,benign,Preprocessed_Dataset/ddsm/ddsm_10206.jpg,ddsm,train
1.502362,2.2025266,2.1377234,2.1414914,2,malignant,Preprocessed_Dataset/cmmd/cmmd_1846.jpg,cmmd,train
1.5446742,2.2536893,2.2661438,2.1818001,2,malignant,Preprocessed_Dataset/cmmd/cmmd_57.jpg,cmmd,train
1.1017029,1.5215468,0.71878886,1.3431938,1,benign,Preprocessed_Dataset/ddsm/ddsm_9220.jpg,ddsm,train
2.6480465,1.1953733,2.472877,1.6651729,0,normal,Preprocessed_Dataset/ddsm/ddsm_771.jpg,ddsm,train
1.6664226,0.74851245,0.6334363,0.7292187,1,benign,Preprocessed_Dataset/cmmd/cmmd_2388.jpg,cmmd,train
1.2440195,1.4451619,1.3686112,1.3033221,2,malignant,Preprocessed_Dataset/cmmd/cmmd_876.jpg,cmmd,train
1.491718,2.3019462,2.2846272,2.2653189,2,malignant,Preprocessed_Dataset/cmmd/cmmd_3450.jpg,cmmd,train
2.6000273,1.2810998,2.8200684,1.6090028,0,normal,Preprocessed_Dataset/ddsm/ddsm_1762.jpg,ddsm,train
1.6191106,2.1904738,2.2265503,2.0891783,2,malignant,Preprocessed_Dataset/cmmd/cmmd_4147.jpg,cmmd,train
1.6701322,2.353352,2.3964329,2.2532158,2,malignant,Preprocessed_Dataset/cmmd/cmmd_251.jpg,cmmd,train
1.009031,1.8937835,0.665527,0.770164,1,benign,Preprocessed_Dataset/inbreast/inbreast_51.jpg,inbreast,train
1.624416,2.2893429,2.388987,2.2755504,2,malignant,Preprocessed_Dataset/cmmd/cmmd_4631.jpg,cmmd,train
2.9113772,1.3115828,2.7370234,1.9332647,0,normal,Preprocessed_Dataset/ddsm/ddsm_1888.jpg,ddsm,train
1.181945,1.6627653,0.913928,1.5169592,1,benign,Preprocessed_Dataset/ddsm/ddsm_8518.jpg,ddsm,train
1.4143076,2.5005324,2.1329794,2.4255445,2,malignant,Preprocessed_Dataset/ddsm/ddsm_3493.jpg,ddsm,train
1.1388085,1.5848054,0.93726945,1.3754056,1,benign,Preprocessed_Dataset/ddsm/ddsm_9416.jpg,ddsm,train
1.094969,1.5953151,0.7886187,1.4961514,1,benign,Preprocessed_Dataset/ddsm/ddsm_8210.jpg,ddsm,train
1.5408485,0.68271446,0.6502712,0.6329526,1,benign,Preprocessed_Dataset/cmmd/cmmd_26.jpg,cmmd,train
2.8804297,1.2599211,2.7622342,1.8939484,0,normal,Preprocessed_Dataset/ddsm/ddsm_180.jpg,ddsm,train
1.2555588,2.7379699,2.497454,2.5237195,2,malignant,Preprocessed_Dataset/ddsm/ddsm_5138.jpg,ddsm,train
1.4974387,0.6369573,0.51370335,0.48225248,1,benign,Preprocessed_Dataset/cmmd/cmmd_1967.jpg,cmmd,train
1.7956219,2.356915,2.5358102,2.3403058,2,malignant,Preprocessed_Dataset/cmmd/cmmd_4335.jpg,cmmd,train
1.086743,1.4303445,0.6914451,1.2853014,1,benign,Preprocessed_Dataset/ddsm/ddsm_7014.jpg,ddsm,train
1.3366518,1.6689804,1.5432714,1.6105764,1,benign,Preprocessed_Dataset/ddsm/ddsm_9847.jpg,ddsm,train
1.1558894,1.5177227,0.8390858,1.2774477,1,benign,Preprocessed_Dataset/ddsm/ddsm_10032.jpg,ddsm,train
1.134115,2.6608782,2.194737,2.098872,2,malignant,Preprocessed_Dataset/cdd-cesm/cdd-cesm_569.jpg,cdd-cesm,train
2.842255,1.4011086,2.847082,1.9761419,0,normal,Preprocessed_Dataset/ddsm/ddsm_2553.jpg,ddsm,train
1.0450275,2.4070587,1.9017465,2.0102258,2,malignant,Preprocessed_Dataset/cdd-cesm/cdd-cesm_854.jpg,cdd-cesm,train
2.7789273,1.3710132,2.917284,2.0046206,0,normal,Preprocessed_Dataset/ddsm/ddsm_2150.jpg,ddsm,train
2.3581626,1.2242297,2.9892397,2.0677402,0,normal,Preprocessed_Dataset/dmid/dmid_156.jpg,dmid,train
1.3711147,2.0286634,1.6453087,1.8588353,2,malignant,Preprocessed_Dataset/ddsm/ddsm_4204.jpg,ddsm,train
0.3428626,1.5487165,0.8012088,1.5310049,1,benign,Preprocessed_Dataset/dmid/dmid_459.jpg,dmid,train
1.2636967,1.5738208,1.1215274,1.5634623,2,malignant,Preprocessed_Dataset/ddsm/ddsm_4974.jpg,ddsm,train
1.2587165,1.5292827,0.92937434,1.4527385,1,benign,Preprocessed_Dataset/ddsm/ddsm_10174.jpg,ddsm,train
1.122389,1.4403814,0.7147279,1.3189943,1,benign,Preprocessed_Dataset/ddsm/ddsm_8625.jpg,ddsm,train
1.2813656,2.5115762,2.3832002,2.5458746,2,malignant,Preprocessed_Dataset/ddsm/ddsm_3313.jpg,ddsm,train
2.7102778,1.2248995,2.6052086,1.7231519,0,normal,Preprocessed_Dataset/ddsm/ddsm_1481.jpg,ddsm,train
1.6691767,0.82852834,0.78897524,0.685303,1,benign,Preprocessed_Dataset/cmmd/cmmd_1790.jpg,cmmd,train
1.1094866,1.4738445,0.68058956,1.3247802,1,benign,Preprocessed_Dataset/ddsm/ddsm_8835.jpg,ddsm,train
1.6633303,0.5893098,0.8155901,0.4615147,1,benign,Preprocessed_Dataset/cmmd/cmmd_3592.jpg,cmmd,train
1.5371462,2.2248611,2.293775,2.116155,2,malignant,Preprocessed_Dataset/cmmd/cmmd_1138.jpg,cmmd,train
1.4405433,2.3626745,2.3535843,2.3010375,2,malignant,Preprocessed_Dataset/cmmd/cmmd_3331.jpg,cmmd,train
1.407927,2.5932236,2.3773315,2.5476534,2,malignant,Preprocessed_Dataset/ddsm/ddsm_4633.jpg,ddsm,train
0.9659832,1.4337485,0.4618957,1.2009381,1,benign,Preprocessed_Dataset/ddsm/ddsm_8011.jpg,ddsm,train
2.891889,1.4588667,2.9482465,2.0429265,0,normal,Preprocessed_Dataset/ddsm/ddsm_156.jpg,ddsm,train
1.1138837,1.9170079,1.3057904,1.7094556,1,benign,Preprocessed_Dataset/ddsm/ddsm_9547.jpg,ddsm,train
1.9463496,1.7028669,2.0549357,2.058989,0,normal,Preprocessed_Dataset/ddsm/ddsm_2309.jpg,ddsm,train
1.4938788,2.1661482,2.1055331,2.0306911,2,malignant,Preprocessed_Dataset/cmmd/cmmd_1331.jpg,cmmd,train
0.9968619,1.453873,0.8371489,1.2159544,1,benign,Preprocessed_Dataset/ddsm/ddsm_9760.jpg,ddsm,train
2.822869,1.0969362,2.606618,1.6570468,0,normal,Preprocessed_Dataset/ddsm/ddsm_2130.jpg,ddsm,train
1.6061374,2.242617,2.2659445,2.1540773,2,malignant,Preprocessed_Dataset/cmmd/cmmd_5155.jpg,cmmd,train
1.0248339,1.5762374,0.73216856,1.3119328,1,benign,Preprocessed_Dataset/ddsm/ddsm_9611.jpg,ddsm,train
1.5473864,1.9668198,1.8532567,2.0305982,1,benign,Preprocessed_Dataset/ddsm/ddsm_9319.jpg,ddsm,train
1.2265463,1.5189887,0.0,0.23403072,1,benign,Preprocessed_Dataset/inbreast/inbreast_37.jpg,inbreast,train
0.12161112,1.5888202,0.3546846,1.493415,1,benign,Preprocessed_Dataset/dmid/dmid_27.jpg,dmid,train
1.2120317,1.4600376,0.72555137,1.3384017,1,benign,Preprocessed_Dataset/ddsm/ddsm_6782.jpg,ddsm,train
1.1642628,2.0594378,1.5123568,1.7743372,1,benign,Preprocessed_Dataset/cdd-cesm/cdd-cesm_754.jpg,cdd-cesm,train
1.426925,2.1394153,2.0666118,2.0087547,2,malignant,Preprocessed_Dataset/cmmd/cmmd_1225.jpg,cmmd,train
1.3942765,2.6578212,2.2237597,2.6281064,2,malignant,Preprocessed_Dataset/ddsm/ddsm_3365.jpg,ddsm,train
1.3034022,2.5581903,2.062169,2.38295,2,malignant,Preprocessed_Dataset/ddsm/ddsm_2897.jpg,ddsm,train
1.0908029,1.5205864,0.76148283,1.2985448,1,benign,Preprocessed_Dataset/ddsm/ddsm_8419.jpg,ddsm,train
1.0997713,1.5183696,0.7333226,1.3625784,1,benign,Preprocessed_Dataset/ddsm/ddsm_7109.jpg,ddsm,train
1.3449072,2.7024927,2.5117838,2.691478,2,malignant,Preprocessed_Dataset/ddsm/ddsm_2946.jpg,ddsm,train
2.6560388,1.4402018,2.563025,1.9225649,0,normal,Preprocessed_Dataset/ddsm/ddsm_2056.jpg,ddsm,train
1.8885442,1.762724,2.3250442,1.9660722,2,malignant,Preprocessed_Dataset/ddsm/ddsm_4282.jpg,ddsm,train
1.5375592,2.2654195,2.339483,2.2593093,2,malignant,Preprocessed_Dataset/cmmd/cmmd_1186.jpg,cmmd,train
1.154012,1.3791564,0.6283753,1.2808505,1,benign,Preprocessed_Dataset/ddsm/ddsm_6595.jpg,ddsm,train
1.5742443,2.4595222,2.456118,2.4226584,2,malignant,Preprocessed_Dataset/cmmd/cmmd_4748.jpg,cmmd,train
1.5631405,0.48338604,0.46937335,0.3619988,1,benign,Preprocessed_Dataset/cmmd/cmmd_2323.jpg,cmmd,train
1.6088958,2.2812247,2.3217826,2.2861946,2,malignant,Preprocessed_Dataset/cmmd/cmmd_3798.jpg,cmmd,train
1.5749295,2.3164062,2.3001404,2.3101692,2,malignant,Preprocessed_Dataset/cmmd/cmmd_1865.jpg,cmmd,train
1.5298579,2.261629,2.3232543,2.2105415,2,malignant,Preprocessed_Dataset/cmmd/cmmd_4286.jpg,cmmd,train
2.7643855,1.2787719,2.6637485,1.7995417,0,normal,Preprocessed_Dataset/ddsm/ddsm_2552.jpg,ddsm,train
1.5889294,2.2308624,2.3372974,2.2554922,2,malignant,Preprocessed_Dataset/cmmd/cmmd_59.jpg,cmmd,train
1.3154478,2.6813254,2.2248616,2.6552124,2,malignant,Preprocessed_Dataset/ddsm/ddsm_5254.jpg,ddsm,train
1.7346762,2.39304,2.6129289,2.325665,2,malignant,Preprocessed_Dataset/cmmd/cmmd_4560.jpg,cmmd,train
1.1826842,1.5507632,0.86148095,1.4247104,1,benign,Preprocessed_Dataset/ddsm/ddsm_9550.jpg,ddsm,train
1.3981991,2.0739136,1.9686719,1.92822,1,benign,Preprocessed_Dataset/cmmd/cmmd_3555.jpg,cmmd,train
2.8099456,1.1532831,2.6774874,1.855716,0,normal,Preprocessed_Dataset/ddsm/ddsm_1713.jpg,ddsm,train
1.1896863,2.7123346,2.288334,2.7003455,2,malignant,Preprocessed_Dataset/ddsm/ddsm_3814.jpg,ddsm,train
1.2753408,2.5900078,2.2420273,2.475303,2,malignant,Preprocessed_Dataset/ddsm/ddsm_3242.jpg,ddsm,train
2.678846,1.204299,2.458255,1.8149415,0,normal,Preprocessed_Dataset/ddsm/ddsm_487.jpg,ddsm,train
1.2230678,2.4767075,2.1166615,2.4021356,2,malignant,Preprocessed_Dataset/ddsm/ddsm_4015.jpg,ddsm,train
1.1881847,1.5041602,0.8451854,1.4195182,1,benign,Preprocessed_Dataset/ddsm/ddsm_6660.jpg,ddsm,train
1.540228,1.0537343,1.0407774,1.0216004,1,benign,Preprocessed_Dataset/cmmd/cmmd_2170.jpg,cmmd,train
1.508019,2.435602,2.2172067,2.2190602,2,malignant,Preprocessed_Dataset/cmmd/cmmd_2103.jpg,cmmd,train
1.0170482,1.2791114,0.69877434,0.8009676,1,benign,Preprocessed_Dataset/cdd-cesm/cdd-cesm_927.jpg,cdd-cesm,train
1.5396621,2.6637075,2.3393245,2.6042533,2,malignant,Preprocessed_Dataset/ddsm/ddsm_4224.jpg,ddsm,train
1.0896702,1.2965541,0.5849333,1.2610949,1,benign,Preprocessed_Dataset/ddsm/ddsm_9263.jpg,ddsm,train
1.67923,2.4083428,2.4124827,2.3352733,2,malignant,Preprocessed_Dataset/cmmd/cmmd_726.jpg,cmmd,train
1.4750041,2.180554,2.099405,2.0709622,2,malignant,Preprocessed_Dataset/cmmd/cmmd_4184.jpg,cmmd,train
1.0844777,1.5325669,0.5898768,1.2236718,1,benign,Preprocessed_Dataset/ddsm/ddsm_7248.jpg,ddsm,train
2.9047418,1.064287,2.7307284,1.6260926,0,normal,Preprocessed_Dataset/ddsm/ddsm_645.jpg,ddsm,train
0.7862155,2.754346,2.191412,2.8859658,2,malignant,Preprocessed_Dataset/dmid/dmid_412.jpg,dmid,train
1.3461521,2.610736,2.2230268,2.5859747,2,malignant,Preprocessed_Dataset/ddsm/ddsm_3676.jpg,ddsm,train
2.5888684,1.289419,2.428557,1.3637432,0,normal,Preprocessed_Dataset/cdd-cesm/cdd-cesm_375.jpg,cdd-cesm,train
1.6187702,0.43852282,0.4960538,0.4218042,1,benign,Preprocessed_Dataset/cmmd/cmmd_442.jpg,cmmd,train
2.8852348,1.2625874,2.8974228,1.8764223,0,normal,Preprocessed_Dataset/ddsm/ddsm_321.jpg,ddsm,train
1.5127709,2.1675053,2.0775776,2.0981915,2,malignant,Preprocessed_Dataset/cmmd/cmmd_2541.jpg,cmmd,train
1.5713835,2.270452,2.1797328,2.1915588,2,malignant,Preprocessed_Dataset/cmmd/cmmd_3282.jpg,cmmd,train
2.055017,1.7603987,2.4896727,1.980069,0,normal,Preprocessed_Dataset/ddsm/ddsm_391.jpg,ddsm,train
0.9864231,1.7076849,0.40607202,0.57945514,1,benign,Preprocessed_Dataset/inbreast/inbreast_390.jpg,inbreast,train
0.9866368,1.4901103,0.85969394,0.8667186,1,benign,Preprocessed_Dataset/cdd-cesm/cdd-cesm_699.jpg,cdd-cesm,train
1.09271,1.4728163,0.8329567,1.3233163,1,benign,Preprocessed_Dataset/ddsm/ddsm_7149.jpg,ddsm,train
2.7458398,1.1892312,2.4783857,1.7868441,0,normal,Preprocessed_Dataset/ddsm/ddsm_259.jpg,ddsm,train
1.4648412,2.1707008,2.1895714,2.0325382,2,malignant,Preprocessed_Dataset/cmmd/cmmd_1455.jpg,cmmd,train
1.9168485,0.0,0.13385797,0.0,1,benign,Preprocessed_Dataset/cmmd/cmmd_2147.jpg,cmmd,train
1.6097558,2.2189045,2.2549906,2.109718,2,malignant,Preprocessed_Dataset/cmmd/cmmd_3948.jpg,cmmd,train
2.8434658,1.204576,2.7089565,1.2455685,0,normal,Preprocessed_Dataset/cdd-cesm/cdd-cesm_242.jpg,cdd-cesm,train
1.2799461,1.5269316,0.87680984,0.7369559,1,benign,Preprocessed_Dataset/inbreast/inbreast_371.jpg,inbreast,train
1.1364665,1.596406,0.9634248,0.9693183,1,benign,Preprocessed_Dataset/cdd-cesm/cdd-cesm_313.jpg,cdd-cesm,train
1.2751273,2.0712736,1.6012486,1.9021845,1,benign,Preprocessed_Dataset/ddsm/ddsm_7326.jpg,ddsm,train
1.4661573,2.449344,2.1819644,2.3551745,2,malignant,Preprocessed_Dataset/ddsm/ddsm_3665.jpg,ddsm,train
1.0464501,1.662981,0.9477312,1.3594508,1,benign,Preprocessed_Dataset/ddsm/ddsm_8870.jpg,ddsm,train
2.7053754,1.2641901,2.5380187,1.7114931,0,normal,Preprocessed_Dataset/ddsm/ddsm_1410.jpg,ddsm,train
2.8531642,1.1821132,2.5488415,1.8091527,0,normal,Preprocessed_Dataset/ddsm/ddsm_1579.jpg,ddsm,train
1.7122545,2.342975,2.5016618,2.252885,2,malignant,Preprocessed_Dataset/cmmd/cmmd_3830.jpg,cmmd,train
1.1626247,1.5356688,0.81454206,1.4094996,1,benign,Preprocessed_Dataset/ddsm/ddsm_7909.jpg,ddsm,train
2.674065,1.1795583,2.5451486,1.8162969,0,normal,Preprocessed_Dataset/ddsm/ddsm_1599.jpg,ddsm,train
2.6302752,1.1982995,2.4887857,1.7991439,0,normal,Preprocessed_Dataset/ddsm/ddsm_395.jpg,ddsm,train
1.0841608,1.3876551,0.87320924,1.3469589,1,benign,Preprocessed_Dataset/ddsm/ddsm_9139.jpg,ddsm,train
1.2181467,1.3705468,0.8379021,1.2361631,1,benign,Preprocessed_Dataset/ddsm/ddsm_6644.jpg,ddsm,train
1.1198337,1.4872228,0.82904345,1.3098702,1,benign,Preprocessed_Dataset/ddsm/ddsm_9199.jpg,ddsm,train
1.92576,1.5857759,2.0800712,1.8567965,0,normal,Preprocessed_Dataset/ddsm/ddsm_2748.jpg,ddsm,train
1.999317,1.541131,2.0939624,1.7389795,0,normal,Preprocessed_Dataset/ddsm/ddsm_309.jpg,ddsm,train
1.2341247,1.482556,0.80945665,1.299027,1,benign,Preprocessed_Dataset/ddsm/ddsm_7726.jpg,ddsm,train
1.5258266,2.2614875,2.284524,2.1898282,2,malignant,Preprocessed_Dataset/cmmd/cmmd_2043.jpg,cmmd,train
0.9869298,1.646866,0.7209799,1.4078802,1,benign,Preprocessed_Dataset/ddsm/ddsm_8646.jpg,ddsm,train
2.794446,1.2737771,2.69663,1.9125996,0,normal,Preprocessed_Dataset/ddsm/ddsm_886.jpg,ddsm,train
1.4481151,2.1549387,2.1264915,2.0446694,2,malignant,Preprocessed_Dataset/cmmd/cmmd_124.jpg,cmmd,train
2.3533158,1.2044916,2.9941688,2.100905,0,normal,Preprocessed_Dataset/dmid/dmid_264.jpg,dmid,train
1.030308,2.66046,1.7548842,1.9829094,2,malignant,Preprocessed_Dataset/inbreast/inbreast_257.jpg,inbreast,train
1.0028659,1.5566267,0.58693445,1.3370745,1,benign,Preprocessed_Dataset/ddsm/ddsm_9330.jpg,ddsm,train
1.2057052,1.4530376,0.98373073,1.3772221,1,benign,Preprocessed_Dataset/ddsm/ddsm_10201.jpg,ddsm,train
1.4613435,1.8219786,1.7609736,1.7669439,2,malignant,Preprocessed_Dataset/cmmd/cmmd_3744.jpg,cmmd,train
1.5318788,2.2741628,2.23843,2.1269653,2,malignant,Preprocessed_Dataset/cmmd/cmmd_3452.jpg,cmmd,train
2.140535,1.5785315,2.2951012,2.0170462,0,normal,Preprocessed_Dataset/ddsm/ddsm_1251.jpg,ddsm,train
1.0929794,1.6029708,0.85872304,1.3529632,1,benign,Preprocessed_Dataset/ddsm/ddsm_10012.jpg,ddsm,train
2.6453052,1.2814283,2.5429416,1.8184642,0,normal,Preprocessed_Dataset/ddsm/ddsm_789.jpg,ddsm,train
1.4537963,0.84820306,0.6998241,0.7981198,1,benign,Preprocessed_Dataset/cmmd/cmmd_2129.jpg,cmmd,train
1.0540156,1.4947479,0.7494302,1.2585064,1,benign,Preprocessed_Dataset/ddsm/ddsm_7991.jpg,ddsm,train
1.1274937,2.678155,2.3302689,2.5381975,2,malignant,Preprocessed_Dataset/ddsm/ddsm_5095.jpg,ddsm,train
1.6729668,2.2586439,2.2844102,2.2301664,2,malignant,Preprocessed_Dataset/cmmd/cmmd_4365.jpg,cmmd,train
1.1753027,2.7062259,2.2819085,2.6648962,2,malignant,Preprocessed_Dataset/ddsm/ddsm_3419.jpg,ddsm,train
2.9051805,1.2100133,2.8369834,1.8589723,0,normal,Preprocessed_Dataset/ddsm/ddsm_1137.jpg,ddsm,train
2.7914786,1.2037665,2.6220374,1.794637,0,normal,Preprocessed_Dataset/ddsm/ddsm_2483.jpg,ddsm,train
1.0018575,1.4949937,0.60428846,1.2022516,1,benign,Preprocessed_Dataset/ddsm/ddsm_7905.jpg,ddsm,train
2.8998535,1.0777137,2.5427232,1.6693968,0,normal,Preprocessed_Dataset/ddsm/ddsm_148.jpg,ddsm,train
1.1107246,1.4273098,0.8818216,1.34115,1,benign,Preprocessed_Dataset/ddsm/ddsm_7512.jpg,ddsm,train
1.8377662,1.645874,1.765664,1.7206144,1,benign,Preprocessed_Dataset/ddsm/ddsm_10224.jpg,ddsm,train
1.2897654,2.6372128,2.2729967,2.6060562,2,malignant,Preprocessed_Dataset/ddsm/ddsm_3131.jpg,ddsm,train
1.1793165,1.6419591,0.8950045,1.4972651,1,benign,Preprocessed_Dataset/ddsm/ddsm_9948.jpg,ddsm,train
1.3458371,2.6709871,2.4377525,2.6497498,2,malignant,Preprocessed_Dataset/ddsm/ddsm_5238.jpg,ddsm,train
1.4837018,2.5328715,2.3166647,2.5455906,2,malignant,Preprocessed_Dataset/ddsm/ddsm_3713.jpg,ddsm,train
1.1036124,1.5603691,0.7572278,1.4266343,1,benign,Preprocessed_Dataset/ddsm/ddsm_7786.jpg,ddsm,train
2.9814522,1.1776083,2.702368,1.886621,0,normal,Preprocessed_Dataset/ddsm/ddsm_1712.jpg,ddsm,train
1.6042044,0.9389598,0.87244564,0.9501841,1,benign,Preprocessed_Dataset/cmmd/cmmd_2466.jpg,cmmd,train
2.865171,1.3703555,2.7541203,1.9225409,0,normal,Preprocessed_Dataset/ddsm/ddsm_2482.jpg,ddsm,train
1.1406057,1.507847,0.806949,1.3267987,1,benign,Preprocessed_Dataset/ddsm/ddsm_10220.jpg,ddsm,train
1.740542,0.4734105,0.64001036,0.33401108,1,benign,Preprocessed_Dataset/cmmd/cmmd_404.jpg,cmmd,train
1.7007347,2.3254266,2.3573687,2.3106244,2,malignant,Preprocessed_Dataset/cmmd/cmmd_2066.jpg,cmmd,train
2.6740015,1.3298392,2.611924,1.8366055,0,normal,Preprocessed_Dataset/ddsm/ddsm_1349.jpg,ddsm,train
1.6037855,2.2820601,2.2447786,2.1358058,2,malignant,Preprocessed_Dataset/cmmd/cmmd_3967.jpg,cmmd,train
0.98469794,1.4888734,0.6230533,1.0322396,1,benign,Preprocessed_Dataset/cdd-cesm/cdd-cesm_189.jpg,cdd-cesm,train
1.0996494,1.5511715,0.8267572,1.3792995,1,benign,Preprocessed_Dataset/ddsm/ddsm_6741.jpg,ddsm,train
1.4870265,2.4491048,2.041369,2.4965296,2,malignant,Preprocessed_Dataset/ddsm/ddsm_2908.jpg,ddsm,train
1.298913,2.5171049,2.2246995,2.567004,2,malignant,Preprocessed_Dataset/ddsm/ddsm_6407.jpg,ddsm,train
1.1537099,1.7723497,1.0914731,1.6771291,1,benign,Preprocessed_Dataset/ddsm/ddsm_8614.jpg,ddsm,train
0.94987804,1.7585089,0.79393184,1.5144596,1,benign,Preprocessed_Dataset/ddsm/ddsm_6802.jpg,ddsm,train
1.3651963,2.5307004,2.2252815,2.463417,2,malignant,Preprocessed_Dataset/ddsm/ddsm_3896.jpg,ddsm,train
1.6005421,2.3966615,2.3947787,2.2573562,2,malignant,Preprocessed_Dataset/cmmd/cmmd_3937.jpg,cmmd,train
1.4700769,2.5486317,2.2421653,2.4799786,2,malignant,Preprocessed_Dataset/ddsm/ddsm_6232.jpg,ddsm,train
0.9354697,1.566604,0.74889076,1.1810448,1,benign,Preprocessed_Dataset/ddsm/ddsm_8002.jpg,ddsm,train
1.2110667,1.8652536,1.0376289,1.0853899,1,benign,Preprocessed_Dataset/inbreast/inbreast_255.jpg,inbreast,train
1.6557324,1.6057364,1.7350105,1.3410645,0,normal,Preprocessed_Dataset/cdd-cesm/cdd-cesm_911.jpg,cdd-cesm,train
1.5209444,2.1728868,2.113151,2.0808551,2,malignant,Preprocessed_Dataset/cmmd/cmmd_2851.jpg,cmmd,train
1.5745726,2.3035374,2.316146,2.2328131,2,malignant,Preprocessed_Dataset/cmmd/cmmd_4527.jpg,cmmd,train
2.6563194,1.2511904,2.6626203,1.7135682,0,normal,Preprocessed_Dataset/ddsm/ddsm_687.jpg,ddsm,train
1.5867289,2.3413703,2.3763187,2.3460784,2,malignant,Preprocessed_Dataset/cmmd/cmmd_5052.jpg,cmmd,train
1.1733886,1.572961,0.87532616,1.3695416,1,benign,Preprocessed_Dataset/ddsm/ddsm_8957.jpg,ddsm,train
2.0234683,1.241427,2.4996796,1.8481433,0,normal,Preprocessed_Dataset/dmid/dmid_208.jpg,dmid,train
1.9621469,1.4289937,1.8685497,1.6071327,1,benign,Preprocessed_Dataset/ddsm/ddsm_10042.jpg,ddsm,train
1.1953886,2.7429175,2.4243562,2.7520854,2,malignant,Preprocessed_Dataset/ddsm/ddsm_4169.jpg,ddsm,train
1.8310128,1.6823368,2.0044746,1.8126839,0,normal,Preprocessed_Dataset/ddsm/ddsm_1530.jpg,ddsm,train
2.6533346,1.3070167,2.6553702,2.021612,0,normal,Preprocessed_Dataset/ddsm/ddsm_298.jpg,ddsm,train
1.4564337,2.634255,2.3220959,2.6244366,2,malignant,Preprocessed_Dataset/ddsm/ddsm_5378.jpg,ddsm,train
2.737341,1.3484354,2.7050123,1.9538342,0,normal,Preprocessed_Dataset/ddsm/ddsm_308.jpg,ddsm,train
1.062504,1.4634298,0.46393204,1.2132246,1,benign,Preprocessed_Dataset/ddsm/ddsm_8335.jpg,ddsm,train
1.4113228,1.9473825,1.8079759,1.8072538,2,malignant,Preprocessed_Dataset/cmmd/cmmd_3317.jpg,cmmd,train
1.540194,2.3055701,2.3499444,2.1948812,2,malignant,Preprocessed_Dataset/cmmd/cmmd_4023.jpg,cmmd,train
1.4975748,2.239733,2.180166,2.210549,2,malignant,Preprocessed_Dataset/cmmd/cmmd_3298.jpg,cmmd,train
2.723023,1.2816502,2.5295691,1.9327959,0,normal,Preprocessed_Dataset/ddsm/ddsm_87.jpg,ddsm,train
1.6946511,1.2330135,2.3953025,2.038174,0,normal,Preprocessed_Dataset/dmid/dmid_108.jpg,dmid,train
1.4619899,2.285574,2.1829412,2.1297045,2,malignant,Preprocessed_Dataset/cmmd/cmmd_3000.jpg,cmmd,train
1.4735597,2.246673,2.0981705,2.1192954,2,malignant,Preprocessed_Dataset/cmmd/cmmd_1483.jpg,cmmd,train
1.5241792,2.2212698,2.21752,2.0872376,2,malignant,Preprocessed_Dataset/cmmd/cmmd_1712.jpg,cmmd,train
1.5561982,2.216093,2.2845514,2.0572133,2,malignant,Preprocessed_Dataset/cmmd/cmmd_4333.jpg,cmmd,train
1.5346495,1.867646,1.9118203,1.7676911,2,malignant,Preprocessed_Dataset/cmmd/cmmd_1883.jpg,cmmd,train
1.0791855,1.582114,0.79115534,1.3865623,1,benign,Preprocessed_Dataset/ddsm/ddsm_6446.jpg,ddsm,train
1.0517577,1.5127103,0.7534224,1.3084371,1,benign,Preprocessed_Dataset/ddsm/ddsm_7745.jpg,ddsm,train
1.5935552,0.7866887,0.81794155,0.5516083,1,benign,Preprocessed_Dataset/cmmd/cmmd_36.jpg,cmmd,train
1.0670912,1.5551027,0.6531385,1.3149388,1,benign,Preprocessed_Dataset/ddsm/ddsm_9675.jpg,ddsm,train
1.0572109,1.5532843,0.8149169,1.3713562,1,benign,Preprocessed_Dataset/ddsm/ddsm_8409.jpg,ddsm,train
1.1856436,1.3841403,0.8187953,1.3141031,1,benign,Preprocessed_Dataset/ddsm/ddsm_8165.jpg,ddsm,train
1.2630001,2.5316095,2.216745,2.5536766,2,malignant,Preprocessed_Dataset/ddsm/ddsm_3803.jpg,ddsm,train
1.2620313,2.7159727,2.3130763,2.5371616,2,malignant,Preprocessed_Dataset/ddsm/ddsm_5446.jpg,ddsm,train
1.5788677,2.2762012,2.317964,2.2209904,2,malignant,Preprocessed_Dataset/cmmd/cmmd_3464.jpg,cmmd,train
1.1303699,1.4716944,0.80394894,1.3972441,1,benign,Preprocessed_Dataset/ddsm/ddsm_8470.jpg,ddsm,train
1.0481757,1.7999265,0.70041764,0.7495878,1,benign,Preprocessed_Dataset/inbreast/inbreast_256.jpg,inbreast,train
1.6488518,2.3159244,2.397359,2.3680887,2,malignant,Preprocessed_Dataset/cmmd/cmmd_2536.jpg,cmmd,train
1.4143258,2.305035,2.36511,2.1810894,2,malignant,Preprocessed_Dataset/cmmd/cmmd_2813.jpg,cmmd,train
1.086287,1.6000154,0.7394484,1.3789637,1,benign,Preprocessed_Dataset/ddsm/ddsm_6770.jpg,ddsm,train
1.4081957,2.5977798,2.3191748,2.6707993,2,malignant,Preprocessed_Dataset/ddsm/ddsm_4604.jpg,ddsm,train
1.7410855,2.3524776,2.5813992,2.3806248,2,malignant,Preprocessed_Dataset/cmmd/cmmd_3640.jpg,cmmd,train
2.6514988,1.2603619,2.3830547,1.7558427,0,normal,Preprocessed_Dataset/ddsm/ddsm_1573.jpg,ddsm,train
1.2599366,1.0601345,0.6477095,1.0011075,1,benign,Preprocessed_Dataset/ddsm/ddsm_6767.jpg,ddsm,train
1.1086202,2.8744895,2.370752,2.2626605,2,malignant,Preprocessed_Dataset/cdd-cesm/cdd-cesm_701.jpg,cdd-cesm,train
1.5068893,2.3775437,2.5177877,2.3269846,2,malignant,Preprocessed_Dataset/cmmd/cmmd_1875.jpg,cmmd,train
1.1820982,1.437012,0.77707344,1.2541922,1,benign,Preprocessed_Dataset/ddsm/ddsm_10255.jpg,ddsm,train
2.686615,1.2254779,2.681106,1.7693261,0,normal,Preprocessed_Dataset/ddsm/ddsm_1300.jpg,ddsm,train
2.7121086,1.2547184,2.6182952,1.8411683,0,normal,Preprocessed_Dataset/ddsm/ddsm_2608.jpg,ddsm,train
1.6722319,0.59567344,0.53950477,0.395496,1,benign,Preprocessed_Dataset/cmmd/cmmd_186.jpg,cmmd,train
1.1321926,2.6974092,2.1662593,2.270256,2,malignant,Preprocessed_Dataset/cdd-cesm/cdd-cesm_851.jpg,cdd-cesm,train
1.0076104,1.4993113,0.6737733,1.3713378,1,benign,Preprocessed_Dataset/ddsm/ddsm_8076.jpg,ddsm,train
1.6950556,2.276605,2.4043674,2.2428112,2,malignant,Preprocessed_Dataset/cmmd/cmmd_4961.jpg,cmmd,train
1.2123489,1.4038261,0.9031738,1.3186665,1,benign,Preprocessed_Dataset/ddsm/ddsm_9693.jpg,ddsm,train
2.698189,1.205085,2.6600354,1.6603765,0,normal,Preprocessed_Dataset/ddsm/ddsm_1569.jpg,ddsm,train
2.7809515,1.3000665,2.73755,1.9200408,0,normal,Preprocessed_Dataset/ddsm/ddsm_2568.jpg,ddsm,train
1.4793452,2.6126237,2.3633265,2.5818257,2,malignant,Preprocessed_Dataset/ddsm/ddsm_3088.jpg,ddsm,train
1.7637686,0.53977954,0.6631361,0.608878,1,benign,Preprocessed_Dataset/cmmd/cmmd_4402.jpg,cmmd,train
2.7403295,1.2004691,2.4702635,1.8121697,0,normal,Preprocessed_Dataset/ddsm/ddsm_2031.jpg,ddsm,train
2.59502,1.1925842,2.3331838,1.3146626,0,normal,Preprocessed_Dataset/cdd-cesm/cdd-cesm_719.jpg,cdd-cesm,train
2.6968195,1.2667893,2.475946,1.7820053,0,normal,Preprocessed_Dataset/ddsm/ddsm_2315.jpg,ddsm,train
1.1763337,1.4657156,0.9732052,1.3138728,1,benign,Preprocessed_Dataset/ddsm/ddsm_6654.jpg,ddsm,train
1.4707325,2.6866179,2.3454123,2.6292286,2,malignant,Preprocessed_Dataset/ddsm/ddsm_4100.jpg,ddsm,train
1.4839714,1.3053958,1.036458,1.2232995,1,benign,Preprocessed_Dataset/ddsm/ddsm_9845.jpg,ddsm,train
2.7256494,1.1361048,2.3871474,1.2286884,0,normal,Preprocessed_Dataset/cdd-cesm/cdd-cesm_827.jpg,cdd-cesm,train
2.1655428,1.2936752,2.0888803,1.649853,1,benign,Preprocessed_Dataset/ddsm/ddsm_8390.jpg,ddsm,train
1.0431793,1.5050534,0.6534443,1.3559448,1,benign,Preprocessed_Dataset/ddsm/ddsm_6735.jpg,ddsm,train
1.5165769,1.6164821,1.4154782,1.6697814,1,benign,Preprocessed_Dataset/ddsm/ddsm_8552.jpg,ddsm,train
1.1575181,1.5457382,0.75130236,1.2448212,1,benign,Preprocessed_Dataset/ddsm/ddsm_10277.jpg,ddsm,train
1.1411797,1.5423195,0.8266301,1.3435426,1,benign,Preprocessed_Dataset/ddsm/ddsm_8638.jpg,ddsm,train
3.0085418,1.1781902,2.9180357,1.4385177,0,normal,Preprocessed_Dataset/cdd-cesm/cdd-cesm_870.jpg,cdd-cesm,train
1.5450559,2.2113547,2.1630533,2.1504838,2,malignant,Preprocessed_Dataset/cmmd/cmmd_2753.jpg,cmmd,train
1.4545815,2.6069632,2.2404828,2.5231094,2,malignant,Preprocessed_Dataset/ddsm/ddsm_4880.jpg,ddsm,train
2.651587,1.2319305,2.6495929,1.3975148,0,normal,Preprocessed_Dataset/cdd-cesm/cdd-cesm_286.jpg,cdd-cesm,train
0.99753183,1.4031656,0.6759263,1.2908695,1,benign,Preprocessed_Dataset/ddsm/ddsm_10237.jpg,ddsm,train
2.7354817,1.3769394,2.5712337,1.9099066,0,normal,Preprocessed_Dataset/ddsm/ddsm_2349.jpg,ddsm,train
2.6891267,1.2137039,2.5566185,1.799773,0,normal,Preprocessed_Dataset/ddsm/ddsm_2641.jpg,ddsm,train
2.858096,1.2382452,2.918138,2.019522,0,normal,Preprocessed_Dataset/ddsm/ddsm_618.jpg,ddsm,train
1.1144878,1.8217801,1.3476268,1.7407061,1,benign,Preprocessed_Dataset/ddsm/ddsm_9649.jpg,ddsm,train
1.3348022,2.573885,2.3730836,2.4781895,2,malignant,Preprocessed_Dataset/ddsm/ddsm_5572.jpg,ddsm,train
1.145086,1.4708625,0.844599,1.2956365,1,benign,Preprocessed_Dataset/ddsm/ddsm_10114.jpg,ddsm,train
1.4040926,2.7328115,2.6178868,2.728473,2,malignant,Preprocessed_Dataset/ddsm/ddsm_3662.jpg,ddsm,train
1.0795901,1.5174218,0.753252,1.340806,1,benign,Preprocessed_Dataset/ddsm/ddsm_9123.jpg,ddsm,train
1.1278193,2.6870677,2.3382363,2.6676345,2,malignant,Preprocessed_Dataset/ddsm/ddsm_5017.jpg,ddsm,train
1.6736121,0.5370077,0.61982,0.4475274,1,benign,Preprocessed_Dataset/cmmd/cmmd_1921.jpg,cmmd,train
1.2424855,1.5321527,0.9618105,1.5189428,1,benign,Preprocessed_Dataset/ddsm/ddsm_8774.jpg,ddsm,train
1.3783923,2.595992,2.1633537,2.542799,2,malignant,Preprocessed_Dataset/ddsm/ddsm_5069.jpg,ddsm,train
2.9161458,1.2249942,2.9017935,1.9359224,0,normal,Preprocessed_Dataset/ddsm/ddsm_676.jpg,ddsm,train
1.5232105,1.6568528,1.5297478,1.7758416,2,malignant,Preprocessed_Dataset/ddsm/ddsm_6021.jpg,ddsm,train
2.7061837,1.0986933,2.5288858,1.8083019,0,normal,Preprocessed_Dataset/ddsm/ddsm_591.jpg,ddsm,train
2.6157591,1.3570776,2.3391366,1.1646547,0,normal,Preprocessed_Dataset/inbreast/inbreast_115.jpg,inbreast,train
1.8054461,0.4272828,0.33497036,0.2606219,1,benign,Preprocessed_Dataset/cmmd/cmmd_1958.jpg,cmmd,train
1.4207876,1.3182445,1.417145,1.2291954,1,benign,Preprocessed_Dataset/cmmd/cmmd_1973.jpg,cmmd,train
1.3194143,2.618044,2.3636465,2.4815998,2,malignant,Preprocessed_Dataset/ddsm/ddsm_5445.jpg,ddsm,train
1.7600862,0.52647126,0.6022595,0.555745,1,benign,Preprocessed_Dataset/cmmd/cmmd_2330.jpg,cmmd,train
2.556707,1.3113158,2.568142,1.8260112,0,normal,Preprocessed_Dataset/ddsm/ddsm_849.jpg,ddsm,train
2.9333334,1.211716,2.8320699,1.83703,0,normal,Preprocessed_Dataset/ddsm/ddsm_1521.jpg,ddsm,train
1.0279701,1.3893023,0.6273534,1.2877619,1,benign,Preprocessed_Dataset/ddsm/ddsm_7316.jpg,ddsm,train
0.98394567,1.5670588,0.9611188,0.8839694,1,benign,Preprocessed_Dataset/cdd-cesm/cdd-cesm_79.jpg,cdd-cesm,train
1.5657922,1.5919282,1.329272,1.5357352,1,benign,Preprocessed_Dataset/ddsm/ddsm_8843.jpg,ddsm,train
1.4723676,2.5448885,2.2042696,2.600987,2,malignant,Preprocessed_Dataset/ddsm/ddsm_5385.jpg,ddsm,train
1.5008883,2.2600334,2.261834,2.2080812,2,malignant,Preprocessed_Dataset/cmmd/cmmd_3393.jpg,cmmd,train
1.6825068,2.3730621,2.3684425,2.4039643,2,malignant,Preprocessed_Dataset/cmmd/cmmd_3980.jpg,cmmd,train
1.6119666,0.7775759,0.8170985,0.6296011,1,benign,Preprocessed_Dataset/cmmd/cmmd_444.jpg,cmmd,train
1.4171999,2.8981962,2.465713,2.795143,2,malignant,Preprocessed_Dataset/ddsm/ddsm_5486.jpg,ddsm,train
2.660172,1.3652104,2.6325321,1.6849854,0,normal,Preprocessed_Dataset/ddsm/ddsm_425.jpg,ddsm,train
2.9800062,1.1166108,2.6260557,1.765808,0,normal,Preprocessed_Dataset/ddsm/ddsm_2434.jpg,ddsm,train
2.5586333,1.3340348,2.5023832,1.7688876,0,normal,Preprocessed_Dataset/ddsm/ddsm_2461.jpg,ddsm,train
1.1375527,2.6574879,2.156769,2.5424924,2,malignant,Preprocessed_Dataset/ddsm/ddsm_4627.jpg,ddsm,train
0.9159705,1.5545781,0.5744473,1.3448689,1,benign,Preprocessed_Dataset/ddsm/ddsm_6670.jpg,ddsm,train
1.5513291,1.7918215,1.9118234,1.7424089,2,malignant,Preprocessed_Dataset/cmmd/cmmd_1307.jpg,cmmd,train
2.7932925,1.2530487,2.7852037,1.9397418,0,normal,Preprocessed_Dataset/ddsm/ddsm_1014.jpg,ddsm,train
1.0122344,1.5879403,0.9313219,0.8101599,1,benign,Preprocessed_Dataset/cdd-cesm/cdd-cesm_791.jpg,cdd-cesm,train
1.0706079,1.3936443,0.71782494,1.1787004,1,benign,Preprocessed_Dataset/ddsm/ddsm_6975.jpg,ddsm,train
1.1373293,1.5423124,0.7348511,1.370789,1,benign,Preprocessed_Dataset/ddsm/ddsm_8817.jpg,ddsm,train
1.4501085,2.6432269,2.3774695,2.5735896,2,malignant,Preprocessed_Dataset/ddsm/ddsm_4617.jpg,ddsm,train
1.6023214,2.2285979,2.08891,2.277393,2,malignant,Preprocessed_Dataset/ddsm/ddsm_4185.jpg,ddsm,train
1.507846,2.331748,2.4261956,2.263994,2,malignant,Preprocessed_Dataset/cmmd/cmmd_1721.jpg,cmmd,train
1.6321063,0.76603144,0.73824644,0.7216625,1,benign,Preprocessed_Dataset/cmmd/cmmd_2291.jpg,cmmd,train
0.091837764,1.6859906,0.6762785,1.583248,1,benign,Preprocessed_Dataset/dmid/dmid_47.jpg,dmid,train
0.94217986,1.587705,0.6386421,1.4348863,1,benign,Preprocessed_Dataset/ddsm/ddsm_6709.jpg,ddsm,train
1.358845,2.1647837,1.7545168,2.1158478,2,malignant,Preprocessed_Dataset/ddsm/ddsm_5551.jpg,ddsm,train
1.9059957,1.4041004,1.6306112,1.7246941,0,normal,Preprocessed_Dataset/ddsm/ddsm_2255.jpg,ddsm,train
1.1152917,1.6757464,0.45114744,0.88427895,1,benign,Preprocessed_Dataset/inbreast/inbreast_43.jpg,inbreast,train
1.6515633,0.39962864,0.6961645,0.37308013,1,benign,Preprocessed_Dataset/cmmd/cmmd_478.jpg,cmmd,train
2.9856462,1.2081481,2.9219525,1.9483664,0,normal,Preprocessed_Dataset/ddsm/ddsm_1856.jpg,ddsm,train
1.3652675,2.753725,2.3086836,2.5160608,2,malignant,Preprocessed_Dataset/ddsm/ddsm_5825.jpg,ddsm,train
1.1348753,1.5380716,0.8564779,1.420973,1,benign,Preprocessed_Dataset/ddsm/ddsm_9520.jpg,ddsm,train
1.048379,1.482056,0.69266236,1.2984358,1,benign,Preprocessed_Dataset/ddsm/ddsm_7753.jpg,ddsm,train
1.196,1.4332579,0.7726008,1.2871201,1,benign,Preprocessed_Dataset/ddsm/ddsm_8820.jpg,ddsm,train
1.1062677,1.4844012,0.83519006,1.483039,1,benign,Preprocessed_Dataset/ddsm/ddsm_8311.jpg,ddsm,train
1.6056395,2.3396668,2.4308639,2.2118034,2,malignant,Preprocessed_Dataset/cmmd/cmmd_1730.jpg,cmmd,train
1.6320956,2.3879752,2.5038767,2.2980056,2,malignant,Preprocessed_Dataset/cmmd/cmmd_5050.jpg,cmmd,train
1.1405764,1.4115545,0.84962845,1.3860586,1,benign,Preprocessed_Dataset/ddsm/ddsm_6915.jpg,ddsm,train
0.81915855,1.287574,0.29002786,0.65897024,1,benign,Preprocessed_Dataset/cdd-cesm/cdd-cesm_920.jpg,cdd-cesm,train
1.0984982,2.5901482,1.9931978,2.1390886,2,malignant,Preprocessed_Dataset/cdd-cesm/cdd-cesm_885.jpg,cdd-cesm,train
1.1932855,1.4110985,0.67929995,1.2598088,1,benign,Preprocessed_Dataset/ddsm/ddsm_6688.jpg,ddsm,train
1.2860479,2.5985248,2.13536,2.482865,2,malignant,Preprocessed_Dataset/ddsm/ddsm_6382.jpg,ddsm,train
1.522331,2.2653413,2.2492466,2.170393,2,malignant,Preprocessed_Dataset/cmmd/cmmd_3154.jpg,cmmd,train
1.3430735,2.6162922,2.2542293,2.5835555,2,malignant,Preprocessed_Dataset/ddsm/ddsm_3534.jpg,ddsm,train
1.6482478,0.7590395,0.77004087,0.73737085,1,benign,Preprocessed_Dataset/cmmd/cmmd_191.jpg,cmmd,train
2.8896704,1.1784352,2.7145677,1.7818301,0,normal,Preprocessed_Dataset/ddsm/ddsm_1972.jpg,ddsm,train
1.0821505,1.5122592,1.0049405,1.163628,1,benign,Preprocessed_Dataset/ddsm/ddsm_9144.jpg,ddsm,train
2.523552,1.2923775,2.4287057,1.7836505,0,normal,Preprocessed_Dataset/ddsm/ddsm_639.jpg,ddsm,train
1.539918,2.2319188,2.1959543,2.1406949,2,malignant,Preprocessed_Dataset/cmmd/cmmd_741.jpg,cmmd,train
0.9205286,1.326164,0.33516264,1.0549366,1,benign,Preprocessed_Dataset/ddsm/ddsm_10222.jpg,ddsm,train
1.5144573,2.3028748,2.2133646,2.2812011,2,malignant,Preprocessed_Dataset/cmmd/cmmd_2486.jpg,cmmd,train
1.9403613,1.9243253,2.50345,2.2128348,0,normal,Preprocessed_Dataset/ddsm/ddsm_1306.jpg,ddsm,train
1.5259261,2.6013675,2.3794117,2.576147,2,malignant,Preprocessed_Dataset/ddsm/ddsm_5082.jpg,ddsm,train
1.5662365,2.55299,2.4716053,2.499452,2,malignant,Preprocessed_Dataset/ddsm/ddsm_4840.jpg,ddsm,train
1.629472,2.3357868,2.346261,2.202031,2,malignant,Preprocessed_Dataset/cmmd/cmmd_4528.jpg,cmmd,train
1.1918137,1.4319339,0.8377172,1.3742194,1,benign,Preprocessed_Dataset/ddsm/ddsm_9331.jpg,ddsm,train
1.0970155,1.3643057,0.582667,1.0931499,1,benign,Preprocessed_Dataset/ddsm/ddsm_8660.jpg,ddsm,train
1.7459208,0.3794608,0.51134574,0.1968807,1,benign,Preprocessed_Dataset/cmmd/cmmd_438.jpg,cmmd,train
1.5772716,0.9808209,0.83590746,0.9636211,1,benign,Preprocessed_Dataset/cmmd/cmmd_2249.jpg,cmmd,train
0.9589954,1.9172449,0.97918284,1.5118891,1,benign,Preprocessed_Dataset/ddsm/ddsm_7947.jpg,ddsm,train
1.6528047,0.7775595,0.815027,0.6679847,1,benign,Preprocessed_Dataset/cmmd/cmmd_3607.jpg,cmmd,train
2.8436499,1.106191,2.5757127,1.6158367,0,normal,Preprocessed_Dataset/ddsm/ddsm_1461.jpg,ddsm,train
0.25164294,1.5226073,0.63968694,1.5280956,1,benign,Preprocessed_Dataset/dmid/dmid_70.jpg,dmid,train
2.1562884,1.1841075,2.711065,1.8877791,0,normal,Preprocessed_Dataset/dmid/dmid_136.jpg,dmid,train
2.6965303,1.4233602,2.8442416,2.01876,0,normal,Preprocessed_Dataset/ddsm/ddsm_66.jpg,ddsm,train
2.762155,1.2585847,2.6036386,1.76385,0,normal,Preprocessed_Dataset/ddsm/ddsm_166.jpg,ddsm,train
0.8588622,1.3152035,0.22716689,1.0606914,1,benign,Preprocessed_Dataset/ddsm/ddsm_10228.jpg,ddsm,train
2.6425023,1.213825,2.5223205,1.6765077,0,normal,Preprocessed_Dataset/ddsm/ddsm_513.jpg,ddsm,train
1.7047724,0.7654333,0.76169944,0.7279382,1,benign,Preprocessed_Dataset/cmmd/cmmd_2351.jpg,cmmd,train
1.0234792,1.4855406,0.7882227,1.2876003,1,benign,Preprocessed_Dataset/ddsm/ddsm_7924.jpg,ddsm,train
1.2955945,2.399641,2.0850828,2.3681126,2,malignant,Preprocessed_Dataset/ddsm/ddsm_3415.jpg,ddsm,train
1.498748,0.9859824,0.9093074,0.8381218,1,benign,Preprocessed_Dataset/cmmd/cmmd_2338.jpg,cmmd,train
1.1311657,2.3979592,1.8603184,2.324022,2,malignant,Preprocessed_Dataset/ddsm/ddsm_6047.jpg,ddsm,train
1.765798,0.75249535,0.70785785,0.7943069,1,benign,Preprocessed_Dataset/cmmd/cmmd_2263.jpg,cmmd,train
1.7795966,1.9247241,2.2041967,2.1077619,1,benign,Preprocessed_Dataset/ddsm/ddsm_7657.jpg,ddsm,train
2.0992723,1.7982842,2.2929626,2.0766914,2,malignant,Preprocessed_Dataset/ddsm/ddsm_5372.jpg,ddsm,train
1.4332733,2.6318216,2.27666,2.5249128,2,malignant,Preprocessed_Dataset/ddsm/ddsm_4424.jpg,ddsm,train
1.1732974,1.5094061,0.85505766,1.2224758,1,benign,Preprocessed_Dataset/ddsm/ddsm_10382.jpg,ddsm,train
1.0640974,1.5193537,0.7199346,1.2404821,1,benign,Preprocessed_Dataset/ddsm/ddsm_7299.jpg,ddsm,train
1.4336141,2.3037105,2.2460434,2.134461,2,malignant,Preprocessed_Dataset/cmmd/cmmd_911.jpg,cmmd,train
1.1645217,1.417331,0.62996244,1.2167077,1,benign,Preprocessed_Dataset/ddsm/ddsm_8359.jpg,ddsm,train
2.4226332,1.3629,2.5887773,1.7865859,0,normal,Preprocessed_Dataset/ddsm/ddsm_279.jpg,ddsm,train
1.3592238,2.793755,2.6272964,2.865715,2,malignant,Preprocessed_Dataset/ddsm/ddsm_5658.jpg,ddsm,train
1.6662886,2.3608413,2.3538742,2.2440267,2,malignant,Preprocessed_Dataset/cmmd/cmmd_1874.jpg,cmmd,train
1.6275934,2.2438354,2.2399592,2.408504,2,malignant,Preprocessed_Dataset/ddsm/ddsm_4260.jpg,ddsm,train
1.952458,0.07759559,0.028753877,0.044797778,1,benign,Preprocessed_Dataset/cmmd/cmmd_3608.jpg,cmmd,train
2.988044,1.1790576,2.8513916,1.8828663,0,normal,Preprocessed_Dataset/ddsm/ddsm_1576.jpg,ddsm,train
1.7767959,0.74169266,0.70173335,0.5597931,1,benign,Preprocessed_Dataset/cmmd/cmmd_387.jpg,cmmd,train
2.7453146,1.1918634,2.6955853,1.8334007,0,normal,Preprocessed_Dataset/ddsm/ddsm_325.jpg,ddsm,train
1.8262119,0.5919765,0.68708706,0.52537477,1,benign,Preprocessed_Dataset/cmmd/cmmd_4453.jpg,cmmd,train
1.0992334,1.6813676,0.91794515,1.3698237,1,benign,Preprocessed_Dataset/ddsm/ddsm_8998.jpg,ddsm,train
2.649255,1.2924571,2.418665,1.8185961,0,normal,Preprocessed_Dataset/ddsm/ddsm_1816.jpg,ddsm,train
2.5694003,1.3050697,2.5919864,1.922474,0,normal,Preprocessed_Dataset/ddsm/ddsm_427.jpg,ddsm,train
1.2067869,1.2568371,0.71239185,1.261031,1,benign,Preprocessed_Dataset/ddsm/ddsm_9261.jpg,ddsm,train
2.2153904,1.3057594,2.5731745,2.1588871,0,normal,Preprocessed_Dataset/dmid/dmid_193.jpg,dmid,train
0.95503205,1.5676317,0.7570595,1.2364142,1,benign,Preprocessed_Dataset/ddsm/ddsm_7866.jpg,ddsm,train
1.072531,1.3460602,0.63058484,1.2537445,1,benign,Preprocessed_Dataset/ddsm/ddsm_6856.jpg,ddsm,train
0.9971015,1.5173036,0.75003743,1.2614882,1,benign,Preprocessed_Dataset/ddsm/ddsm_10337.jpg,ddsm,train
0.9338765,2.300664,1.5416718,2.0973716,2,malignant,Preprocessed_Dataset/ddsm/ddsm_3247.jpg,ddsm,train
2.770093,1.1743191,2.5577796,1.8375208,0,normal,Preprocessed_Dataset/ddsm/ddsm_1291.jpg,ddsm,train
1.6244447,2.243063,2.2734315,2.1783187,2,malignant,Preprocessed_Dataset/cmmd/cmmd_3856.jpg,cmmd,train
1.095613,1.9594616,0.5784532,0.8047811,1,benign,Preprocessed_Dataset/inbreast/inbreast_321.jpg,inbreast,train
1.1883619,1.4978517,0.96591485,1.3013918,1,benign,Preprocessed_Dataset/ddsm/ddsm_8200.jpg,ddsm,train
1.6036098,2.3018138,2.3341506,2.2458336,2,malignant,Preprocessed_Dataset/cmmd/cmmd_4048.jpg,cmmd,train
1.3065785,2.6200137,2.4346128,2.5769055,2,malignant,Preprocessed_Dataset/ddsm/ddsm_2915.jpg,ddsm,train
1.6126645,2.3673959,2.3510385,2.2043087,2,malignant,Preprocessed_Dataset/cmmd/cmmd_5001.jpg,cmmd,train
1.1233115,1.6075102,0.7624592,1.3590294,1,benign,Preprocessed_Dataset/ddsm/ddsm_7901.jpg,ddsm,train
2.9176717,1.4064145,2.9228835,2.0031133,0,normal,Preprocessed_Dataset/ddsm/ddsm_968.jpg,ddsm,train
1.2570379,2.6175313,2.0817273,2.4624343,2,malignant,Preprocessed_Dataset/ddsm/ddsm_4711.jpg,ddsm,train
2.7613406,1.2197855,2.5079513,1.8464668,0,normal,Preprocessed_Dataset/ddsm/ddsm_856.jpg,ddsm,train
1.5548314,2.9106154,2.7412167,2.90624,2,malignant,Preprocessed_Dataset/ddsm/ddsm_3796.jpg,ddsm,train
1.652248,1.4029222,2.2253318,1.9690338,0,normal,Preprocessed_Dataset/dmid/dmid_238.jpg,dmid,train
1.0098711,1.5068195,0.8005635,1.4340097,1,benign,Preprocessed_Dataset/ddsm/ddsm_8361.jpg,ddsm,train
1.4864869,2.3708022,2.313446,2.2064505,2,malignant,Preprocessed_Dataset/cmmd/cmmd_2611.jpg,cmmd,train
2.7682111,1.1558266,2.5378773,1.2189353,0,normal,Preprocessed_Dataset/cdd-cesm/cdd-cesm_497.jpg,cdd-cesm,train
1.9850639,1.1738601,1.523006,1.3964798,0,normal,Preprocessed_Dataset/ddsm/ddsm_2715.jpg,ddsm,train
2.8112803,1.2634981,2.5344863,1.782577,0,normal,Preprocessed_Dataset/ddsm/ddsm_1393.jpg,ddsm,train
3.0372882,1.2551097,2.8033326,1.9045374,0,normal,Preprocessed_Dataset/ddsm/ddsm_2694.jpg,ddsm,train
1.834729,1.288903,2.4689746,1.8517677,0,normal,Preprocessed_Dataset/dmid/dmid_395.jpg,dmid,train
1.2205667,1.413567,0.5652878,1.1849927,1,benign,Preprocessed_Dataset/ddsm/ddsm_10312.jpg,ddsm,train
2.2507925,1.2373908,2.7933917,1.9619007,0,normal,Preprocessed_Dataset/dmid/dmid_106.jpg,dmid,train
2.7001677,1.182399,2.5507622,1.7339796,0,normal,Preprocessed_Dataset/ddsm/ddsm_2717.jpg,ddsm,train
1.4829519,0.6261457,0.7479464,0.5416163,1,benign,Preprocessed_Dataset/cmmd/cmmd_437.jpg,cmmd,train
1.1379391,1.5090929,0.7756181,1.3477526,1,benign,Preprocessed_Dataset/ddsm/ddsm_7735.jpg,ddsm,train
1.6563493,0.9449798,0.92463285,0.94677836,1,benign,Preprocessed_Dataset/cmmd/cmmd_2251.jpg,cmmd,train
1.0859495,1.4066377,0.5668062,1.2233946,1,benign,Preprocessed_Dataset/ddsm/ddsm_9314.jpg,ddsm,train
2.7228413,1.3771789,2.6252048,1.8951113,0,normal,Preprocessed_Dataset/ddsm/ddsm_2020.jpg,ddsm,train
2.569817,1.1868441,2.315751,1.6798794,0,normal,Preprocessed_Dataset/ddsm/ddsm_803.jpg,ddsm,train
1.5849339,2.684958,2.609021,2.6596584,2,malignant,Preprocessed_Dataset/ddsm/ddsm_4229.jpg,ddsm,train
1.005131,2.7274563,2.0386922,2.113119,2,malignant,Preprocessed_Dataset/cdd-cesm/cdd-cesm_746.jpg,cdd-cesm,train
1.5974423,1.3412747,1.2039751,1.3279659,2,malignant,Preprocessed_Dataset/ddsm/ddsm_5447.jpg,ddsm,train
2.653874,1.2249806,2.6454616,1.6997524,0,normal,Preprocessed_Dataset/ddsm/ddsm_1610.jpg,ddsm,train
1.0981102,2.6049795,1.9319572,2.0682778,2,malignant,Preprocessed_Dataset/cdd-cesm/cdd-cesm_676.jpg,cdd-cesm,train
1.3420862,2.6026547,2.168817,2.5051422,2,malignant,Preprocessed_Dataset/ddsm/ddsm_3501.jpg,ddsm,train
1.0038254,1.6040816,0.7322155,1.381171,1,benign,Preprocessed_Dataset/ddsm/ddsm_6659.jpg,ddsm,train
1.9428847,1.5160984,2.1233184,1.7751342,0,normal,Preprocessed_Dataset/ddsm/ddsm_2000.jpg,ddsm,train
1.2653445,2.6513145,2.1238863,2.5703783,2,malignant,Preprocessed_Dataset/ddsm/ddsm_4615.jpg,ddsm,train
1.6087837,2.0078185,2.0135634,1.9442381,2,malignant,Preprocessed_Dataset/cmmd/cmmd_5177.jpg,cmmd,train
1.1326039,1.2953193,0.74104893,1.2544568,1,benign,Preprocessed_Dataset/ddsm/ddsm_8239.jpg,ddsm,train
2.6665232,1.3204427,2.8492074,1.7820206,0,normal,Preprocessed_Dataset/ddsm/ddsm_1083.jpg,ddsm,train
1.47211,2.16248,2.3285902,2.0900495,2,malignant,Preprocessed_Dataset/cmmd/cmmd_3508.jpg,cmmd,train
0.35996175,2.7474208,1.9110225,2.677805,2,malignant,Preprocessed_Dataset/dmid/dmid_60.jpg,dmid,train
2.7317529,1.2531683,2.5414374,1.815212,0,normal,Preprocessed_Dataset/ddsm/ddsm_1817.jpg,ddsm,train
2.7951307,1.2605815,2.7168636,1.8447651,0,normal,Preprocessed_Dataset/ddsm/ddsm_1572.jpg,ddsm,train
1.083935,1.8760644,1.0049924,1.5294753,1,benign,Preprocessed_Dataset/ddsm/ddsm_7715.jpg,ddsm,train
2.6186857,1.2795974,2.5752392,1.9322484,0,normal,Preprocessed_Dataset/ddsm/ddsm_2263.jpg,ddsm,train
1.2294325,2.5820897,2.0886695,2.4977891,2,malignant,Preprocessed_Dataset/ddsm/ddsm_6219.jpg,ddsm,train
1.4985945,2.2506714,1.9744829,2.2555466,1,benign,Preprocessed_Dataset/ddsm/ddsm_7534.jpg,ddsm,train
1.7687473,0.4065975,0.5645951,0.34062636,1,benign,Preprocessed_Dataset/cmmd/cmmd_413.jpg,cmmd,train
1.8839587,1.4112859,1.8270863,1.687858,2,malignant,Preprocessed_Dataset/ddsm/ddsm_5593.jpg,ddsm,train
1.2625263,1.4157199,0.8470006,1.2561243,1,benign,Preprocessed_Dataset/ddsm/ddsm_8986.jpg,ddsm,train
1.4979498,2.2445912,2.2357826,2.1789706,2,malignant,Preprocessed_Dataset/cmmd/cmmd_2053.jpg,cmmd,train
2.68229,1.300344,2.668111,1.7878418,0,normal,Preprocessed_Dataset/ddsm/ddsm_2485.jpg,ddsm,train
1.0432532,1.4489696,0.76112616,1.4485247,1,benign,Preprocessed_Dataset/ddsm/ddsm_6434.jpg,ddsm,train
2.795899,1.5487404,2.8442922,2.1277392,0,normal,Preprocessed_Dataset/ddsm/ddsm_660.jpg,ddsm,train
2.7478127,1.428631,2.7872932,1.9761286,0,normal,Preprocessed_Dataset/ddsm/ddsm_1212.jpg,ddsm,train
1.0862155,1.6398642,0.8328339,1.3961262,1,benign,Preprocessed_Dataset/ddsm/ddsm_7207.jpg,ddsm,train
1.7041225,0.6014197,0.67087746,0.47859108,1,benign,Preprocessed_Dataset/cmmd/cmmd_462.jpg,cmmd,train
1.620443,0.67542183,0.5696362,0.5435884,1,benign,Preprocessed_Dataset/cmmd/cmmd_2136.jpg,cmmd,train
1.7323158,2.4813592,2.802494,2.4596264,2,malignant,Preprocessed_Dataset/cmmd/cmmd_4135.jpg,cmmd,train
2.5453482,1.3378313,2.5662413,1.8071656,0,normal,Preprocessed_Dataset/ddsm/ddsm_1227.jpg,ddsm,train
1.2214868,1.4061779,0.7394248,1.2335974,1,benign,Preprocessed_Dataset/ddsm/ddsm_9267.jpg,ddsm,train
1.402066,2.5674727,2.2458558,2.605714,2,malignant,Preprocessed_Dataset/ddsm/ddsm_4155.jpg,ddsm,train
1.3030549,1.6261054,0.9681663,1.4987792,1,benign,Preprocessed_Dataset/ddsm/ddsm_7806.jpg,ddsm,train
1.6878642,2.539218,2.5894887,2.442311,2,malignant,Preprocessed_Dataset/cmmd/cmmd_5030.jpg,cmmd,train
1.0452263,2.5276246,1.8810602,2.1713037,2,malignant,Preprocessed_Dataset/cdd-cesm/cdd-cesm_793.jpg,cdd-cesm,train
1.6336395,0.8250261,0.7603249,0.6569586,1,benign,Preprocessed_Dataset/cmmd/cmmd_163.jpg,cmmd,train
1.3723267,2.5639257,2.2782688,2.4916515,2,malignant,Preprocessed_Dataset/ddsm/ddsm_5083.jpg,ddsm,train
1.4079752,1.8124831,1.6594511,1.2030191,0,normal,Preprocessed_Dataset/cdd-cesm/cdd-cesm_349.jpg,cdd-cesm,train
1.2843233,1.4906958,1.0746123,1.3808935,1,benign,Preprocessed_Dataset/ddsm/ddsm_8292.jpg,ddsm,train
1.4289474,2.5611863,2.17791,2.5814784,2,malignant,Preprocessed_Dataset/ddsm/ddsm_3932.jpg,ddsm,train
1.0331296,1.5297208,0.6842195,1.3165817,1,benign,Preprocessed_Dataset/ddsm/ddsm_9631.jpg,ddsm,train
0.150599,1.6036129,0.57488513,1.4298724,1,benign,Preprocessed_Dataset/dmid/dmid_319.jpg,dmid,train
1.1019769,1.5353565,0.6672369,1.2630732,1,benign,Preprocessed_Dataset/ddsm/ddsm_8488.jpg,ddsm,train
2.868663,1.2046432,2.6824849,1.7703158,0,normal,Preprocessed_Dataset/ddsm/ddsm_1034.jpg,ddsm,train
2.7547615,1.2462771,2.7232752,1.8320748,0,normal,Preprocessed_Dataset/ddsm/ddsm_2599.jpg,ddsm,train
1.0014153,1.6507801,0.93968296,0.90322727,1,benign,Preprocessed_Dataset/cdd-cesm/cdd-cesm_507.jpg,cdd-cesm,train
1.5763842,2.247089,2.2712238,2.1601377,2,malignant,Preprocessed_Dataset/cmmd/cmmd_1857.jpg,cmmd,train
2.609397,1.325345,2.4827638,1.9366666,0,normal,Preprocessed_Dataset/ddsm/ddsm_545.jpg,ddsm,train
2.739678,1.3285681,2.87713,1.3364842,0,normal,Preprocessed_Dataset/cdd-cesm/cdd-cesm_241.jpg,cdd-cesm,train
1.5159649,2.1728024,2.2411795,2.17137,2,malignant,Preprocessed_Dataset/cmmd/cmmd_1424.jpg,cmmd,train
1.9539089,1.5972283,1.9111854,1.7713686,0,normal,Preprocessed_Dataset/ddsm/ddsm_2458.jpg,ddsm,train
1.4145439,2.5600321,2.3473523,2.5522928,2,malignant,Preprocessed_Dataset/ddsm/ddsm_5537.jpg,ddsm,train
1.3441308,2.6802478,2.3564146,2.6125617,2,malignant,Preprocessed_Dataset/ddsm/ddsm_5885.jpg,ddsm,train
2.856526,1.2985464,2.7217486,1.8864483,0,normal,Preprocessed_Dataset/ddsm/ddsm_2566.jpg,ddsm,train
1.1959867,2.5112119,2.1241717,2.3981557,2,malignant,Preprocessed_Dataset/ddsm/ddsm_3283.jpg,ddsm,train
1.4022348,2.255755,2.15691,2.0714645,2,malignant,Preprocessed_Dataset/cmmd/cmmd_1326.jpg,cmmd,train
2.7338672,1.4842098,2.8223512,2.1330664,0,normal,Preprocessed_Dataset/ddsm/ddsm_2624.jpg,ddsm,train
1.6958317,0.5892527,0.69576406,0.6002108,1,benign,Preprocessed_Dataset/cmmd/cmmd_415.jpg,cmmd,train
1.032585,1.4325085,0.8192614,0.87917364,1,benign,Preprocessed_Dataset/cdd-cesm/cdd-cesm_362.jpg,cdd-cesm,train
2.7827058,1.3010612,2.5464065,1.8312771,0,normal,Preprocessed_Dataset/ddsm/ddsm_2356.jpg,ddsm,train
1.4398463,1.8175513,1.5669055,1.8868662,1,benign,Preprocessed_Dataset/ddsm/ddsm_6804.jpg,ddsm,train
2.1257951,1.2906337,2.806868,2.0289843,0,normal,Preprocessed_Dataset/dmid/dmid_204.jpg,dmid,train
1.5740393,2.2420087,2.4138215,2.242804,2,malignant,Preprocessed_Dataset/cmmd/cmmd_5010.jpg,cmmd,train
1.6678972,2.3270454,2.4111822,2.2739608,2,malignant,Preprocessed_Dataset/cmmd/cmmd_3883.jpg,cmmd,train
1.2216264,1.2448516,0.6385317,0.9113381,1,benign,Preprocessed_Dataset/ddsm/ddsm_9736.jpg,ddsm,train
1.1798799,2.6728191,2.1223392,2.2751715,2,malignant,Preprocessed_Dataset/cdd-cesm/cdd-cesm_844.jpg,cdd-cesm,train
1.2110596,1.4441092,0.8008628,1.2588543,1,benign,Preprocessed_Dataset/ddsm/ddsm_8894.jpg,ddsm,train
1.18355,1.4473957,0.6687089,1.2802002,1,benign,Preprocessed_Dataset/ddsm/ddsm_10086.jpg,ddsm,train
1.6387316,1.8942457,1.8341721,1.8540096,2,malignant,Preprocessed_Dataset/ddsm/ddsm_3804.jpg,ddsm,train
2.8981197,1.3537737,2.6391997,1.8769978,0,normal,Preprocessed_Dataset/ddsm/ddsm_1379.jpg,ddsm,train
1.1822736,1.5717444,0.8242973,1.3975246,1,benign,Preprocessed_Dataset/ddsm/ddsm_7053.jpg,ddsm,train
1.3103902,2.8066545,2.3423185,2.7346363,2,malignant,Preprocessed_Dataset/ddsm/ddsm_6080.jpg,ddsm,train
1.334525,2.5447087,2.3368037,2.5438724,2,malignant,Preprocessed_Dataset/ddsm/ddsm_3019.jpg,ddsm,train
1.1237879,1.5816023,0.81298715,1.3828444,1,benign,Preprocessed_Dataset/ddsm/ddsm_8289.jpg,ddsm,train
1.1157054,1.5539063,0.6940738,1.3648083,1,benign,Preprocessed_Dataset/ddsm/ddsm_7961.jpg,ddsm,train
2.789405,1.1812286,2.7225208,1.9026206,0,normal,Preprocessed_Dataset/ddsm/ddsm_1334.jpg,ddsm,train
1.3218775,2.1167128,1.7172374,2.106757,2,malignant,Preprocessed_Dataset/ddsm/ddsm_4434.jpg,ddsm,train
1.6532259,2.072169,2.2055407,2.0509105,1,benign,Preprocessed_Dataset/cmmd/cmmd_2227.jpg,cmmd,train
1.0924492,1.5810282,0.7729939,1.3994763,1,benign,Preprocessed_Dataset/ddsm/ddsm_7691.jpg,ddsm,train
1.3123319,2.5626783,2.2165515,2.4416683,2,malignant,Preprocessed_Dataset/ddsm/ddsm_4603.jpg,ddsm,train
2.094956,1.265384,1.8002449,1.5814655,1,benign,Preprocessed_Dataset/ddsm/ddsm_9946.jpg,ddsm,train
1.1637514,1.4256128,0.6798842,1.2807486,1,benign,Preprocessed_Dataset/ddsm/ddsm_7257.jpg,ddsm,train
1.652919,2.4087856,2.4592056,2.2960336,2,malignant,Preprocessed_Dataset/cmmd/cmmd_3645.jpg,cmmd,train
2.6122267,1.6076566,2.4440372,1.3255008,0,normal,Preprocessed_Dataset/inbreast/inbreast_208.jpg,inbreast,train
1.1178744,1.3933636,0.5659764,1.137092,1,benign,Preprocessed_Dataset/ddsm/ddsm_8541.jpg,ddsm,train
1.0259306,1.6113526,0.8288248,1.449162,1,benign,Preprocessed_Dataset/ddsm/ddsm_10392.jpg,ddsm,train
1.1902744,2.6420214,2.223731,2.5123613,2,malignant,Preprocessed_Dataset/ddsm/ddsm_5663.jpg,ddsm,train
0.9708137,1.3744946,0.6579206,1.1646761,1,benign,Preprocessed_Dataset/ddsm/ddsm_7583.jpg,ddsm,train
0.07899594,1.6884472,0.470667,1.3816311,1,benign,Preprocessed_Dataset/dmid/dmid_124.jpg,dmid,train
2.1224499,1.2626898,2.8302565,2.020092,0,normal,Preprocessed_Dataset/dmid/dmid_350.jpg,dmid,train
1.4825308,2.2537522,2.1382234,2.1704578,2,malignant,Preprocessed_Dataset/cmmd/cmmd_2818.jpg,cmmd,train
1.4408096,1.8967043,1.851737,1.757086,2,malignant,Preprocessed_Dataset/cmmd/cmmd_5186.jpg,cmmd,train
1.4406934,2.7659376,2.5024698,2.7368026,2,malignant,Preprocessed_Dataset/ddsm/ddsm_5833.jpg,ddsm,train
2.6975434,1.2601357,2.557146,1.7996175,0,normal,Preprocessed_Dataset/ddsm/ddsm_392.jpg,ddsm,train
1.257184,2.7519612,2.4184043,2.6929584,2,malignant,Preprocessed_Dataset/ddsm/ddsm_3392.jpg,ddsm,train
2.0777755,1.229565,2.5798728,2.1528406,0,normal,Preprocessed_Dataset/dmid/dmid_349.jpg,dmid,train
1.4854715,2.2305014,2.2206964,2.1664214,2,malignant,Preprocessed_Dataset/cmmd/cmmd_3060.jpg,cmmd,train
1.8249776,0.33579385,0.38717544,0.40496707,1,benign,Preprocessed_Dataset/cmmd/cmmd_519.jpg,cmmd,train
2.406101,1.5530975,2.4131148,1.8183903,1,benign,Preprocessed_Dataset/ddsm/ddsm_6958.jpg,ddsm,train
1.3504174,2.6377413,2.251358,2.5151553,2,malignant,Preprocessed_Dataset/ddsm/ddsm_3249.jpg,ddsm,train
1.2432117,2.6236181,2.306326,2.5868938,2,malignant,Preprocessed_Dataset/ddsm/ddsm_3414.jpg,ddsm,train
1.2283105,2.7048655,2.1743505,2.6209214,2,malignant,Preprocessed_Dataset/ddsm/ddsm_6188.jpg,ddsm,train
1.3766718,2.632184,2.2085972,2.5771666,2,malignant,Preprocessed_Dataset/ddsm/ddsm_6109.jpg,ddsm,train
3.1415927,1.0838065,2.9041922,1.8754557,0,normal,Preprocessed_Dataset/ddsm/ddsm_1944.jpg,ddsm,train
0.9565487,1.5755615,0.7025125,1.2856667,1,benign,Preprocessed_Dataset/ddsm/ddsm_6736.jpg,ddsm,train
1.4971496,2.2171474,2.1932018,2.0633762,2,malignant,Preprocessed_Dataset/cmmd/cmmd_1106.jpg,cmmd,train
1.4977963,2.6280847,2.2374632,2.5682817,2,malignant,Preprocessed_Dataset/ddsm/ddsm_3956.jpg,ddsm,train
2.8412175,1.265188,2.8088896,1.8134197,0,normal,Preprocessed_Dataset/ddsm/ddsm_905.jpg,ddsm,train
1.4725322,1.5773115,1.7511246,1.5405172,2,malignant,Preprocessed_Dataset/cmmd/cmmd_4308.jpg,cmmd,train
1.4991302,2.4436688,2.3300142,2.5010266,2,malignant,Preprocessed_Dataset/ddsm/ddsm_4390.jpg,ddsm,train
2.5357,1.2623829,2.4163074,1.9523504,0,normal,Preprocessed_Dataset/ddsm/ddsm_1764.jpg,ddsm,train
2.459114,1.6162667,2.8145542,2.086113,0,normal,Preprocessed_Dataset/ddsm/ddsm_482.jpg,ddsm,train
2.269773,1.606624,2.4737954,1.8531461,0,normal,Preprocessed_Dataset/ddsm/ddsm_1364.jpg,ddsm,train
1.1247392,1.6100333,0.73296595,1.4094454,1,benign,Preprocessed_Dataset/ddsm/ddsm_9882.jpg,ddsm,train
1.1919801,1.5777781,0.99053663,1.3743073,1,benign,Preprocessed_Dataset/ddsm/ddsm_9516.jpg,ddsm,train
1.1375085,1.4273942,0.7339381,1.3198016,1,benign,Preprocessed_Dataset/ddsm/ddsm_9786.jpg,ddsm,train
1.0713027,1.514939,0.788642,1.3645699,1,benign,Preprocessed_Dataset/ddsm/ddsm_9421.jpg,ddsm,train
1.5059013,1.9782304,2.0191798,1.9070525,2,malignant,Preprocessed_Dataset/cmmd/cmmd_1460.jpg,cmmd,train
1.1492014,1.5829096,0.9908337,1.369597,1,benign,Preprocessed_Dataset/ddsm/ddsm_9626.jpg,ddsm,train
1.1002293,1.4236635,0.8237238,1.367058,1,benign,Preprocessed_Dataset/ddsm/ddsm_6927.jpg,ddsm,train
1.223249,2.5743594,2.29929,2.4744074,2,malignant,Preprocessed_Dataset/ddsm/ddsm_5967.jpg,ddsm,train
1.9375817,1.1901238,1.6171598,1.4908414,1,benign,Preprocessed_Dataset/ddsm/ddsm_6807.jpg,ddsm,train
1.0658956,1.5616385,0.68370783,1.2784147,1,benign,Preprocessed_Dataset/ddsm/ddsm_6681.jpg,ddsm,train
1.4583004,2.1592917,2.1179426,2.0821943,2,malignant,Preprocessed_Dataset/cmmd/cmmd_1339.jpg,cmmd,train
1.2194016,1.5388885,0.87876254,1.3899142,1,benign,Preprocessed_Dataset/ddsm/ddsm_7464.jpg,ddsm,train
1.6425097,2.2858295,2.3703766,2.2439609,2,malignant,Preprocessed_Dataset/cmmd/cmmd_4615.jpg,cmmd,train
2.7041373,1.266314,2.5499387,1.8305036,0,normal,Preprocessed_Dataset/ddsm/ddsm_2460.jpg,ddsm,train
1.992547,1.8703967,2.4014404,2.0544257,0,normal,Preprocessed_Dataset/ddsm/ddsm_2160.jpg,ddsm,train
1.0978601,1.413564,0.67946744,1.2057647,1,benign,Preprocessed_Dataset/ddsm/ddsm_8058.jpg,ddsm,train
1.2902964,1.4741106,0.9147136,1.4068401,1,benign,Preprocessed_Dataset/ddsm/ddsm_6808.jpg,ddsm,train
1.6446798,2.317514,2.3556457,2.2813735,2,malignant,Preprocessed_Dataset/cmmd/cmmd_3314.jpg,cmmd,train
2.8296041,1.3088708,2.7709093,1.984782,0,normal,Preprocessed_Dataset/ddsm/ddsm_1116.jpg,ddsm,train
1.4205558,2.6309028,2.4236434,2.740964,2,malignant,Preprocessed_Dataset/ddsm/ddsm_3306.jpg,ddsm,train
2.8463025,1.2799882,2.729058,1.8456062,0,normal,Preprocessed_Dataset/ddsm/ddsm_2764.jpg,ddsm,train
0.97667307,1.756972,0.46805334,0.75114334,1,benign,Preprocessed_Dataset/inbreast/inbreast_300.jpg,inbreast,train
1.5288305,2.383636,2.2375607,2.4354608,2,malignant,Preprocessed_Dataset/ddsm/ddsm_4901.jpg,ddsm,train
1.4499873,2.2493167,1.9736202,2.2749765,2,malignant,Preprocessed_Dataset/ddsm/ddsm_4006.jpg,ddsm,train
1.4212704,2.6805458,2.285841,2.6711144,2,malignant,Preprocessed_Dataset/ddsm/ddsm_5508.jpg,ddsm,train
2.8593543,1.1694562,2.6925092,1.8155601,0,normal,Preprocessed_Dataset/ddsm/ddsm_393.jpg,ddsm,train
3.105782,1.1141176,2.637096,1.7236159,0,normal,Preprocessed_Dataset/ddsm/ddsm_1633.jpg,ddsm,train
1.5885686,1.7426432,1.7968345,1.700916,2,malignant,Preprocessed_Dataset/ddsm/ddsm_3919.jpg,ddsm,train
0.06697881,1.4772274,0.56419516,1.5191047,1,benign,Preprocessed_Dataset/dmid/dmid_20.jpg,dmid,train
1.2401189,1.4931289,0.9303975,1.4727846,1,benign,Preprocessed_Dataset/ddsm/ddsm_8850.jpg,ddsm,train
2.527499,1.5810429,2.460793,1.3962407,0,normal,Preprocessed_Dataset/inbreast/inbreast_234.jpg,inbreast,train
1.6215434,2.419406,2.3741376,2.3683763,2,malignant,Preprocessed_Dataset/cmmd/cmmd_3825.jpg,cmmd,train
1.1197238,1.4574794,0.7255266,1.2514724,1,benign,Preprocessed_Dataset/ddsm/ddsm_8213.jpg,ddsm,train
1.5382553,2.4622018,2.4005022,2.3838904,2,malignant,Preprocessed_Dataset/cmmd/cmmd_3130.jpg,cmmd,train
1.0981264,1.4430491,0.5674701,1.2915945,1,benign,Preprocessed_Dataset/ddsm/ddsm_8667.jpg,ddsm,train
2.862278,1.2258468,2.6311362,1.344209,0,normal,Preprocessed_Dataset/cdd-cesm/cdd-cesm_129.jpg,cdd-cesm,train
3.0242567,0.99765384,2.679657,1.7659826,0,normal,Preprocessed_Dataset/ddsm/ddsm_2360.jpg,ddsm,train
1.0143173,1.5377433,0.64477074,1.370173,1,benign,Preprocessed_Dataset/ddsm/ddsm_7930.jpg,ddsm,train
2.7145405,1.2645524,2.691368,1.7504089,0,normal,Preprocessed_Dataset/ddsm/ddsm_1659.jpg,ddsm,train
2.8037992,1.3400646,2.8547864,2.0439785,0,normal,Preprocessed_Dataset/ddsm/ddsm_844.jpg,ddsm,train
1.5618517,2.2002726,2.2020314,2.2712789,2,malignant,Preprocessed_Dataset/cmmd/cmmd_1393.jpg,cmmd,train
1.6171995,2.3637073,2.3820696,2.267285,2,malignant,Preprocessed_Dataset/cmmd/cmmd_4216.jpg,cmmd,train
1.5590595,2.3127804,2.4618697,2.2337165,2,malignant,Preprocessed_Dataset/cmmd/cmmd_865.jpg,cmmd,train
1.1497276,2.8079722,2.247955,2.6983306,2,malignant,Preprocessed_Dataset/ddsm/ddsm_5868.jpg,ddsm,train
1.5458972,1.7963624,1.6469445,1.7004942,1,benign,Preprocessed_Dataset/ddsm/ddsm_7668.jpg,ddsm,train
2.7320728,1.2665124,2.5422258,1.86591,0,normal,Preprocessed_Dataset/ddsm/ddsm_544.jpg,ddsm,train
2.95426,1.0985882,2.7644405,1.7777551,0,normal,Preprocessed_Dataset/ddsm/ddsm_1106.jpg,ddsm,train
1.3331888,2.571356,2.2885242,2.451048,2,malignant,Preprocessed_Dataset/ddsm/ddsm_4532.jpg,ddsm,train
2.7181215,1.1500912,2.5911798,1.8192587,0,normal,Preprocessed_Dataset/ddsm/ddsm_1643.jpg,ddsm,train
3.0094447,1.2264197,2.9112606,1.8599339,0,normal,Preprocessed_Dataset/ddsm/ddsm_450.jpg,ddsm,train
1.3825924,2.003026,1.7366854,1.5996596,0,normal,Preprocessed_Dataset/cdd-cesm/cdd-cesm_301.jpg,cdd-cesm,train
1.1774311,1.508322,0.81913215,1.3662338,1,benign,Preprocessed_Dataset/ddsm/ddsm_9937.jpg,ddsm,train
2.7508154,1.2352221,2.561252,1.7746465,0,normal,Preprocessed_Dataset/ddsm/ddsm_523.jpg,ddsm,train
1.5464017,2.27091,2.3043346,2.2055357,2,malignant,Preprocessed_Dataset/cmmd/cmmd_1404.jpg,cmmd,train
2.1430979,1.7385292,2.4464736,2.1707785,2,malignant,Preprocessed_Dataset/ddsm/ddsm_2789.jpg,ddsm,train
1.1433533,1.6331236,0.9961422,1.4368843,1,benign,Preprocessed_Dataset/ddsm/ddsm_7813.jpg,ddsm,train
1.5032527,3.0814571,2.6685317,3.0968459,2,malignant,Preprocessed_Dataset/ddsm/ddsm_5718.jpg,ddsm,train
2.900005,1.2702323,2.4141285,1.0959368,0,normal,Preprocessed_Dataset/inbreast/inbreast_260.jpg,inbreast,train
1.2031367,1.5615853,0.97122455,1.4573028,1,benign,Preprocessed_Dataset/ddsm/ddsm_9893.jpg,ddsm,train
1.6402714,0.38608015,0.5642432,0.17778611,1,benign,Preprocessed_Dataset/cmmd/cmmd_2240.jpg,cmmd,train
1.550469,2.2394142,2.2512548,2.2066345,2,malignant,Preprocessed_Dataset/cmmd/cmmd_3007.jpg,cmmd,train
1.5200126,2.2113724,2.2384205,2.1174512,2,malignant,Preprocessed_Dataset/cmmd/cmmd_4003.jpg,cmmd,train
1.0665386,1.7136024,0.4961208,0.6584152,1,benign,Preprocessed_Dataset/inbreast/inbreast_317.jpg,inbreast,train
1.2481475,1.6820916,1.1480217,1.573933,1,benign,Preprocessed_Dataset/ddsm/ddsm_8726.jpg,ddsm,train
1.495914,2.5990927,2.3965034,2.7408614,2,malignant,Preprocessed_Dataset/ddsm/ddsm_3410.jpg,ddsm,train
1.5345474,1.5813042,1.2823557,1.5278015,1,benign,Preprocessed_Dataset/ddsm/ddsm_10397.jpg,ddsm,train
1.6058456,0.45451283,0.595863,0.28839338,1,benign,Preprocessed_Dataset/cmmd/cmmd_611.jpg,cmmd,train
0.10341537,1.7563683,0.73757946,1.584553,1,benign,Preprocessed_Dataset/dmid/dmid_393.jpg,dmid,train
1.1073949,1.4973422,0.76544803,1.3228626,1,benign,Preprocessed_Dataset/ddsm/ddsm_9402.jpg,ddsm,train
2.7474623,1.0871809,2.396577,1.6097348,0,normal,Preprocessed_Dataset/ddsm/ddsm_503.jpg,ddsm,train
1.8112285,0.46915638,0.56685114,0.47196007,1,benign,Preprocessed_Dataset/cmmd/cmmd_3599.jpg,cmmd,train
2.685735,1.324815,2.3842769,1.7951647,0,normal,Preprocessed_Dataset/ddsm/ddsm_1262.jpg,ddsm,train
2.7563326,1.2721243,2.753412,1.7910361,0,normal,Preprocessed_Dataset/ddsm/ddsm_409.jpg,ddsm,train
2.8821197,1.3043643,2.8209944,1.928381,0,normal,Preprocessed_Dataset/ddsm/ddsm_1304.jpg,ddsm,train
1.5408055,2.3228793,2.304794,2.166629,2,malignant,Preprocessed_Dataset/cmmd/cmmd_3181.jpg,cmmd,train
2.7887793,1.2660477,2.7544987,1.9537504,0,normal,Preprocessed_Dataset/ddsm/ddsm_1548.jpg,ddsm,train
1.2453709,2.804725,2.4264624,2.6874151,2,malignant,Preprocessed_Dataset/ddsm/ddsm_4110.jpg,ddsm,train
1.6200098,0.73893625,0.7023821,0.68103194,1,benign,Preprocessed_Dataset/cmmd/cmmd_152.jpg,cmmd,train
1.0570251,1.3963299,0.6948322,1.2908521,1,benign,Preprocessed_Dataset/ddsm/ddsm_8663.jpg,ddsm,train
2.8720546,1.1331367,2.5875232,1.864087,0,normal,Preprocessed_Dataset/ddsm/ddsm_1240.jpg,ddsm,train
1.0043938,1.5426525,1.418026,1.7016333,0,normal,Preprocessed_Dataset/dmid/dmid_377.jpg,dmid,train
1.6055621,1.3980012,1.5016404,1.4838133,1,benign,Preprocessed_Dataset/ddsm/ddsm_7935.jpg,ddsm,train
1.2525805,1.8252281,1.2707107,1.6735014,1,benign,Preprocessed_Dataset/ddsm/ddsm_8949.jpg,ddsm,train
1.5104446,1.8972291,1.8734993,1.7448583,2,malignant,Preprocessed_Dataset/cmmd/cmmd_3706.jpg,cmmd,train
1.643221,2.2534685,2.2512612,2.1774173,2,malignant,Preprocessed_Dataset/cmmd/cmmd_4002.jpg,cmmd,train
2.7403393,1.3214536,2.7707934,1.9688096,0,normal,Preprocessed_Dataset/ddsm/ddsm_2480.jpg,ddsm,train
0.9699249,1.2823659,0.49385417,0.8119596,1,benign,Preprocessed_Dataset/cdd-cesm/cdd-cesm_181.jpg,cdd-cesm,train
1.3962505,1.2086112,1.1534753,1.1198112,1,benign,Preprocessed_Dataset/cmmd/cmmd_2343.jpg,cmmd,train
2.7227066,1.2436299,2.7296348,1.7000308,0,normal,Preprocessed_Dataset/ddsm/ddsm_2613.jpg,ddsm,train
1.698091,2.4442074,2.5221741,2.4071581,2,malignant,Preprocessed_Dataset/cmmd/cmmd_4364.jpg,cmmd,train
1.4807383,2.3318276,2.2669277,2.253573,2,malignant,Preprocessed_Dataset/cmmd/cmmd_2799.jpg,cmmd,train
1.0830884,1.4662776,0.6906353,1.2204034,1,benign,Preprocessed_Dataset/ddsm/ddsm_6469.jpg,ddsm,train
1.5182418,2.3651075,2.3582916,2.2635171,2,malignant,Preprocessed_Dataset/cmmd/cmmd_3319.jpg,cmmd,train
2.1012418,1.2391968,2.5706024,1.8533837,0,normal,Preprocessed_Dataset/dmid/dmid_90.jpg,dmid,train
1.2019837,1.4281573,0.83506584,1.3140612,1,benign,Preprocessed_Dataset/ddsm/ddsm_8540.jpg,ddsm,train
1.0624697,1.5013729,0.63147366,1.3144944,1,benign,Preprocessed_Dataset/ddsm/ddsm_9167.jpg,ddsm,train
1.5576475,2.1839852,2.2328022,2.1065419,2,malignant,Preprocessed_Dataset/cmmd/cmmd_896.jpg,cmmd,train
1.103266,1.3997287,0.8074465,1.3171685,1,benign,Preprocessed_Dataset/ddsm/ddsm_9109.jpg,ddsm,train
1.4462571,1.5296102,1.3516359,1.4422997,1,benign,Preprocessed_Dataset/ddsm/ddsm_7369.jpg,ddsm,train
1.2401124,2.8692636,2.3459392,2.815166,2,malignant,Preprocessed_Dataset/ddsm/ddsm_2926.jpg,ddsm,train
2.6871538,1.5099325,2.7945352,1.9321423,0,normal,Preprocessed_Dataset/ddsm/ddsm_2430.jpg,ddsm,train
2.983132,1.3012414,3.1415925,1.995065,0,normal,Preprocessed_Dataset/ddsm/ddsm_604.jpg,ddsm,train
1.5519084,1.600093,1.4516033,1.6947365,1,benign,Preprocessed_Dataset/ddsm/ddsm_7492.jpg,ddsm,train
2.7412555,1.1669416,2.5496597,1.8426269,0,normal,Preprocessed_Dataset/ddsm/ddsm_283.jpg,ddsm,train
2.6276941,1.3292696,2.7390716,1.7082058,0,normal,Preprocessed_Dataset/ddsm/ddsm_683.jpg,ddsm,train
1.8847976,1.6423221,1.9483725,1.9049327,1,benign,Preprocessed_Dataset/ddsm/ddsm_8277.jpg,ddsm,train
2.899199,0.88101226,2.3950996,1.5138385,0,normal,Preprocessed_Dataset/ddsm/ddsm_1825.jpg,ddsm,train
1.4214804,2.0632014,1.8988147,1.8402483,2,malignant,Preprocessed_Dataset/cmmd/cmmd_1076.jpg,cmmd,train
1.4041284,2.9177165,2.4826732,2.7128453,2,malignant,Preprocessed_Dataset/ddsm/ddsm_5061.jpg,ddsm,train
1.256633,2.6230738,2.2902603,2.4792604,2,malignant,Preprocessed_Dataset/ddsm/ddsm_4570.jpg,ddsm,train
1.0905571,1.7690239,0.53565574,0.6889224,1,benign,Preprocessed_Dataset/inbreast/inbreast_201.jpg,inbreast,train
1.1845767,1.4900455,0.8570199,1.3523471,1,benign,Preprocessed_Dataset/ddsm/ddsm_9525.jpg,ddsm,train
2.7696977,1.234365,2.7763531,1.9222876,0,normal,Preprocessed_Dataset/ddsm/ddsm_737.jpg,ddsm,train
1.2595512,2.7637548,2.2090034,2.5983858,2,malignant,Preprocessed_Dataset/ddsm/ddsm_3245.jpg,ddsm,train
2.8826547,1.0991085,2.6028013,1.8422995,0,normal,Preprocessed_Dataset/ddsm/ddsm_1109.jpg,ddsm,train
0.86938643,2.7963257,2.0447755,2.588513,2,malignant,Preprocessed_Dataset/ddsm/ddsm_2975.jpg,ddsm,train
2.3217824,1.3062818,2.18674,1.5746149,1,benign,Preprocessed_Dataset/ddsm/ddsm_9341.jpg,ddsm,train
1.5679749,2.3069115,2.4508684,2.2598813,2,malignant,Preprocessed_Dataset/cmmd/cmmd_268.jpg,cmmd,train
1.3101457,2.6537368,2.2863371,2.6385908,2,malignant,Preprocessed_Dataset/ddsm/ddsm_6288.jpg,ddsm,train
2.7306955,1.3161578,2.6232061,1.9144164,0,normal,Preprocessed_Dataset/ddsm/ddsm_776.jpg,ddsm,train
2.991453,1.2442657,2.7354527,1.8540497,0,normal,Preprocessed_Dataset/ddsm/ddsm_1377.jpg,ddsm,train
1.1169522,1.5618215,0.89867556,1.3470469,1,benign,Preprocessed_Dataset/ddsm/ddsm_6677.jpg,ddsm,train
1.286822,2.7278354,2.40218,2.6766067,2,malignant,Preprocessed_Dataset/ddsm/ddsm_5950.jpg,ddsm,train
1.5098377,2.1977353,2.1522386,2.1858692,2,malignant,Preprocessed_Dataset/cmmd/cmmd_3489.jpg,cmmd,train
1.0920415,1.6009157,1.0275513,1.3509979,1,benign,Preprocessed_Dataset/ddsm/ddsm_7138.jpg,ddsm,train
1.2428235,1.4809892,0.82484454,1.2641687,1,benign,Preprocessed_Dataset/ddsm/ddsm_8350.jpg,ddsm,train
2.7485867,1.2507966,2.590586,1.8571982,0,normal,Preprocessed_Dataset/ddsm/ddsm_1769.jpg,ddsm,train
1.1127572,1.1561468,0.52821183,1.0889453,1,benign,Preprocessed_Dataset/ddsm/ddsm_6776.jpg,ddsm,train
2.6840606,1.3447139,2.8678865,1.9807539,0,normal,Preprocessed_Dataset/ddsm/ddsm_2631.jpg,ddsm,train
1.0935512,1.5460379,0.7820407,1.314112,1,benign,Preprocessed_Dataset/ddsm/ddsm_9496.jpg,ddsm,train
1.6597741,0.5689174,0.56433165,0.4429481,1,benign,Preprocessed_Dataset/cmmd/cmmd_1922.jpg,cmmd,train
1.3380169,2.5621502,2.2725043,2.537985,2,malignant,Preprocessed_Dataset/ddsm/ddsm_3616.jpg,ddsm,train
1.0363928,1.5862726,0.631963,1.2882786,1,benign,Preprocessed_Dataset/ddsm/ddsm_10049.jpg,ddsm,train
1.1250448,1.3477545,0.73785615,1.1951997,1,benign,Preprocessed_Dataset/ddsm/ddsm_6571.jpg,ddsm,train
1.2371802,1.355249,0.754347,1.2035732,1,benign,Preprocessed_Dataset/ddsm/ddsm_9983.jpg,ddsm,train
2.8103452,1.1475987,2.6299167,1.8240571,0,normal,Preprocessed_Dataset/ddsm/ddsm_1187.jpg,ddsm,train
1.1581286,2.5532503,2.202767,2.4245038,2,malignant,Preprocessed_Dataset/ddsm/ddsm_4935.jpg,ddsm,train
1.0658033,1.4678706,0.9355659,0.6588143,1,benign,Preprocessed_Dataset/cdd-cesm/cdd-cesm_999.jpg,cdd-cesm,train
1.0289794,1.4911768,0.6407058,1.3411939,1,benign,Preprocessed_Dataset/ddsm/ddsm_7172.jpg,ddsm,train
1.6410125,2.181172,2.1934018,2.228075,2,malignant,Preprocessed_Dataset/cmmd/cmmd_745.jpg,cmmd,train
2.8316731,1.3129534,2.7404103,1.8477848,0,normal,Preprocessed_Dataset/ddsm/ddsm_2409.jpg,ddsm,train
1.0462068,1.4044847,0.7595457,0.9712436,1,benign,Preprocessed_Dataset/cdd-cesm/cdd-cesm_992.jpg,cdd-cesm,train
1.5161507,2.3545296,2.2352934,2.3455079,2,malignant,Preprocessed_Dataset/cmmd/cmmd_2600.jpg,cmmd,train
1.5758241,2.2441764,2.3613515,2.130373,2,malignant,Preprocessed_Dataset/cmmd/cmmd_3701.jpg,cmmd,train
1.5573581,0.79855806,0.6487788,0.70482457,1,benign,Preprocessed_Dataset/cmmd/cmmd_2281.jpg,cmmd,train
2.6931114,1.1519861,2.6490672,1.8191592,0,normal,Preprocessed_Dataset/ddsm/ddsm_2540.jpg,ddsm,train
2.8020163,1.1620595,2.5290787,1.7099214,0,normal,Preprocessed_Dataset/ddsm/ddsm_2140.jpg,ddsm,train
2.7287552,1.3036625,2.7060678,1.7758685,0,normal,Preprocessed_Dataset/ddsm/ddsm_1977.jpg,ddsm,train
1.0483197,1.4929819,0.7261121,1.2817543,1,benign,Preprocessed_Dataset/ddsm/ddsm_9371.jpg,ddsm,train
1.3071735,2.5735388,2.2879398,2.5662649,2,malignant,Preprocessed_Dataset/ddsm/ddsm_4305.jpg,ddsm,train
1.2865981,2.5063703,2.0687594,2.4250798,2,malignant,Preprocessed_Dataset/ddsm/ddsm_2978.jpg,ddsm,train
1.0809277,1.5506381,0.6608341,1.3648462,1,benign,Preprocessed_Dataset/ddsm/ddsm_9997.jpg,ddsm,train
1.102868,1.9559244,1.196843,1.7494824,1,benign,Preprocessed_Dataset/ddsm/ddsm_10099.jpg,ddsm,train
3.0039022,0.9714604,2.731022,1.1171887,0,normal,Preprocessed_Dataset/cdd-cesm/cdd-cesm_62.jpg,cdd-cesm,train
1.0554144,1.529988,0.981558,0.8721576,1,benign,Preprocessed_Dataset/cdd-cesm/cdd-cesm_692.jpg,cdd-cesm,train
1.2562827,2.6231728,2.1593947,2.5217686,2,malignant,Preprocessed_Dataset/ddsm/ddsm_4995.jpg,ddsm,train
2.0723786,1.5978255,2.3399777,2.0023983,0,normal,Preprocessed_Dataset/ddsm/ddsm_1155.jpg,ddsm,train
1.5391726,2.29362,2.2511575,2.21217,2,malignant,Preprocessed_Dataset/cmmd/cmmd_2041.jpg,cmmd,train
1.4476831,2.5387118,2.3319583,2.4527755,2,malignant,Preprocessed_Dataset/ddsm/ddsm_3128.jpg,ddsm,train
1.7833508,0.6908645,0.7832062,0.536296,1,benign,Preprocessed_Dataset/cmmd/cmmd_3572.jpg,cmmd,train
1.3977122,2.4767578,2.348603,2.579773,2,malignant,Preprocessed_Dataset/ddsm/ddsm_5613.jpg,ddsm,train
1.0607865,1.5114226,0.7145468,1.2943147,1,benign,Preprocessed_Dataset/ddsm/ddsm_8131.jpg,ddsm,train
0.8877062,2.0863287,1.1880782,1.6944008,2,malignant,Preprocessed_Dataset/ddsm/ddsm_4055.jpg,ddsm,train
1.0079558,1.5008453,0.59856904,1.3208909,1,benign,Preprocessed_Dataset/ddsm/ddsm_6504.jpg,ddsm,train
1.370954,2.5209208,2.2142127,2.5231876,2,malignant,Preprocessed_Dataset/ddsm/ddsm_4968.jpg,ddsm,train
1.1159701,1.5099353,0.67973256,1.172282,1,benign,Preprocessed_Dataset/ddsm/ddsm_7370.jpg,ddsm,train
2.029008,1.19604,2.5369081,1.9201236,0,normal,Preprocessed_Dataset/dmid/dmid_381.jpg,dmid,train
1.5459672,2.322821,2.2701006,2.265203,2,malignant,Preprocessed_Dataset/cmmd/cmmd_1126.jpg,cmmd,train
2.836091,1.1742088,2.695818,1.8452803,0,normal,Preprocessed_Dataset/ddsm/ddsm_2302.jpg,ddsm,train
2.6793163,1.3140438,2.4888325,1.9289864,0,normal,Preprocessed_Dataset/ddsm/ddsm_2499.jpg,ddsm,train
2.5244482,1.3765389,2.806501,1.3244588,0,normal,Preprocessed_Dataset/cdd-cesm/cdd-cesm_410.jpg,cdd-cesm,train
2.731303,1.3221695,2.7816172,1.9018197,0,normal,Preprocessed_Dataset/ddsm/ddsm_2636.jpg,ddsm,train
1.1957455,1.303222,0.8037524,1.0564511,1,benign,Preprocessed_Dataset/ddsm/ddsm_8858.jpg,ddsm,train
1.2895286,2.6582055,2.1678178,2.6792634,2,malignant,Preprocessed_Dataset/ddsm/ddsm_6206.jpg,ddsm,train
1.949355,1.5878396,2.1293435,1.8997935,2,malignant,Preprocessed_Dataset/ddsm/ddsm_2940.jpg,ddsm,train
1.4983453,2.2403908,2.3024695,2.1896417,2,malignant,Preprocessed_Dataset/cmmd/cmmd_1871.jpg,cmmd,train
2.5313873,1.3277874,2.4892464,1.8809052,0,normal,Preprocessed_Dataset/ddsm/ddsm_9.jpg,ddsm,train
1.148051,2.7236784,2.2453725,2.555984,2,malignant,Preprocessed_Dataset/ddsm/ddsm_4510.jpg,ddsm,train
1.1285746,2.659906,2.1949625,2.1451821,2,malignant,Preprocessed_Dataset/cdd-cesm/cdd-cesm_801.jpg,cdd-cesm,train
1.1037197,1.4491636,0.8228566,1.2870355,1,benign,Preprocessed_Dataset/ddsm/ddsm_9459.jpg,ddsm,train
1.3379123,1.1391408,0.22219408,0.31574893,1,benign,Preprocessed_Dataset/inbreast/inbreast_120.jpg,inbreast,train
1.292193,2.719602,2.3057756,2.316138,2,malignant,Preprocessed_Dataset/cdd-cesm/cdd-cesm_257.jpg,cdd-cesm,train
1.581703,1.8515724,2.0490751,1.7801447,2,malignant,Preprocessed_Dataset/cdd-cesm/cdd-cesm_284.jpg,cdd-cesm,train
1.0764678,1.5155993,0.73032665,1.36169,1,benign,Preprocessed_Dataset/ddsm/ddsm_8778.jpg,ddsm,train
1.4934825,2.1971216,2.076737,2.065944,2,malignant,Preprocessed_Dataset/cmmd/cmmd_2761.jpg,cmmd,train
2.7259939,1.1896857,2.6778617,1.6494014,0,normal,Preprocessed_Dataset/ddsm/ddsm_2196.jpg,ddsm,train
1.1030936,1.5325073,0.6685724,1.3819057,1,benign,Preprocessed_Dataset/ddsm/ddsm_6594.jpg,ddsm,train
1.1593761,1.3952366,0.9326665,1.1726612,1,benign,Preprocessed_Dataset/ddsm/ddsm_6908.jpg,ddsm,train
1.3377736,1.8761063,1.0199739,0.971995,1,benign,Preprocessed_Dataset/inbreast/inbreast_112.jpg,inbreast,train
1.4190326,2.384319,2.247797,2.244671,2,malignant,Preprocessed_Dataset/cmmd/cmmd_4743.jpg,cmmd,train
1.6380603,2.3453789,2.380342,2.2220113,2,malignant,Preprocessed_Dataset/cmmd/cmmd_1433.jpg,cmmd,train
1.3454517,1.9465493,1.3850939,1.3333583,1,benign,Preprocessed_Dataset/inbreast/inbreast_73.jpg,inbreast,train
2.459105,1.4147377,2.3711007,1.9805198,0,normal,Preprocessed_Dataset/ddsm/ddsm_2260.jpg,ddsm,train
1.741937,0.44433355,0.54997134,0.5370821,1,benign,Preprocessed_Dataset/cmmd/cmmd_354.jpg,cmmd,train
1.5183988,2.168981,2.1804545,2.103675,2,malignant,Preprocessed_Dataset/cmmd/cmmd_1579.jpg,cmmd,train
1.2467804,1.7717816,0.8609602,0.8446219,1,benign,Preprocessed_Dataset/inbreast/inbreast_149.jpg,inbreast,train
1.1827713,1.4646516,0.8073529,1.2401509,1,benign,Preprocessed_Dataset/ddsm/ddsm_7791.jpg,ddsm,train
1.1981771,1.4166785,0.6481106,1.2079861,1,benign,Preprocessed_Dataset/ddsm/ddsm_10056.jpg,ddsm,train
2.5731497,1.2778034,2.6003003,1.4778528,0,normal,Preprocessed_Dataset/cdd-cesm/cdd-cesm_716.jpg,cdd-cesm,train
1.1415879,1.5195887,0.73887026,1.4346026,1,benign,Preprocessed_Dataset/ddsm/ddsm_7579.jpg,ddsm,train
1.1597176,1.4779416,0.8675283,1.3032389,1,benign,Preprocessed_Dataset/ddsm/ddsm_8682.jpg,ddsm,train
1.5031861,0.7142315,0.35422814,0.55652237,1,benign,Preprocessed_Dataset/cmmd/cmmd_423.jpg,cmmd,train
1.1266963,1.5128957,0.70682454,1.3259747,1,benign,Preprocessed_Dataset/ddsm/ddsm_9803.jpg,ddsm,train
1.475307,2.2008963,2.2537725,2.0473328,2,malignant,Preprocessed_Dataset/cmmd/cmmd_1452.jpg,cmmd,train
1.581999,0.89064634,0.7498094,0.6985369,1,benign,Preprocessed_Dataset/cmmd/cmmd_1929.jpg,cmmd,train
1.114367,1.4711719,0.68699324,1.2386843,1,benign,Preprocessed_Dataset/ddsm/ddsm_9728.jpg,ddsm,train
1.6000631,2.184544,2.3439536,2.176614,2,malignant,Preprocessed_Dataset/cmmd/cmmd_4731.jpg,cmmd,train
1.6511872,2.3470297,2.4177272,2.3625753,2,malignant,Preprocessed_Dataset/cmmd/cmmd_4018.jpg,cmmd,train
1.6093662,2.227668,2.2242148,2.1048095,2,malignant,Preprocessed_Dataset/cmmd/cmmd_4538.jpg,cmmd,train
1.4272331,2.2588916,2.2769136,2.137906,2,malignant,Preprocessed_Dataset/cmmd/cmmd_1369.jpg,cmmd,train
1.5142336,1.5258112,1.2797358,1.5739759,2,malignant,Preprocessed_Dataset/ddsm/ddsm_6077.jpg,ddsm,train
2.8237836,1.2818847,2.7794857,1.967415,0,normal,Preprocessed_Dataset/ddsm/ddsm_1928.jpg,ddsm,train
1.480821,2.340287,2.2837298,2.202006,2,malignant,Preprocessed_Dataset/cmmd/cmmd_3964.jpg,cmmd,train
1.558516,2.1153064,2.1211786,2.0301218,2,malignant,Preprocessed_Dataset/cmmd/cmmd_3284.jpg,cmmd,train
1.5985307,2.2767859,2.3012574,2.2603915,2,malignant,Preprocessed_Dataset/cmmd/cmmd_1019.jpg,cmmd,train
2.9483871,1.2011545,2.786806,1.6692369,0,normal,Preprocessed_Dataset/ddsm/ddsm_380.jpg,ddsm,train
1.4368718,2.2456043,2.1405137,2.0761733,2,malignant,Preprocessed_Dataset/cmmd/cmmd_1416.jpg,cmmd,train
2.748896,1.2040958,2.6700308,1.8571521,0,normal,Preprocessed_Dataset/ddsm/ddsm_254.jpg,ddsm,train
2.7095253,1.252891,2.5947142,1.7911389,0,normal,Preprocessed_Dataset/ddsm/ddsm_925.jpg,ddsm,train
1.0417974,1.5576832,0.78686225,1.3387172,1,benign,Preprocessed_Dataset/ddsm/ddsm_6740.jpg,ddsm,train
2.782618,1.2735198,2.6424317,1.8255262,0,normal,Preprocessed_Dataset/ddsm/ddsm_2145.jpg,ddsm,train
1.4429601,2.6328046,2.4359348,2.5982149,2,malignant,Preprocessed_Dataset/ddsm/ddsm_6062.jpg,ddsm,train
1.119252,1.4316627,0.7425246,1.3454013,1,benign,Preprocessed_Dataset/ddsm/ddsm_8781.jpg,ddsm,train
1.5038688,2.1313815,2.2165947,2.1297119,2,malignant,Preprocessed_Dataset/cmmd/cmmd_5007.jpg,cmmd,train
2.7963352,1.2954042,2.6111662,1.7775786,0,normal,Preprocessed_Dataset/ddsm/ddsm_1088.jpg,ddsm,train
1.1299548,1.4109143,0.69025016,1.3252753,1,benign,Preprocessed_Dataset/ddsm/ddsm_8834.jpg,ddsm,train
1.0475788,1.5939391,0.8395468,1.3811074,1,benign,Preprocessed_Dataset/ddsm/ddsm_6495.jpg,ddsm,train
2.7054424,1.2559196,2.695317,1.7967001,0,normal,Preprocessed_Dataset/ddsm/ddsm_1445.jpg,ddsm,train
1.2557019,1.4293435,0.76806897,1.2699301,1,benign,Preprocessed_Dataset/ddsm/ddsm_9450.jpg,ddsm,train
1.6023396,1.6873468,1.7182271,1.2084134,0,normal,Preprocessed_Dataset/cdd-cesm/cdd-cesm_157.jpg,cdd-cesm,train
2.708766,1.229258,2.5146656,1.2778912,0,normal,Preprocessed_Dataset/cdd-cesm/cdd-cesm_947.jpg,cdd-cesm,train
1.005945,2.055715,1.3938403,1.8740857,1,benign,Preprocessed_Dataset/ddsm/ddsm_9502.jpg,ddsm,train
2.9414039,1.3046389,2.9370193,1.9215492,0,normal,Preprocessed_Dataset/ddsm/ddsm_292.jpg,ddsm,train
1.0964305,1.5300193,0.7523241,1.3476788,1,benign,Preprocessed_Dataset/ddsm/ddsm_8264.jpg,ddsm,train
1.021063,1.0943115,0.056693792,0.78502893,1,benign,Preprocessed_Dataset/ddsm/ddsm_7801.jpg,ddsm,train
1.5892569,2.3243008,2.2450008,2.2773519,2,malignant,Preprocessed_Dataset/cmmd/cmmd_4599.jpg,cmmd,train
2.7262115,1.3076766,2.577751,1.9133118,0,normal,Preprocessed_Dataset/ddsm/ddsm_1188.jpg,ddsm,train
1.2336025,1.5098028,0.64246047,1.3040588,1,benign,Preprocessed_Dataset/ddsm/ddsm_8567.jpg,ddsm,train
0.88368875,1.8681732,0.57433295,0.74954903,1,benign,Preprocessed_Dataset/inbreast/inbreast_107.jpg,inbreast,train
1.1690493,1.4729674,0.62709963,1.2905139,1,benign,Preprocessed_Dataset/ddsm/ddsm_9545.jpg,ddsm,train
1.5870692,2.3541524,2.507016,2.4278398,2,malignant,Preprocessed_Dataset/cmmd/cmmd_1828.jpg,cmmd,train
2.7191212,1.3584435,2.7676554,2.0079567,0,normal,Preprocessed_Dataset/ddsm/ddsm_2289.jpg,ddsm,train
1.6006323,2.1201696,2.0854607,2.0701256,2,malignant,Preprocessed_Dataset/cmmd/cmmd_3828.jpg,cmmd,train
1.352886,1.284915,0.75638306,1.2590547,1,benign,Preprocessed_Dataset/ddsm/ddsm_9669.jpg,ddsm,train
2.471869,1.4025924,2.3988523,1.9934075,0,normal,Preprocessed_Dataset/ddsm/ddsm_485.jpg,ddsm,train
1.1795174,1.4299824,0.82805026,1.2423357,1,benign,Preprocessed_Dataset/ddsm/ddsm_8700.jpg,ddsm,train
1.6616842,0.8245535,0.8175857,0.74920046,1,benign,Preprocessed_Dataset/cmmd/cmmd_3614.jpg,cmmd,train
1.1769571,1.4702369,0.81047994,1.3249872,1,benign,Preprocessed_Dataset/ddsm/ddsm_9187.jpg,ddsm,train
1.2061782,1.3635201,0.58124757,1.2168775,1,benign,Preprocessed_Dataset/ddsm/ddsm_9354.jpg,ddsm,train
1.2830245,3.0193315,2.7753086,2.658995,2,malignant,Preprocessed_Dataset/cdd-cesm/cdd-cesm_357.jpg,cdd-cesm,train
2.4787645,1.300328,2.3391712,1.7507095,0,normal,Preprocessed_Dataset/ddsm/ddsm_967.jpg,ddsm,train
1.0883088,1.6155446,0.88984954,1.028493,1,benign,Preprocessed_Dataset/cdd-cesm/cdd-cesm_451.jpg,cdd-cesm,train
1.6876332,0.5027014,0.61676943,0.5146922,1,benign,Preprocessed_Dataset/cmmd/cmmd_27.jpg,cmmd,train
1.4746957,2.6095197,2.4077349,2.6106143,2,malignant,Preprocessed_Dataset/ddsm/ddsm_3114.jpg,ddsm,train
2.780991,1.1957488,2.479781,1.7866902,0,normal,Preprocessed_Dataset/ddsm/ddsm_2625.jpg,ddsm,train
1.6088548,2.213549,2.3324656,2.0941074,2,malignant,Preprocessed_Dataset/cmmd/cmmd_3745.jpg,cmmd,train
1.2448044,1.379492,0.8202163,1.2680514,1,benign,Preprocessed_Dataset/ddsm/ddsm_8927.jpg,ddsm,train
1.3801212,2.708548,2.4031215,2.7655985,2,malignant,Preprocessed_Dataset/ddsm/ddsm_6122.jpg,ddsm,train
1.4874586,2.1944833,2.26313,2.1495228,2,malignant,Preprocessed_Dataset/cmmd/cmmd_889.jpg,cmmd,train
1.6629484,0.425573,0.4538684,0.4480089,1,benign,Preprocessed_Dataset/cmmd/cmmd_2349.jpg,cmmd,train
2.7821374,1.3831226,2.906146,2.0205657,0,normal,Preprocessed_Dataset/ddsm/ddsm_557.jpg,ddsm,train
2.8423972,1.1675086,2.5282571,1.7809767,0,normal,Preprocessed_Dataset/ddsm/ddsm_2698.jpg,ddsm,train
1.2487826,2.7972975,2.5085194,2.7368634,2,malignant,Preprocessed_Dataset/ddsm/ddsm_6163.jpg,ddsm,train
1.542592,2.1458726,2.1202843,2.1560304,2,malignant,Preprocessed_Dataset/cmmd/cmmd_1159.jpg,cmmd,train
1.3908705,2.541544,2.1811476,2.3960164,2,malignant,Preprocessed_Dataset/ddsm/ddsm_3940.jpg,ddsm,train
1.078545,2.093556,1.5212418,1.8690343,1,benign,Preprocessed_Dataset/ddsm/ddsm_8236.jpg,ddsm,train
1.7450023,2.4504936,2.5551288,2.4507256,2,malignant,Preprocessed_Dataset/cmmd/cmmd_3940.jpg,cmmd,train
1.5707104,2.2706409,2.3155336,2.203864,2,malignant,Preprocessed_Dataset/cmmd/cmmd_344.jpg,cmmd,train
1.4990366,2.1905284,2.1938512,2.1255324,2,malignant,Preprocessed_Dataset/cmmd/cmmd_347.jpg,cmmd,train
1.26317,1.526475,0.86384565,1.3602501,1,benign,Preprocessed_Dataset/ddsm/ddsm_6494.jpg,ddsm,train
1.6911696,0.42953634,0.3914858,0.3038938,1,benign,Preprocessed_Dataset/cmmd/cmmd_2385.jpg,cmmd,train
1.2438161,1.8915576,1.5253112,1.4157863,2,malignant,Preprocessed_Dataset/cdd-cesm/cdd-cesm_194.jpg,cdd-cesm,train
1.4396513,2.823659,2.5638885,2.788869,2,malignant,Preprocessed_Dataset/ddsm/ddsm_3954.jpg,ddsm,train
1.5292197,2.4866743,2.284288,2.4593663,2,malignant,Preprocessed_Dataset/ddsm/ddsm_4485.jpg,ddsm,train
1.5327419,2.3701062,2.4903545,2.30755,2,malignant,Preprocessed_Dataset/cmmd/cmmd_4679.jpg,cmmd,train
1.0738013,1.4586588,0.75117457,1.2648213,1,benign,Preprocessed_Dataset/ddsm/ddsm_8116.jpg,ddsm,train
2.9505754,1.238467,2.6422312,1.6414713,0,normal,Preprocessed_Dataset/ddsm/ddsm_2172.jpg,ddsm,train
1.9321492,1.7583792,2.209939,1.959385,0,normal,Preprocessed_Dataset/ddsm/ddsm_1955.jpg,ddsm,train
1.4914992,2.2777498,2.3185678,2.3214931,2,malignant,Preprocessed_Dataset/cmmd/cmmd_3223.jpg,cmmd,train
1.7434591,1.8724489,1.9034659,2.0167668,0,normal,Preprocessed_Dataset/ddsm/ddsm_2336.jpg,ddsm,train
1.0791876,1.5404729,0.8324979,1.5247684,1,benign,Preprocessed_Dataset/ddsm/ddsm_6623.jpg,ddsm,train
1.5091493,2.250285,2.2641087,2.1855571,2,malignant,Preprocessed_Dataset/cmmd/cmmd_1408.jpg,cmmd,train
1.5138925,2.2381353,2.243756,2.2207177,2,malignant,Preprocessed_Dataset/cmmd/cmmd_709.jpg,cmmd,train
1.2253213,2.7396598,2.3354664,2.6938024,2,malignant,Preprocessed_Dataset/ddsm/ddsm_5520.jpg,ddsm,train
1.6596605,1.7570621,1.7074785,1.9258167,1,benign,Preprocessed_Dataset/ddsm/ddsm_10219.jpg,ddsm,train
1.6765686,2.5011067,2.4746547,2.388214,2,malignant,Preprocessed_Dataset/cmmd/cmmd_4241.jpg,cmmd,train
1.1397331,1.5273634,0.940283,1.344211,1,benign,Preprocessed_Dataset/ddsm/ddsm_7020.jpg,ddsm,train
1.2863258,2.6146665,2.3092508,2.535594,2,malignant,Preprocessed_Dataset/ddsm/ddsm_5493.jpg,ddsm,train
1.3726001,2.5206568,1.8976616,2.3896048,2,malignant,Preprocessed_Dataset/ddsm/ddsm_6419.jpg,ddsm,train
1.240945,2.5897803,2.0754893,2.117135,2,malignant,Preprocessed_Dataset/cdd-cesm/cdd-cesm_797.jpg,cdd-cesm,train
1.4364176,2.2864604,2.3205795,2.1065233,2,malignant,Preprocessed_Dataset/cmmd/cmmd_858.jpg,cmmd,train
1.3923973,2.789268,2.3139694,2.669001,2,malignant,Preprocessed_Dataset/ddsm/ddsm_4085.jpg,ddsm,train
1.3796217,1.5488263,1.1639435,1.5762289,1,benign,Preprocessed_Dataset/ddsm/ddsm_9951.jpg,ddsm,train
1.0656722,1.4728757,0.89961505,1.1869609,1,benign,Preprocessed_Dataset/ddsm/ddsm_6599.jpg,ddsm,train
1.5712624,2.297671,2.2038286,2.2209115,2,malignant,Preprocessed_Dataset/cmmd/cmmd_2114.jpg,cmmd,train
1.839356,0.53859687,0.64557207,0.4106815,1,benign,Preprocessed_Dataset/cmmd/cmmd_712.jpg,cmmd,train
0.888531,2.7211862,1.5982982,1.8464736,2,malignant,Preprocessed_Dataset/inbreast/inbreast_184.jpg,inbreast,train
1.692667,0.5730375,0.6326097,0.4070555,1,benign,Preprocessed_Dataset/cmmd/cmmd_2214.jpg,cmmd,train
2.6590195,1.3816714,2.7231584,1.7128009,0,normal,Preprocessed_Dataset/ddsm/ddsm_2514.jpg,ddsm,train
1.3672488,2.6230443,2.3845448,2.5839992,2,malignant,Preprocessed_Dataset/ddsm/ddsm_3062.jpg,ddsm,train
1.4144747,2.0416946,2.0789652,1.911101,2,malignant,Preprocessed_Dataset/cmmd/cmmd_1144.jpg,cmmd,train
1.5607982,2.246593,2.1784885,2.1666913,2,malignant,Preprocessed_Dataset/cmmd/cmmd_1602.jpg,cmmd,train
1.1501529,1.5375873,0.7840044,1.2886345,1,benign,Preprocessed_Dataset/ddsm/ddsm_10270.jpg,ddsm,train
1.6806976,1.8278823,1.8400291,1.5867289,2,malignant,Preprocessed_Dataset/cdd-cesm/cdd-cesm_406.jpg,cdd-cesm,train
1.3187561,2.5768368,2.2780306,2.4969587,2,malignant,Preprocessed_Dataset/ddsm/ddsm_3505.jpg,ddsm,train
2.7523713,1.2899935,2.684956,1.8686734,0,normal,Preprocessed_Dataset/ddsm/ddsm_88.jpg,ddsm,train
2.6402292,1.2129818,2.391365,1.3250899,0,normal,Preprocessed_Dataset/cdd-cesm/cdd-cesm_831.jpg,cdd-cesm,train
2.7159922,1.2306228,2.6603014,1.8774763,0,normal,Preprocessed_Dataset/ddsm/ddsm_2550.jpg,ddsm,train
1.1919656,1.9079081,1.2372717,1.742899,2,malignant,Preprocessed_Dataset/ddsm/ddsm_6357.jpg,ddsm,train
2.669669,1.332257,2.67327,1.8394189,0,normal,Preprocessed_Dataset/ddsm/ddsm_1235.jpg,ddsm,train
1.5427828,2.3450644,2.391551,2.2979112,2,malignant,Preprocessed_Dataset/cmmd/cmmd_4367.jpg,cmmd,train
1.5677236,2.2013094,2.2834554,2.2529721,2,malignant,Preprocessed_Dataset/cmmd/cmmd_4646.jpg,cmmd,train
2.4638553,1.4678987,2.5580132,2.0219672,0,normal,Preprocessed_Dataset/ddsm/ddsm_2288.jpg,ddsm,train
1.3260455,2.636867,2.1432555,2.5608609,2,malignant,Preprocessed_Dataset/ddsm/ddsm_6023.jpg,ddsm,train
2.0259159,1.3012298,1.7627295,1.5779539,2,malignant,Preprocessed_Dataset/ddsm/ddsm_4423.jpg,ddsm,train
1.4892342,2.1953905,2.2828102,2.1410565,2,malignant,Preprocessed_Dataset/cmmd/cmmd_933.jpg,cmmd,train
2.5785272,1.3990486,2.7522695,1.8832738,0,normal,Preprocessed_Dataset/ddsm/ddsm_1052.jpg,ddsm,train
2.6998703,1.2362361,2.6153235,1.7291946,0,normal,Preprocessed_Dataset/ddsm/ddsm_1608.jpg,ddsm,train
1.5730147,0.6838576,0.62377405,0.62081456,1,benign,Preprocessed_Dataset/cmmd/cmmd_408.jpg,cmmd,train
1.1435279,2.7962399,2.2189245,2.7056742,2,malignant,Preprocessed_Dataset/ddsm/ddsm_4967.jpg,ddsm,train
1.8480604,0.4863578,0.611958,0.5074018,1,benign,Preprocessed_Dataset/cmmd/cmmd_428.jpg,cmmd,train
1.4972057,2.5357358,2.3890398,2.475523,2,malignant,Preprocessed_Dataset/ddsm/ddsm_5846.jpg,ddsm,train
1.7424115,1.6768434,1.8709168,1.8233714,1,benign,Preprocessed_Dataset/ddsm/ddsm_7836.jpg,ddsm,train
2.5196726,1.4614424,2.3696985,1.7468979,0,normal,Preprocessed_Dataset/ddsm/ddsm_1618.jpg,ddsm,train
1.5637373,2.6226664,2.6270015,2.6949944,2,malignant,Preprocessed_Dataset/ddsm/ddsm_5348.jpg,ddsm,train
2.7615952,1.0821779,2.4883862,1.7468526,0,normal,Preprocessed_Dataset/ddsm/ddsm_1792.jpg,ddsm,train
2.6794622,1.3105443,2.665556,1.8405396,0,normal,Preprocessed_Dataset/ddsm/ddsm_524.jpg,ddsm,train
1.135226,1.3869776,0.54772234,1.054052,1,benign,Preprocessed_Dataset/ddsm/ddsm_9796.jpg,ddsm,train
1.6029022,2.3353758,2.2482324,2.2081394,2,malignant,Preprocessed_Dataset/cmmd/cmmd_2533.jpg,cmmd,train
1.6264763,2.3556533,2.3719063,2.2479527,2,malignant,Preprocessed_Dataset/cmmd/cmmd_947.jpg,cmmd,train
1.1872818,1.5247024,0.9282811,1.3965203,1,benign,Preprocessed_Dataset/ddsm/ddsm_9268.jpg,ddsm,train
1.6316366,0.34733915,0.31068265,0.31995368,1,benign,Preprocessed_Dataset/cmmd/cmmd_2407.jpg,cmmd,train
1.4229145,2.048895,1.7123677,1.9054387,0,normal,Preprocessed_Dataset/ddsm/ddsm_2328.jpg,ddsm,train
1.4116262,2.5499892,2.2110379,2.5214868,2,malignant,Preprocessed_Dataset/ddsm/ddsm_4931.jpg,ddsm,train
1.6397686,2.4466295,2.5201678,2.2996306,2,malignant,Preprocessed_Dataset/cmmd/cmmd_2755.jpg,cmmd,train
2.7311387,1.175792,2.5838265,1.8100772,0,normal,Preprocessed_Dataset/ddsm/ddsm_127.jpg,ddsm,train
1.0668232,1.3900347,0.64440906,1.2283425,1,benign,Preprocessed_Dataset/ddsm/ddsm_6633.jpg,ddsm,train
1.6940256,2.3328073,2.4588933,2.3463395,2,malignant,Preprocessed_Dataset/cmmd/cmmd_822.jpg,cmmd,train
0.90042114,1.7974328,0.5825815,0.70127046,1,benign,Preprocessed_Dataset/inbreast/inbreast_133.jpg,inbreast,train
2.790433,1.2055162,2.728479,1.3185567,0,normal,Preprocessed_Dataset/cdd-cesm/cdd-cesm_568.jpg,cdd-cesm,train
1.5620561,3.141593,3.0766182,3.141593,2,malignant,Preprocessed_Dataset/ddsm/ddsm_5068.jpg,ddsm,train
1.5131997,2.2696128,2.2902226,2.2146611,2,malignant,Preprocessed_Dataset/cmmd/cmmd_3427.jpg,cmmd,train
0.9885118,1.8317643,0.5854963,0.6354064,1,benign,Preprocessed_Dataset/inbreast/inbreast_384.jpg,inbreast,train
2.4546862,1.6151782,2.4187016,1.3254886,0,normal,Preprocessed_Dataset/inbreast/inbreast_393.jpg,inbreast,train
1.0587834,1.5655874,0.76446164,1.405279,1,benign,Preprocessed_Dataset/ddsm/ddsm_8475.jpg,ddsm,train
1.7378142,1.5009918,1.4993579,1.1072028,1,benign,Preprocessed_Dataset/inbreast/inbreast_91.jpg,inbreast,train
2.829554,1.1382244,2.6903129,1.6809496,0,normal,Preprocessed_Dataset/ddsm/ddsm_1134.jpg,ddsm,train
1.4280708,1.6277289,1.5132849,1.7393715,1,benign,Preprocessed_Dataset/ddsm/ddsm_6949.jpg,ddsm,train
2.280924,1.1893394,2.8194427,2.0240471,0,normal,Preprocessed_Dataset/dmid/dmid_237.jpg,dmid,train
1.4658406,2.2586608,2.3235097,2.1833231,2,malignant,Preprocessed_Dataset/cmmd/cmmd_3002.jpg,cmmd,train
2.8101437,1.2896092,2.732122,1.2613447,0,normal,Preprocessed_Dataset/cdd-cesm/cdd-cesm_629.jpg,cdd-cesm,train
1.0824134,2.7258136,2.1489573,2.6626391,2,malignant,Preprocessed_Dataset/ddsm/ddsm_5751.jpg,ddsm,train
2.69565,1.1998463,2.4664624,1.7698324,0,normal,Preprocessed_Dataset/ddsm/ddsm_2679.jpg,ddsm,train
1.1347742,1.4906166,0.8119095,1.3939453,1,benign,Preprocessed_Dataset/ddsm/ddsm_8685.jpg,ddsm,train
2.6225133,1.279061,2.605947,1.7038767,0,normal,Preprocessed_Dataset/ddsm/ddsm_345.jpg,ddsm,train
1.536964,2.3665137,2.3440118,2.1775026,2,malignant,Preprocessed_Dataset/cmmd/cmmd_2573.jpg,cmmd,train
1.651747,2.253032,2.2649508,2.1908376,2,malignant,Preprocessed_Dataset/cmmd/cmmd_846.jpg,cmmd,train
1.770692,2.3558974,2.5999172,2.3914306,2,malignant,Preprocessed_Dataset/cmmd/cmmd_66.jpg,cmmd,train
2.4316545,1.0395477,2.8432174,1.9342263,0,normal,Preprocessed_Dataset/dmid/dmid_207.jpg,dmid,train
1.5842402,2.2983258,2.3703008,2.2543526,2,malignant,Preprocessed_Dataset/cmmd/cmmd_3190.jpg,cmmd,train
1.5287564,0.5843544,0.60306823,0.5424347,1,benign,Preprocessed_Dataset/cmmd/cmmd_1902.jpg,cmmd,train
2.62923,1.235177,2.6668324,1.2373487,0,normal,Preprocessed_Dataset/cdd-cesm/cdd-cesm_186.jpg,cdd-cesm,train
1.024145,1.4852731,0.6035861,1.2627203,1,benign,Preprocessed_Dataset/ddsm/ddsm_7949.jpg,ddsm,train
2.4845734,1.279612,2.2767975,1.7170637,0,normal,Preprocessed_Dataset/ddsm/ddsm_1071.jpg,ddsm,train
1.0902197,1.3505553,0.60224795,1.1778586,1,benign,Preprocessed_Dataset/ddsm/ddsm_8039.jpg,ddsm,train
1.3891417,2.5637128,2.1262798,2.506297,2,malignant,Preprocessed_Dataset/ddsm/ddsm_3963.jpg,ddsm,train
1.6459382,0.29751408,0.32871616,0.18550062,1,benign,Preprocessed_Dataset/cmmd/cmmd_495.jpg,cmmd,train
1.5704296,2.2293756,2.3218074,2.135511,2,malignant,Preprocessed_Dataset/cmmd/cmmd_1774.jpg,cmmd,train
1.556402,2.291432,2.3731203,2.2833936,2,malignant,Preprocessed_Dataset/cmmd/cmmd_4134.jpg,cmmd,train
1.491142,2.5099692,2.4997668,2.5006962,2,malignant,Preprocessed_Dataset/ddsm/ddsm_5174.jpg,ddsm,train
1.5685747,2.2056196,2.195376,2.0655692,2,malignant,Preprocessed_Dataset/cmmd/cmmd_3775.jpg,cmmd,train
1.4069331,2.1253438,1.7842456,1.8958218,2,malignant,Preprocessed_Dataset/cmmd/cmmd_4076.jpg,cmmd,train
1.9110233,0.6169075,0.6952497,0.5446894,1,benign,Preprocessed_Dataset/cmmd/cmmd_2248.jpg,cmmd,train
1.6652128,2.3043356,2.4475033,2.3153484,2,malignant,Preprocessed_Dataset/cmmd/cmmd_280.jpg,cmmd,train
1.6291823,2.469152,2.4547372,2.3566823,2,malignant,Preprocessed_Dataset/cmmd/cmmd_4721.jpg,cmmd,train
1.6540371,2.2821183,2.320031,2.3048127,2,malignant,Preprocessed_Dataset/cmmd/cmmd_4914.jpg,cmmd,train
1.2053347,1.4341089,0.8028678,1.465187,1,benign,Preprocessed_Dataset/ddsm/ddsm_7537.jpg,ddsm,train
0.73495847,2.267455,1.0615718,1.8585997,1,benign,Preprocessed_Dataset/ddsm/ddsm_6679.jpg,ddsm,train
1.4200228,2.2619174,2.1671023,2.134003,2,malignant,Preprocessed_Dataset/cmmd/cmmd_3394.jpg,cmmd,train
1.1018317,1.5289261,0.75599056,1.3354974,1,benign,Preprocessed_Dataset/ddsm/ddsm_7182.jpg,ddsm,train
1.1001952,1.4259052,0.74926794,1.1929843,1,benign,Preprocessed_Dataset/ddsm/ddsm_6902.jpg,ddsm,train
1.0745237,1.4951192,0.73462546,1.3142594,1,benign,Preprocessed_Dataset/ddsm/ddsm_9596.jpg,ddsm,train
1.4831539,2.9734082,2.6806884,2.9426694,2,malignant,Preprocessed_Dataset/ddsm/ddsm_5166.jpg,ddsm,train
1.6389805,2.2941632,2.3240054,2.3565147,2,malignant,Preprocessed_Dataset/cmmd/cmmd_2712.jpg,cmmd,train
1.3808734,2.3428583,2.3595953,2.2047594,2,malignant,Preprocessed_Dataset/cmmd/cmmd_1745.jpg,cmmd,train
1.1410582,2.5759096,2.1294963,2.0365171,2,malignant,Preprocessed_Dataset/cdd-cesm/cdd-cesm_617.jpg,cdd-cesm,train
0.9462833,1.2717618,0.27292752,0.9774004,1,benign,Preprocessed_Dataset/ddsm/ddsm_7263.jpg,ddsm,train
1.1152639,1.4690859,0.84225285,1.0322196,1,benign,Preprocessed_Dataset/cdd-cesm/cdd-cesm_871.jpg,cdd-cesm,train
1.4782405,2.7327485,2.4388356,2.6717274,2,malignant,Preprocessed_Dataset/ddsm/ddsm_3416.jpg,ddsm,train
1.0549681,1.5578136,0.81285506,1.1331141,1,benign,Preprocessed_Dataset/ddsm/ddsm_10150.jpg,ddsm,train
1.0683354,1.5861564,0.7759321,1.4298998,1,benign,Preprocessed_Dataset/ddsm/ddsm_10317.jpg,ddsm,train
1.1041496,1.2757045,0.55153286,1.2235506,1,benign,Preprocessed_Dataset/ddsm/ddsm_8627.jpg,ddsm,train
1.6776508,1.8326149,1.957053,1.6090156,2,malignant,Preprocessed_Dataset/cdd-cesm/cdd-cesm_960.jpg,cdd-cesm,train
1.2687736,2.6427476,2.0864959,2.5181377,2,malignant,Preprocessed_Dataset/ddsm/ddsm_3599.jpg,ddsm,train
1.3313429,2.6575656,2.3463304,2.6064434,2,malignant,Preprocessed_Dataset/ddsm/ddsm_3726.jpg,ddsm,train
1.5607665,0.90392137,0.8858068,0.84632885,1,benign,Preprocessed_Dataset/cmmd/cmmd_2200.jpg,cmmd,train
1.3532648,2.5646586,2.4357705,2.6163795,2,malignant,Preprocessed_Dataset/ddsm/ddsm_5322.jpg,ddsm,train
1.308294,1.9298048,1.3790417,1.8174925,1,benign,Preprocessed_Dataset/ddsm/ddsm_6946.jpg,ddsm,train
1.6902409,2.328965,2.379384,2.2605367,2,malignant,Preprocessed_Dataset/cmmd/cmmd_4779.jpg,cmmd,train
1.1067033,1.6897367,0.44207442,0.6245762,1,benign,Preprocessed_Dataset/inbreast/inbreast_395.jpg,inbreast,train
1.4035573,2.6099608,2.3521667,2.5020812,2,malignant,Preprocessed_Dataset/ddsm/ddsm_5565.jpg,ddsm,train
2.7330313,1.2967614,2.6356697,1.8727843,0,normal,Preprocessed_Dataset/ddsm/ddsm_2592.jpg,ddsm,train
2.8906412,1.1896276,2.7123816,1.8839599,0,normal,Preprocessed_Dataset/ddsm/ddsm_2237.jpg,ddsm,train
1.3937324,2.7710075,2.541635,2.7164178,2,malignant,Preprocessed_Dataset/ddsm/ddsm_6308.jpg,ddsm,train
1.1439469,1.1257274,0.4496938,1.1093419,1,benign,Preprocessed_Dataset/ddsm/ddsm_9297.jpg,ddsm,train
1.5076594,2.399045,2.3899834,2.2763953,2,malignant,Preprocessed_Dataset/cmmd/cmmd_1641.jpg,cmmd,train
1.6485165,0.7069134,0.604197,0.60301185,1,benign,Preprocessed_Dataset/cmmd/cmmd_537.jpg,cmmd,train
1.2000358,2.1693337,1.7804359,1.8250004,1,benign,Preprocessed_Dataset/cdd-cesm/cdd-cesm_106.jpg,cdd-cesm,train
1.1167759,1.4588331,0.81623673,1.3379629,1,benign,Preprocessed_Dataset/ddsm/ddsm_8384.jpg,ddsm,train
1.3900173,2.6586378,2.5198128,2.6261501,2,malignant,Preprocessed_Dataset/ddsm/ddsm_6297.jpg,ddsm,train
1.7048459,0.7125225,0.751703,0.62908506,1,benign,Preprocessed_Dataset/cmmd/cmmd_358.jpg,cmmd,train
1.783187,0.47744954,0.60640514,0.4641459,1,benign,Preprocessed_Dataset/cmmd/cmmd_2347.jpg,cmmd,train
2.6498575,1.23767,2.584564,1.8480386,0,normal,Preprocessed_Dataset/ddsm/ddsm_715.jpg,ddsm,train
1.6502515,0.58152795,0.49795043,0.45681953,1,benign,Preprocessed_Dataset/cmmd/cmmd_532.jpg,cmmd,train
1.5746033,2.308287,2.4009545,2.183763,2,malignant,Preprocessed_Dataset/cmmd/cmmd_3859.jpg,cmmd,train
1.2110152,2.723432,2.3359694,2.679194,2,malignant,Preprocessed_Dataset/ddsm/ddsm_6328.jpg,ddsm,train
1.5198885,2.1530938,2.130124,2.0889807,2,malignant,Preprocessed_Dataset/cmmd/cmmd_1474.jpg,cmmd,train
1.0854187,1.3495934,0.75913954,1.1568942,1,benign,Preprocessed_Dataset/ddsm/ddsm_7265.jpg,ddsm,train
1.557843,1.6488596,1.7282429,1.5932074,1,benign,Preprocessed_Dataset/cmmd/cmmd_2125.jpg,cmmd,train
1.0179856,1.4576181,0.54744387,1.2531469,1,benign,Preprocessed_Dataset/ddsm/ddsm_7285.jpg,ddsm,train
1.9047843,0.48939168,0.61625683,0.58136475,1,benign,Preprocessed_Dataset/cmmd/cmmd_2289.jpg,cmmd,train
1.005735,1.4709587,0.9322014,1.3253691,1,benign,Preprocessed_Dataset/ddsm/ddsm_7515.jpg,ddsm,train
2.7054212,1.2907817,2.7379632,1.8953376,0,normal,Preprocessed_Dataset/ddsm/ddsm_1213.jpg,ddsm,train
1.1518192,1.5389676,0.9412802,1.3270743,1,benign,Preprocessed_Dataset/ddsm/ddsm_8248.jpg,ddsm,train
1.1913409,1.5237036,0.8524292,1.3626871,1,benign,Preprocessed_Dataset/ddsm/ddsm_9720.jpg,ddsm,train
1.5792043,2.3626544,2.5337796,2.251179,2,malignant,Preprocessed_Dataset/cmmd/cmmd_980.jpg,cmmd,train
1.6685873,2.3666086,2.5002766,2.335455,2,malignant,Preprocessed_Dataset/cmmd/cmmd_2791.jpg,cmmd,train
1.1040571,1.4964786,0.6925204,1.2349992,1,benign,Preprocessed_Dataset/ddsm/ddsm_9623.jpg,ddsm,train
1.0830227,1.660825,0.8123563,1.4325594,1,benign,Preprocessed_Dataset/ddsm/ddsm_8022.jpg,ddsm,train
2.9310946,1.3099543,2.808187,1.9113678,0,normal,Preprocessed_Dataset/ddsm/ddsm_2112.jpg,ddsm,train
1.8466673,1.3137541,2.5905094,1.9157312,0,normal,Preprocessed_Dataset/dmid/dmid_228.jpg,dmid,train
1.3805435,2.4312522,2.2118156,2.4547565,2,malignant,Preprocessed_Dataset/ddsm/ddsm_4153.jpg,ddsm,train
2.9982176,1.1104203,2.926045,1.8357627,0,normal,Preprocessed_Dataset/ddsm/ddsm_1766.jpg,ddsm,train
1.3790486,2.557193,2.4872863,2.650037,2,malignant,Preprocessed_Dataset/ddsm/ddsm_4978.jpg,ddsm,train
2.7683778,1.2084509,2.5809402,1.7560382,0,normal,Preprocessed_Dataset/ddsm/ddsm_1440.jpg,ddsm,train
2.584772,1.3757226,2.6454268,1.9504405,0,normal,Preprocessed_Dataset/ddsm/ddsm_921.jpg,ddsm,train
1.1500224,1.59752,0.89912325,1.4484334,1,benign,Preprocessed_Dataset/ddsm/ddsm_7308.jpg,ddsm,train
1.0017465,2.5442946,1.9256982,2.1133218,2,malignant,Preprocessed_Dataset/cdd-cesm/cdd-cesm_1001.jpg,cdd-cesm,train
1.548377,2.3420732,2.2662263,2.2591093,2,malignant,Preprocessed_Dataset/cmmd/cmmd_4114.jpg,cmmd,train
1.2038107,1.5405852,0.8430803,1.3871636,1,benign,Preprocessed_Dataset/ddsm/ddsm_8636.jpg,ddsm,train
1.3609345,2.5753603,2.3282924,2.5560005,2,malignant,Preprocessed_Dataset/ddsm/ddsm_4056.jpg,ddsm,train
1.6042016,2.472278,2.4652667,2.3661218,2,malignant,Preprocessed_Dataset/cmmd/cmmd_2514.jpg,cmmd,train
1.1203448,1.4120067,0.614244,1.2377107,1,benign,Preprocessed_Dataset/ddsm/ddsm_7221.jpg,ddsm,train
2.6274276,1.3193333,2.674458,1.8305538,0,normal,Preprocessed_Dataset/ddsm/ddsm_1531.jpg,ddsm,train
1.512553,2.2010984,2.2015686,2.1127036,2,malignant,Preprocessed_Dataset/cmmd/cmmd_926.jpg,cmmd,train
1.5171587,1.9787607,2.1249914,1.9504851,2,malignant,Preprocessed_Dataset/cmmd/cmmd_1456.jpg,cmmd,train
2.7105944,1.2189276,2.5517788,1.8122888,0,normal,Preprocessed_Dataset/ddsm/ddsm_1999.jpg,ddsm,train
2.7914197,1.2389915,2.643596,1.7611377,0,normal,Preprocessed_Dataset/ddsm/ddsm_173.jpg,ddsm,train
1.0551622,1.5526407,0.9572827,0.9154823,1,benign,Preprocessed_Dataset/cdd-cesm/cdd-cesm_7.jpg,cdd-cesm,train
2.6014082,1.3838537,2.6209931,1.9657137,0,normal,Preprocessed_Dataset/ddsm/ddsm_1543.jpg,ddsm,train
0.9280624,1.6333529,0.9678155,0.9832372,1,benign,Preprocessed_Dataset/cdd-cesm/cdd-cesm_210.jpg,cdd-cesm,train
1.2395902,2.0419083,1.5644674,2.0056605,2,malignant,Preprocessed_Dataset/ddsm/ddsm_2934.jpg,ddsm,train
1.4595559,2.503995,2.226766,2.408074,1,benign,Preprocessed_Dataset/ddsm/ddsm_6796.jpg,ddsm,train
2.862626,1.3383893,2.7636437,1.9316006,0,normal,Preprocessed_Dataset/ddsm/ddsm_2126.jpg,ddsm,train
1.0270574,1.8922958,0.676497,0.8616353,1,benign,Preprocessed_Dataset/inbreast/inbreast_277.jpg,inbreast,train
2.6972456,1.3283925,2.5916333,1.871587,0,normal,Preprocessed_Dataset/ddsm/ddsm_1241.jpg,ddsm,train
1.4960325,2.286189,2.2506485,2.1590483,2,malignant,Preprocessed_Dataset/cmmd/cmmd_3388.jpg,cmmd,train
1.3759632,2.5742967,2.2421074,2.5061297,2,malignant,Preprocessed_Dataset/ddsm/ddsm_5119.jpg,ddsm,train
2.9342127,1.3727968,2.842109,1.9726315,0,normal,Preprocessed_Dataset/ddsm/ddsm_304.jpg,ddsm,train
1.1890285,2.8727527,2.4524019,2.4637754,2,malignant,Preprocessed_Dataset/cdd-cesm/cdd-cesm_99.jpg,cdd-cesm,train
2.0820954,1.662147,2.2504199,1.95076,1,benign,Preprocessed_Dataset/ddsm/ddsm_7181.jpg,ddsm,train
1.0250893,1.4919746,0.76212245,1.2426043,1,benign,Preprocessed_Dataset/ddsm/ddsm_6475.jpg,ddsm,train
2.8223848,1.3140132,2.831212,1.9062675,0,normal,Preprocessed_Dataset/ddsm/ddsm_2532.jpg,ddsm,train
2.5524476,1.3373561,2.831159,1.9257091,0,normal,Preprocessed_Dataset/ddsm/ddsm_449.jpg,ddsm,train
1.0438533,1.471797,0.82453984,1.292901,1,benign,Preprocessed_Dataset/ddsm/ddsm_7647.jpg,ddsm,train
2.7674189,1.3860384,2.770495,1.9733785,0,normal,Preprocessed_Dataset/ddsm/ddsm_1593.jpg,ddsm,train
0.9580412,1.9472528,0.665905,0.83139014,1,benign,Preprocessed_Dataset/inbreast/inbreast_240.jpg,inbreast,train
1.2616848,2.7825804,2.2615635,2.387383,2,malignant,Preprocessed_Dataset/cdd-cesm/cdd-cesm_300.jpg,cdd-cesm,train
1.1860181,1.460151,0.8416809,1.3288232,1,benign,Preprocessed_Dataset/ddsm/ddsm_7677.jpg,ddsm,train
1.4144895,2.6055975,2.3986294,2.6835403,2,malignant,Preprocessed_Dataset/ddsm/ddsm_3513.jpg,ddsm,train
1.6304255,2.2425208,2.292244,2.1536925,2,malignant,Preprocessed_Dataset/cmmd/cmmd_4033.jpg,cmmd,train
1.4506618,2.5439527,2.465543,2.6001115,2,malignant,Preprocessed_Dataset/ddsm/ddsm_6261.jpg,ddsm,train
1.3416158,2.5412166,2.2351027,2.6009257,2,malignant,Preprocessed_Dataset/ddsm/ddsm_2952.jpg,ddsm,train
1.6300824,2.0028527,2.0574572,2.1045363,2,malignant,Preprocessed_Dataset/ddsm/ddsm_6322.jpg,ddsm,train
2.9567428,1.0954925,2.6498134,1.8417249,0,normal,Preprocessed_Dataset/ddsm/ddsm_1406.jpg,ddsm,train
2.5928698,1.4369639,2.6692808,1.9653208,0,normal,Preprocessed_Dataset/ddsm/ddsm_2410.jpg,ddsm,train
1.0228188,1.4533067,0.55338705,1.2682683,1,benign,Preprocessed_Dataset/ddsm/ddsm_6751.jpg,ddsm,train
1.0339124,1.3480455,0.58010864,1.1245396,1,benign,Preprocessed_Dataset/ddsm/ddsm_7089.jpg,ddsm,train
1.6130428,2.277444,2.4205718,2.243405,2,malignant,Preprocessed_Dataset/cmmd/cmmd_3783.jpg,cmmd,train
1.2257813,2.9286766,2.336133,2.8723836,2,malignant,Preprocessed_Dataset/ddsm/ddsm_6217.jpg,ddsm,train
2.407384,1.1694641,2.1101942,1.6220002,0,normal,Preprocessed_Dataset/ddsm/ddsm_733.jpg,ddsm,train
1.4814254,2.522395,2.285783,2.4958222,2,malignant,Preprocessed_Dataset/ddsm/ddsm_4196.jpg,ddsm,train
1.0021682,1.589868,0.8532325,1.3635871,1,benign,Preprocessed_Dataset/ddsm/ddsm_6777.jpg,ddsm,train
1.0862527,1.6307471,0.87811345,1.4875727,1,benign,Preprocessed_Dataset/ddsm/ddsm_7208.jpg,ddsm,train
1.4232668,2.4708,2.165168,2.4598086,2,malignant,Preprocessed_Dataset/ddsm/ddsm_5932.jpg,ddsm,train
1.671164,0.7992959,0.6819931,0.6369451,1,benign,Preprocessed_Dataset/cmmd/cmmd_2209.jpg,cmmd,train
2.9204798,1.06161,2.4964154,1.63396,0,normal,Preprocessed_Dataset/ddsm/ddsm_1904.jpg,ddsm,train
2.6187031,1.3777843,2.627609,1.6926365,0,normal,Preprocessed_Dataset/ddsm/ddsm_2070.jpg,ddsm,train
2.602835,1.2531767,2.677061,1.8023589,0,normal,Preprocessed_Dataset/ddsm/ddsm_864.jpg,ddsm,train
1.1615899,1.5009571,0.83786154,1.2737718,1,benign,Preprocessed_Dataset/ddsm/ddsm_9597.jpg,ddsm,train
0.994321,2.6753533,2.083858,2.0715895,2,malignant,Preprocessed_Dataset/cdd-cesm/cdd-cesm_601.jpg,cdd-cesm,train
3.0206044,1.2366987,2.9997625,1.9344735,0,normal,Preprocessed_Dataset/ddsm/ddsm_1030.jpg,ddsm,train
1.7660723,0.6230322,0.6658778,0.48628688,1,benign,Preprocessed_Dataset/cmmd/cmmd_597.jpg,cmmd,train
2.5617108,1.2853078,2.438968,1.7220902,0,normal,Preprocessed_Dataset/ddsm/ddsm_1655.jpg,ddsm,train
1.198344,1.3737329,0.79908895,1.2536265,1,benign,Preprocessed_Dataset/ddsm/ddsm_7617.jpg,ddsm,train
1.5536232,2.6400187,2.4886763,2.7237678,2,malignant,Preprocessed_Dataset/ddsm/ddsm_4306.jpg,ddsm,train
1.2210159,1.5370648,0.87763023,1.2641702,1,benign,Preprocessed_Dataset/ddsm/ddsm_10076.jpg,ddsm,train
1.4732167,2.3353252,2.496175,2.2905068,2,malignant,Preprocessed_Dataset/cmmd/cmmd_3008.jpg,cmmd,train
1.3824105,1.9697323,1.72747,1.9281693,1,benign,Preprocessed_Dataset/cmmd/cmmd_613.jpg,cmmd,train
1.4615201,2.4382265,2.3302789,2.518055,2,malignant,Preprocessed_Dataset/ddsm/ddsm_2780.jpg,ddsm,train
1.0872328,1.9069781,0.548777,0.84639406,1,benign,Preprocessed_Dataset/inbreast/inbreast_241.jpg,inbreast,train
1.0046792,1.8908447,1.1602359,1.6821873,1,benign,Preprocessed_Dataset/ddsm/ddsm_7736.jpg,ddsm,train
2.4960744,1.2529852,2.4661856,1.8316543,0,normal,Preprocessed_Dataset/ddsm/ddsm_1775.jpg,ddsm,train
1.1167114,1.570351,0.8265511,1.3075587,1,benign,Preprocessed_Dataset/ddsm/ddsm_7485.jpg,ddsm,train
1.1970425,1.1874511,0.6041645,0.9081811,1,benign,Preprocessed_Dataset/cdd-cesm/cdd-cesm_908.jpg,cdd-cesm,train
1.5755441,2.1517043,2.2470012,2.1380258,2,malignant,Preprocessed_Dataset/cmmd/cmmd_3067.jpg,cmmd,train
1.2707303,1.3855444,0.66822255,1.2553655,1,benign,Preprocessed_Dataset/ddsm/ddsm_9903.jpg,ddsm,train
1.1392256,1.5491345,0.8392551,1.4215736,1,benign,Preprocessed_Dataset/ddsm/ddsm_7760.jpg,ddsm,train
1.2990229,1.4067912,1.8387928,1.7844055,0,normal,Preprocessed_Dataset/dmid/dmid_241.jpg,dmid,train
1.3501663,2.6735618,2.258546,2.6729717,2,malignant,Preprocessed_Dataset/ddsm/ddsm_5078.jpg,ddsm,train
1.4376812,2.4246414,2.3321505,2.254774,2,malignant,Preprocessed_Dataset/cmmd/cmmd_3476.jpg,cmmd,train
2.7744844,1.2408783,2.585575,1.9048988,0,normal,Preprocessed_Dataset/ddsm/ddsm_661.jpg,ddsm,train
1.2022878,1.4618279,0.98876935,1.3291312,1,benign,Preprocessed_Dataset/ddsm/ddsm_8752.jpg,ddsm,train
1.3620347,2.7107668,2.3422313,2.6183143,2,malignant,Preprocessed_Dataset/ddsm/ddsm_5996.jpg,ddsm,train
1.9027333,1.5161777,1.8668821,1.7853262,1,benign,Preprocessed_Dataset/ddsm/ddsm_9977.jpg,ddsm,train
1.1740079,2.6906834,2.04784,2.6805563,2,malignant,Preprocessed_Dataset/ddsm/ddsm_6133.jpg,ddsm,train
1.6149237,2.3795033,2.4468863,2.2838297,2,malignant,Preprocessed_Dataset/cmmd/cmmd_3654.jpg,cmmd,train
2.7786598,1.0437249,2.4474251,1.740638,0,normal,Preprocessed_Dataset/ddsm/ddsm_1535.jpg,ddsm,train
1.8627741,1.5980339,2.1079514,1.8310931,1,benign,Preprocessed_Dataset/ddsm/ddsm_9443.jpg,ddsm,train
1.5160247,1.385861,1.5126433,1.4007375,2,malignant,Preprocessed_Dataset/cmmd/cmmd_2630.jpg,cmmd,train
1.1434011,2.619101,2.1018536,2.1718543,2,malignant,Preprocessed_Dataset/cdd-cesm/cdd-cesm_806.jpg,cdd-cesm,train
2.879364,1.2062612,2.6203933,1.8098143,0,normal,Preprocessed_Dataset/ddsm/ddsm_640.jpg,ddsm,train
1.6992074,2.3155837,2.416459,2.275117,2,malignant,Preprocessed_Dataset/cmmd/cmmd_1851.jpg,cmmd,train
2.932642,1.2016842,2.6793277,1.8185755,0,normal,Preprocessed_Dataset/ddsm/ddsm_52.jpg,ddsm,train
1.2477646,2.525704,2.2390547,2.463142,2,malignant,Preprocessed_Dataset/ddsm/ddsm_2839.jpg,ddsm,train
1.8503356,1.4353878,1.8660715,1.6679316,0,normal,Preprocessed_Dataset/ddsm/ddsm_1803.jpg,ddsm,train
1.5368611,2.1952152,2.2089763,2.0401943,2,malignant,Preprocessed_Dataset/cmmd/cmmd_1562.jpg,cmmd,train
1.4516304,2.6061769,2.2301314,2.5769777,2,malignant,Preprocessed_Dataset/ddsm/ddsm_4321.jpg,ddsm,train
1.8376087,1.4892728,1.7506286,1.6811692,2,malignant,Preprocessed_Dataset/ddsm/ddsm_5188.jpg,ddsm,train
1.5619086,2.2793448,2.2736087,2.2351184,2,malignant,Preprocessed_Dataset/cmmd/cmmd_850.jpg,cmmd,train
0.0,1.8542435,0.68387127,1.5475941,1,benign,Preprocessed_Dataset/dmid/dmid_145.jpg,dmid,train
1.6807597,2.2355661,2.4136667,2.139047,2,malignant,Preprocessed_Dataset/cmmd/cmmd_4955.jpg,cmmd,train
1.6614546,2.396981,2.3581076,2.3295894,2,malignant,Preprocessed_Dataset/cmmd/cmmd_2627.jpg,cmmd,train
1.3755577,1.8430578,1.5643864,1.7562654,0,normal,Preprocessed_Dataset/kau-bcmd/kau-bcmd_1381.jpg,kau-bcmd,test
1.5110327,1.9799526,2.0203118,1.9159483,0,normal,Preprocessed_Dataset/kau-bcmd/kau-bcmd_1818.jpg,kau-bcmd,test
1.548288,2.2277637,2.4166713,2.200386,0,normal,Preprocessed_Dataset/kau-bcmd/kau-bcmd_704.jpg,kau-bcmd,test
1.5332475,1.5718759,1.5560188,1.6941371,0,normal,Preprocessed_Dataset/kau-bcmd/kau-bcmd_738.jpg,kau-bcmd,test
1.4900262,1.8866233,1.7586066,1.7072964,0,normal,Preprocessed_Dataset/kau-bcmd/kau-bcmd_985.jpg,kau-bcmd,test
1.6046901,2.1411083,2.416844,2.1039066,0,normal,Preprocessed_Dataset/kau-bcmd/kau-bcmd_1908.jpg,kau-bcmd,test
1.5994885,1.9241396,2.0414724,1.9919477,0,normal,Preprocessed_Dataset/kau-bcmd/kau-bcmd_564.jpg,kau-bcmd,test
1.537506,1.5204959,1.3856192,1.5875218,1,benign,Preprocessed_Dataset/kau-bcmd/kau-bcmd_929.jpg,kau-bcmd,test
1.7579167,2.1131313,2.413227,2.0981588,0,normal,Preprocessed_Dataset/kau-bcmd/kau-bcmd_1713.jpg,kau-bcmd,test
1.5294887,1.9498223,2.1572533,1.9951667,0,normal,Preprocessed_Dataset/kau-bcmd/kau-bcmd_2035.jpg,kau-bcmd,test
1.5488819,2.0309007,2.023933,2.0022082,0,normal,Preprocessed_Dataset/kau-bcmd/kau-bcmd_2124.jpg,kau-bcmd,test
1.4828103,1.7393271,1.7313212,1.7436868,0,normal,Preprocessed_Dataset/kau-bcmd/kau-bcmd_1775.jpg,kau-bcmd,test
1.7152787,1.6542943,1.9230564,1.7349436,0,normal,Preprocessed_Dataset/kau-bcmd/kau-bcmd_86.jpg,kau-bcmd,test
1.658804,1.7555412,1.7858976,1.5504282,0,normal,Preprocessed_Dataset/kau-bcmd/kau-bcmd_809.jpg,kau-bcmd,test
1.3962924,2.1407642,1.9764339,2.0544243,0,normal,Preprocessed_Dataset/kau-bcmd/kau-bcmd_918.jpg,kau-bcmd,test
1.7845979,2.2159586,2.5671215,2.234435,0,normal,Preprocessed_Dataset/kau-bcmd/kau-bcmd_1430.jpg,kau-bcmd,test
1.4784905,1.9010725,1.8102902,1.7544956,0,normal,Preprocessed_Dataset/kau-bcmd/kau-bcmd_424.jpg,kau-bcmd,test
1.53495,2.0068429,2.103441,2.124755,0,normal,Preprocessed_Dataset/kau-bcmd/kau-bcmd_2171.jpg,kau-bcmd,test
1.8297703,1.8284528,2.3512778,1.9318092,0,normal,Preprocessed_Dataset/kau-bcmd/kau-bcmd_2061.jpg,kau-bcmd,test
1.3192338,1.8271708,1.7496958,1.8864512,0,normal,Preprocessed_Dataset/kau-bcmd/kau-bcmd_572.jpg,kau-bcmd,test
1.4750953,2.0927374,2.1268852,2.1028974,0,normal,Preprocessed_Dataset/kau-bcmd/kau-bcmd_1826.jpg,kau-bcmd,test
1.3428148,2.2322392,2.1554472,2.2355208,0,normal,Preprocessed_Dataset/kau-bcmd/kau-bcmd_367.jpg,kau-bcmd,test
1.4854758,1.989941,2.0644743,1.9311992,0,normal,Preprocessed_Dataset/kau-bcmd/kau-bcmd_129.jpg,kau-bcmd,test
1.4721351,2.0435023,2.0829906,1.9773116,0,normal,Preprocessed_Dataset/kau-bcmd/kau-bcmd_1581.jpg,kau-bcmd,test
1.5771269,2.1317985,2.5038621,2.242402,0,normal,Preprocessed_Dataset/kau-bcmd/kau-bcmd_1939.jpg,kau-bcmd,test
1.7758617,1.4141937,1.6844556,1.6271225,0,normal,Preprocessed_Dataset/kau-bcmd/kau-bcmd_737.jpg,kau-bcmd,test
1.5865468,1.8204849,1.9427545,1.9316715,0,normal,Preprocessed_Dataset/kau-bcmd/kau-bcmd_298.jpg,kau-bcmd,test
1.5801452,1.9076356,2.0289483,1.9225309,0,normal,Preprocessed_Dataset/kau-bcmd/kau-bcmd_1924.jpg,kau-bcmd,test
1.6063776,2.0754635,2.2974396,2.1746771,0,normal,Preprocessed_Dataset/kau-bcmd/kau-bcmd_771.jpg,kau-bcmd,test
1.4483837,2.0989697,2.0107224,2.1160216,0,normal,Preprocessed_Dataset/kau-bcmd/kau-bcmd_1652.jpg,kau-bcmd,test
1.3362061,1.9277834,1.823736,1.805361,0,normal,Preprocessed_Dataset/kau-bcmd/kau-bcmd_1030.jpg,kau-bcmd,test
1.2791113,1.8731037,1.6060768,1.7050235,0,normal,Preprocessed_Dataset/kau-bcmd/kau-bcmd_1759.jpg,kau-bcmd,test
1.520519,1.8870779,1.8425395,1.8591685,0,normal,Preprocessed_Dataset/kau-bcmd/kau-bcmd_420.jpg,kau-bcmd,test
1.5843248,1.693171,1.7709904,1.7729928,0,normal,Preprocessed_Dataset/kau-bcmd/kau-bcmd_483.jpg,kau-bcmd,test
1.6883535,1.8389566,1.899926,1.9078643,1,benign,Preprocessed_Dataset/kau-bcmd/kau-bcmd_1077.jpg,kau-bcmd,test
1.5615107,1.7337912,1.6728544,1.6330762,0,normal,Preprocessed_Dataset/kau-bcmd/kau-bcmd_1730.jpg,kau-bcmd,test
1.8646235,2.188672,2.6483722,2.2755616,0,normal,Preprocessed_Dataset/kau-bcmd/kau-bcmd_1523.jpg,kau-bcmd,test
1.6078677,2.0823553,2.275785,2.1118896,0,normal,Preprocessed_Dataset/kau-bcmd/kau-bcmd_469.jpg,kau-bcmd,test
1.611225,2.207037,2.230904,2.1179032,0,normal,Preprocessed_Dataset/kau-bcmd/kau-bcmd_2123.jpg,kau-bcmd,test
1.4446628,1.8633054,1.891882,1.9841607,0,normal,Preprocessed_Dataset/kau-bcmd/kau-bcmd_21.jpg,kau-bcmd,test
1.4000015,1.9524852,1.72466,1.907818,0,normal,Preprocessed_Dataset/kau-bcmd/kau-bcmd_145.jpg,kau-bcmd,test
1.883166,1.6932446,2.2235217,1.8063765,0,normal,Preprocessed_Dataset/kau-bcmd/kau-bcmd_2204.jpg,kau-bcmd,test
1.7092775,1.791201,1.9379236,1.8522247,1,benign,Preprocessed_Dataset/kau-bcmd/kau-bcmd_804.jpg,kau-bcmd,test
1.6046386,1.889048,1.9524635,1.8530165,0,normal,Preprocessed_Dataset/kau-bcmd/kau-bcmd_198.jpg,kau-bcmd,test
1.6828424,1.80667,2.0955987,1.9295822,0,normal,Preprocessed_Dataset/kau-bcmd/kau-bcmd_2039.jpg,kau-bcmd,test
1.537965,2.0640402,2.1532118,2.020412,0,normal,Preprocessed_Dataset/kau-bcmd/kau-bcmd_1609.jpg,kau-bcmd,test
1.4516606,2.162283,2.0638514,2.091472,0,normal,Preprocessed_Dataset/kau-bcmd/kau-bcmd_166.jpg,kau-bcmd,test
1.663843,1.9180856,2.0737789,1.9812559,0,normal,Preprocessed_Dataset/kau-bcmd/kau-bcmd_42.jpg,kau-bcmd,test
1.6941242,2.0781336,2.3003695,2.0263395,0,normal,Preprocessed_Dataset/kau-bcmd/kau-bcmd_1772.jpg,kau-bcmd,test
1.6472534,2.1660802,2.454039,2.2261682,0,normal,Preprocessed_Dataset/kau-bcmd/kau-bcmd_1712.jpg,kau-bcmd,test
1.6452842,2.1099,2.3071356,2.1406314,0,normal,Preprocessed_Dataset/kau-bcmd/kau-bcmd_982.jpg,kau-bcmd,test
1.568502,1.7342615,1.8103942,1.9121938,1,benign,Preprocessed_Dataset/kau-bcmd/kau-bcmd_596.jpg,kau-bcmd,test
1.7748358,2.1640396,2.509077,2.2043169,0,normal,Preprocessed_Dataset/kau-bcmd/kau-bcmd_2062.jpg,kau-bcmd,test
1.8132519,1.8139383,2.1699302,1.9544783,0,normal,Preprocessed_Dataset/kau-bcmd/kau-bcmd_1961.jpg,kau-bcmd,test
1.199851,1.6967065,1.4254506,1.6700357,0,normal,Preprocessed_Dataset/kau-bcmd/kau-bcmd_593.jpg,kau-bcmd,test
1.8443643,1.8185089,2.2008145,1.8889662,0,normal,Preprocessed_Dataset/kau-bcmd/kau-bcmd_1697.jpg,kau-bcmd,test
1.6048493,1.6792051,1.7734658,1.8100219,1,benign,Preprocessed_Dataset/kau-bcmd/kau-bcmd_728.jpg,kau-bcmd,test
1.6955808,1.9022751,2.1701987,1.8299534,0,normal,Preprocessed_Dataset/kau-bcmd/kau-bcmd_1725.jpg,kau-bcmd,test
1.4628495,2.1450412,2.1106853,2.0635803,0,normal,Preprocessed_Dataset/kau-bcmd/kau-bcmd_1509.jpg,kau-bcmd,test
1.3036115,2.0139847,1.6575851,1.900626,0,normal,Preprocessed_Dataset/kau-bcmd/kau-bcmd_1949.jpg,kau-bcmd,test
1.4729615,2.158155,2.3637545,2.271838,0,normal,Preprocessed_Dataset/kau-bcmd/kau-bcmd_497.jpg,kau-bcmd,test
1.4448018,1.8499844,1.7263031,1.8065425,0,normal,Preprocessed_Dataset/kau-bcmd/kau-bcmd_49.jpg,kau-bcmd,test
1.7900248,2.0301015,2.3316426,2.1575823,0,normal,Preprocessed_Dataset/kau-bcmd/kau-bcmd_1081.jpg,kau-bcmd,test
1.565346,1.6845484,1.7064729,1.7529652,1,benign,Preprocessed_Dataset/kau-bcmd/kau-bcmd_488.jpg,kau-bcmd,test
1.6582233,1.9473116,2.1459913,1.9552544,0,normal,Preprocessed_Dataset/kau-bcmd/kau-bcmd_1912.jpg,kau-bcmd,test
1.4911165,2.013237,1.9376351,1.8075805,0,normal,Preprocessed_Dataset/kau-bcmd/kau-bcmd_2010.jpg,kau-bcmd,test
1.5814112,1.956931,2.030505,1.8955477,0,normal,Preprocessed_Dataset/kau-bcmd/kau-bcmd_765.jpg,kau-bcmd,test
1.3921247,2.0675426,1.9203402,2.0877542,0,normal,Preprocessed_Dataset/kau-bcmd/kau-bcmd_2036.jpg,kau-bcmd,test
1.6965523,1.5228482,1.4942527,1.5701082,1,benign,Preprocessed_Dataset/kau-bcmd/kau-bcmd_597.jpg,kau-bcmd,test
1.3776402,1.7794663,1.7708495,1.6671637,0,normal,Preprocessed_Dataset/kau-bcmd/kau-bcmd_1748.jpg,kau-bcmd,test
1.6397963,1.7983886,1.9876581,1.7464001,0,normal,Preprocessed_Dataset/kau-bcmd/kau-bcmd_1856.jpg,kau-bcmd,test
1.3887665,1.9061989,1.8419329,1.7991133,0,normal,Preprocessed_Dataset/kau-bcmd/kau-bcmd_1740.jpg,kau-bcmd,test
1.3877178,1.8589616,1.5005381,1.8098208,0,normal,Preprocessed_Dataset/kau-bcmd/kau-bcmd_1496.jpg,kau-bcmd,test
1.2160456,1.878209,1.5658804,1.8535886,0,normal,Preprocessed_Dataset/kau-bcmd/kau-bcmd_836.jpg,kau-bcmd,test
1.298347,1.8919978,1.5221297,1.8030597,0,normal,Preprocessed_Dataset/kau-bcmd/kau-bcmd_986.jpg,kau-bcmd,test
1.5962809,1.9587153,2.0681674,2.082693,0,normal,Preprocessed_Dataset/kau-bcmd/kau-bcmd_591.jpg,kau-bcmd,test
1.7213963,2.2495236,2.506177,2.2492347,0,normal,Preprocessed_Dataset/kau-bcmd/kau-bcmd_1983.jpg,kau-bcmd,test
1.526343,1.6690588,1.6336209,1.629242,0,normal,Preprocessed_Dataset/kau-bcmd/kau-bcmd_1075.jpg,kau-bcmd,test
1.4672587,1.9896144,1.8386058,1.8022729,0,normal,Preprocessed_Dataset/kau-bcmd/kau-bcmd_659.jpg,kau-bcmd,test
1.323754,1.6034844,1.5079741,1.6716652,1,benign,Preprocessed_Dataset/kau-bcmd/kau-bcmd_1463.jpg,kau-bcmd,test
1.5621493,1.8036473,1.8783833,1.6900455,0,normal,Preprocessed_Dataset/kau-bcmd/kau-bcmd_2154.jpg,kau-bcmd,test
1.6862894,2.0135314,2.3756967,2.0760512,0,normal,Preprocessed_Dataset/kau-bcmd/kau-bcmd_336.jpg,kau-bcmd,test
1.554858,1.9765158,1.9991485,1.9996388,0,normal,Preprocessed_Dataset/kau-bcmd/kau-bcmd_463.jpg,kau-bcmd,test
1.4683782,2.0935173,2.0872,1.9386327,0,normal,Preprocessed_Dataset/kau-bcmd/kau-bcmd_1115.jpg,kau-bcmd,test
1.4858031,1.9258583,1.8271089,1.9304835,0,normal,Preprocessed_Dataset/kau-bcmd/kau-bcmd_856.jpg,kau-bcmd,test
1.6469783,2.0994003,2.391582,2.0898538,0,normal,Preprocessed_Dataset/kau-bcmd/kau-bcmd_1392.jpg,kau-bcmd,test
1.6024524,1.9840453,2.0732117,1.9503329,0,normal,Preprocessed_Dataset/kau-bcmd/kau-bcmd_1907.jpg,kau-bcmd,test
1.469002,2.1687756,2.0820966,2.0889807,0,normal,Preprocessed_Dataset/kau-bcmd/kau-bcmd_1257.jpg,kau-bcmd,test
1.4404345,2.08151,2.076386,2.0096724,0,normal,Preprocessed_Dataset/kau-bcmd/kau-bcmd_639.jpg,kau-bcmd,test
1.4689236,1.9501617,1.8984653,1.917751,0,normal,Preprocessed_Dataset/kau-bcmd/kau-bcmd_1790.jpg,kau-bcmd,test
1.5086726,2.1152341,2.0462325,2.065836,0,normal,Preprocessed_Dataset/kau-bcmd/kau-bcmd_2170.jpg,kau-bcmd,test
1.6824118,2.208947,2.4176872,2.1758542,0,normal,Preprocessed_Dataset/kau-bcmd/kau-bcmd_1716.jpg,kau-bcmd,test
1.4604001,1.9037459,1.8607813,1.944786,0,normal,Preprocessed_Dataset/kau-bcmd/kau-bcmd_1361.jpg,kau-bcmd,test
1.4391406,2.002635,1.9535215,2.0262616,0,normal,Preprocessed_Dataset/kau-bcmd/kau-bcmd_1289.jpg,kau-bcmd,test
1.4657019,2.176983,2.2811968,2.091686,0,normal,Preprocessed_Dataset/kau-bcmd/kau-bcmd_1099.jpg,kau-bcmd,test
1.4466763,2.0347068,2.0603366,1.9845356,0,normal,Preprocessed_Dataset/kau-bcmd/kau-bcmd_531.jpg,kau-bcmd,test
1.4864405,2.0733821,1.9272398,2.0978642,0,normal,Preprocessed_Dataset/kau-bcmd/kau-bcmd_211.jpg,kau-bcmd,test
1.2471986,1.8791385,1.4675807,1.8885096,0,normal,Preprocessed_Dataset/kau-bcmd/kau-bcmd_1548.jpg,kau-bcmd,test
1.7004104,2.1694236,2.4037068,2.1896138,0,normal,Preprocessed_Dataset/kau-bcmd/kau-bcmd_1083.jpg,kau-bcmd,test
1.4763331,2.168335,1.9493029,2.0317662,0,normal,Preprocessed_Dataset/kau-bcmd/kau-bcmd_855.jpg,kau-bcmd,test
1.698058,1.4377037,1.751535,1.4240236,0,normal,Preprocessed_Dataset/kau-bcmd/kau-bcmd_1824.jpg,kau-bcmd,test
1.4480754,1.9711734,1.895002,1.9838134,0,normal,Preprocessed_Dataset/kau-bcmd/kau-bcmd_1663.jpg,kau-bcmd,test
1.4795212,1.9392276,1.6687487,1.8491851,0,normal,Preprocessed_Dataset/kau-bcmd/kau-bcmd_1887.jpg,kau-bcmd,test
1.5239036,1.8367326,1.8722504,1.8421875,0,normal,Preprocessed_Dataset/kau-bcmd/kau-bcmd_507.jpg,kau-bcmd,test
1.6130438,1.2692666,1.4471109,1.405223,0,normal,Preprocessed_Dataset/kau-bcmd/kau-bcmd_1127.jpg,kau-bcmd,test
1.5025017,2.0476525,2.075738,2.0575306,0,normal,Preprocessed_Dataset/kau-bcmd/kau-bcmd_1287.jpg,kau-bcmd,test
1.5792134,1.7089617,1.8329803,1.7731272,1,benign,Preprocessed_Dataset/kau-bcmd/kau-bcmd_529.jpg,kau-bcmd,test
1.4832222,1.8291365,1.699902,1.8135972,0,normal,Preprocessed_Dataset/kau-bcmd/kau-bcmd_1624.jpg,kau-bcmd,test
1.5567545,1.5878767,1.5068157,1.6039939,1,benign,Preprocessed_Dataset/kau-bcmd/kau-bcmd_1338.jpg,kau-bcmd,test
1.5147167,1.9975142,2.11386,1.9077888,0,normal,Preprocessed_Dataset/kau-bcmd/kau-bcmd_305.jpg,kau-bcmd,test
1.3770783,1.9507915,1.6925486,1.8929904,0,normal,Preprocessed_Dataset/kau-bcmd/kau-bcmd_26.jpg,kau-bcmd,test
1.7001886,2.0143197,2.1025002,2.074336,0,normal,Preprocessed_Dataset/kau-bcmd/kau-bcmd_1743.jpg,kau-bcmd,test
1.5306435,1.9594604,1.9560481,1.9600754,0,normal,Preprocessed_Dataset/kau-bcmd/kau-bcmd_1903.jpg,kau-bcmd,test
1.4761498,1.9657315,1.7605116,1.8972456,0,normal,Preprocessed_Dataset/kau-bcmd/kau-bcmd_387.jpg,kau-bcmd,test
1.5302244,1.8587444,1.9353395,1.9038773,1,benign,Preprocessed_Dataset/kau-bcmd/kau-bcmd_1621.jpg,kau-bcmd,test
1.7266738,1.881451,2.024922,1.9258568,0,normal,Preprocessed_Dataset/kau-bcmd/kau-bcmd_199.jpg,kau-bcmd,test
1.3363935,2.0955064,1.8150373,2.0696433,0,normal,Preprocessed_Dataset/kau-bcmd/kau-bcmd_1791.jpg,kau-bcmd,test
1.4493979,2.0466268,2.086546,1.9260665,0,normal,Preprocessed_Dataset/kau-bcmd/kau-bcmd_2030.jpg,kau-bcmd,test
1.6121622,1.9251834,2.0381541,1.8880064,0,normal,Preprocessed_Dataset/kau-bcmd/kau-bcmd_1144.jpg,kau-bcmd,test
1.5010325,1.7375045,1.4725398,1.6557269,0,normal,Preprocessed_Dataset/kau-bcmd/kau-bcmd_1512.jpg,kau-bcmd,test
1.5097116,1.7482002,1.5935812,1.5341278,0,normal,Preprocessed_Dataset/kau-bcmd/kau-bcmd_219.jpg,kau-bcmd,test
1.4252892,1.5166042,1.4345556,1.5157721,0,normal,Preprocessed_Dataset/kau-bcmd/kau-bcmd_578.jpg,kau-bcmd,test
1.4594268,1.9876862,2.0181813,1.9243114,0,normal,Preprocessed_Dataset/kau-bcmd/kau-bcmd_2150.jpg,kau-bcmd,test
1.411008,1.6841145,1.6612608,1.6505584,0,normal,Preprocessed_Dataset/kau-bcmd/kau-bcmd_1760.jpg,kau-bcmd,test
1.7139332,1.5344317,1.8670851,1.667434,1,benign,Preprocessed_Dataset/kau-bcmd/kau-bcmd_1326.jpg,kau-bcmd,test
1.7531425,1.827922,2.093626,1.7832717,0,normal,Preprocessed_Dataset/kau-bcmd/kau-bcmd_1724.jpg,kau-bcmd,test
1.4249817,2.02268,1.8598567,1.9452788,0,normal,Preprocessed_Dataset/kau-bcmd/kau-bcmd_470.jpg,kau-bcmd,test
1.6453317,1.779066,1.9861958,1.6388861,0,normal,Preprocessed_Dataset/kau-bcmd/kau-bcmd_833.jpg,kau-bcmd,test
1.6637824,1.9120531,2.0332289,1.8688847,0,normal,Preprocessed_Dataset/kau-bcmd/kau-bcmd_1269.jpg,kau-bcmd,test
1.5088662,1.7347572,1.871686,1.8059441,0,normal,Preprocessed_Dataset/kau-bcmd/kau-bcmd_1352.jpg,kau-bcmd,test
1.4185522,2.1394582,2.0108502,2.0459464,0,normal,Preprocessed_Dataset/kau-bcmd/kau-bcmd_109.jpg,kau-bcmd,test
1.5024799,2.1443124,2.0097961,2.0769143,0,normal,Preprocessed_Dataset/kau-bcmd/kau-bcmd_414.jpg,kau-bcmd,test
1.4292979,1.9432069,1.8239033,1.9179387,0,normal,Preprocessed_Dataset/kau-bcmd/kau-bcmd_1689.jpg,kau-bcmd,test
1.4686116,1.9842854,1.9678271,2.003619,0,normal,Preprocessed_Dataset/kau-bcmd/kau-bcmd_634.jpg,kau-bcmd,test
1.5179669,1.8146126,1.7346543,1.7542506,0,normal,Preprocessed_Dataset/kau-bcmd/kau-bcmd_1176.jpg,kau-bcmd,test
1.507366,1.8623819,1.8830788,1.8813535,0,normal,Preprocessed_Dataset/kau-bcmd/kau-bcmd_115.jpg,kau-bcmd,test
1.7344308,1.7082579,1.8693978,1.7415059,0,normal,Preprocessed_Dataset/kau-bcmd/kau-bcmd_201.jpg,kau-bcmd,test
1.5329391,1.7633837,1.8142375,1.8502889,0,normal,Preprocessed_Dataset/kau-bcmd/kau-bcmd_1835.jpg,kau-bcmd,test
1.6513544,1.8062205,2.0916388,1.723742,0,normal,Preprocessed_Dataset/kau-bcmd/kau-bcmd_2022.jpg,kau-bcmd,test
1.4746156,1.8144588,1.6143025,1.678256,0,normal,Preprocessed_Dataset/kau-bcmd/kau-bcmd_1779.jpg,kau-bcmd,test
1.4960912,1.9881557,2.0097113,1.9299568,0,normal,Preprocessed_Dataset/kau-bcmd/kau-bcmd_51.jpg,kau-bcmd,test
1.5258554,1.8869326,2.0605643,1.9841888,0,normal,Preprocessed_Dataset/kau-bcmd/kau-bcmd_1898.jpg,kau-bcmd,test
1.7637012,1.9124995,2.3329563,2.0429575,0,normal,Preprocessed_Dataset/kau-bcmd/kau-bcmd_2038.jpg,kau-bcmd,test
1.6204398,1.8047074,1.9614553,1.8410761,0,normal,Preprocessed_Dataset/kau-bcmd/kau-bcmd_815.jpg,kau-bcmd,test
1.3250257,1.9956577,1.7447059,1.8042455,0,normal,Preprocessed_Dataset/kau-bcmd/kau-bcmd_1683.jpg,kau-bcmd,test
1.3436921,2.0579884,1.8191874,1.9338847,0,normal,Preprocessed_Dataset/kau-bcmd/kau-bcmd_875.jpg,kau-bcmd,test
1.6116328,1.9868541,2.103008,2.0526931,0,normal,Preprocessed_Dataset/kau-bcmd/kau-bcmd_1711.jpg,kau-bcmd,test
1.4311371,2.0073795,1.9019725,1.8824154,0,normal,Preprocessed_Dataset/kau-bcmd/kau-bcmd_1769.jpg,kau-bcmd,test
1.5668452,2.1193106,2.1932216,2.1358163,0,normal,Preprocessed_Dataset/kau-bcmd/kau-bcmd_274.jpg,kau-bcmd,test
1.4866505,1.7666211,1.8334999,1.851038,1,benign,Preprocessed_Dataset/kau-bcmd/kau-bcmd_55.jpg,kau-bcmd,test
1.5032002,1.2942407,1.225031,1.3461955,1,benign,Preprocessed_Dataset/kau-bcmd/kau-bcmd_1307.jpg,kau-bcmd,test
1.6525694,1.5445318,1.5099847,1.6428381,1,benign,Preprocessed_Dataset/kau-bcmd/kau-bcmd_588.jpg,kau-bcmd,test
1.5978554,2.0330076,2.3035474,2.07085,0,normal,Preprocessed_Dataset/kau-bcmd/kau-bcmd_769.jpg,kau-bcmd,test
1.4205638,1.7868081,1.9524014,1.7310613,0,normal,Preprocessed_Dataset/kau-bcmd/kau-bcmd_1530.jpg,kau-bcmd,test
1.3087474,1.9820119,1.8348987,1.8853809,0,normal,Preprocessed_Dataset/kau-bcmd/kau-bcmd_210.jpg,kau-bcmd,test
1.5796056,1.523385,1.5870403,1.5880059,1,benign,Preprocessed_Dataset/kau-bcmd/kau-bcmd_598.jpg,kau-bcmd,test
1.5858321,1.4942427,1.6608232,1.6181259,0,normal,Preprocessed_Dataset/kau-bcmd/kau-bcmd_1143.jpg,kau-bcmd,test
1.6438351,1.894826,2.043086,1.7860613,0,normal,Preprocessed_Dataset/kau-bcmd/kau-bcmd_1226.jpg,kau-bcmd,test
1.5264032,1.5649086,1.5765916,1.6098976,1,benign,Preprocessed_Dataset/kau-bcmd/kau-bcmd_906.jpg,kau-bcmd,test
1.5372258,1.3845277,1.5980909,1.4606231,1,benign,Preprocessed_Dataset/kau-bcmd/kau-bcmd_80.jpg,kau-bcmd,test
1.7020779,2.027251,2.2008762,1.9777861,0,normal,Preprocessed_Dataset/kau-bcmd/kau-bcmd_722.jpg,kau-bcmd,test
1.5689775,1.5947195,1.457586,1.5618865,1,benign,Preprocessed_Dataset/kau-bcmd/kau-bcmd_287.jpg,kau-bcmd,test
1.61503,2.0550632,2.1104965,2.066798,0,normal,Preprocessed_Dataset/kau-bcmd/kau-bcmd_1884.jpg,kau-bcmd,test
1.5205021,1.7576346,1.9693964,1.9246081,0,normal,Preprocessed_Dataset/kau-bcmd/kau-bcmd_1138.jpg,kau-bcmd,test
1.4845146,1.9441842,1.7488761,1.8529868,0,normal,Preprocessed_Dataset/kau-bcmd/kau-bcmd_275.jpg,kau-bcmd,test
1.1895199,1.850399,1.6347107,1.7226946,0,normal,Preprocessed_Dataset/kau-bcmd/kau-bcmd_2161.jpg,kau-bcmd,test
1.4689767,2.063572,2.1001503,2.0873616,0,normal,Preprocessed_Dataset/kau-bcmd/kau-bcmd_466.jpg,kau-bcmd,test
1.6480659,1.4850578,1.4983615,1.5722895,1,benign,Preprocessed_Dataset/kau-bcmd/kau-bcmd_886.jpg,kau-bcmd,test
1.5328922,2.0942957,2.1526597,2.1005208,0,normal,Preprocessed_Dataset/kau-bcmd/kau-bcmd_323.jpg,kau-bcmd,test
1.5354637,2.0418706,2.1212604,2.0030174,0,normal,Preprocessed_Dataset/kau-bcmd/kau-bcmd_866.jpg,kau-bcmd,test
1.5279878,1.861995,1.9558421,1.820249,0,normal,Preprocessed_Dataset/kau-bcmd/kau-bcmd_408.jpg,kau-bcmd,test
1.5083536,2.1381562,2.106317,1.9875221,0,normal,Preprocessed_Dataset/kau-bcmd/kau-bcmd_1728.jpg,kau-bcmd,test
1.285905,1.8836006,1.8115106,1.8579412,0,normal,Preprocessed_Dataset/kau-bcmd/kau-bcmd_130.jpg,kau-bcmd,test
1.5931693,1.4589449,1.4665786,1.6346457,1,benign,Preprocessed_Dataset/kau-bcmd/kau-bcmd_1311.jpg,kau-bcmd,test
1.5505087,1.7937394,1.7614532,1.7807746,1,benign,Preprocessed_Dataset/kau-bcmd/kau-bcmd_84.jpg,kau-bcmd,test
1.4114257,1.3723445,1.1338855,1.3199956,0,normal,Preprocessed_Dataset/kau-bcmd/kau-bcmd_256.jpg,kau-bcmd,test
1.672178,2.0136075,2.2073712,2.1083715,0,normal,Preprocessed_Dataset/kau-bcmd/kau-bcmd_341.jpg,kau-bcmd,test
1.4222695,1.9019405,1.7212701,1.9233233,0,normal,Preprocessed_Dataset/kau-bcmd/kau-bcmd_98.jpg,kau-bcmd,test
1.3658037,1.8647704,1.8464464,1.6800772,0,normal,Preprocessed_Dataset/kau-bcmd/kau-bcmd_956.jpg,kau-bcmd,test
1.6645535,1.7331018,1.9713995,1.695857,0,normal,Preprocessed_Dataset/kau-bcmd/kau-bcmd_2057.jpg,kau-bcmd,test
1.8876561,1.9355369,2.4056988,1.9257983,0,normal,Preprocessed_Dataset/kau-bcmd/kau-bcmd_1023.jpg,kau-bcmd,test
1.5787069,1.7338501,1.8479083,1.7862448,0,normal,Preprocessed_Dataset/kau-bcmd/kau-bcmd_268.jpg,kau-bcmd,test
1.3818276,2.1257439,2.0024772,2.0897763,0,normal,Preprocessed_Dataset/kau-bcmd/kau-bcmd_607.jpg,kau-bcmd,test
1.6516273,1.9234022,2.0197504,1.9753412,0,normal,Preprocessed_Dataset/kau-bcmd/kau-bcmd_225.jpg,kau-bcmd,test
1.2925957,1.7377566,1.1849835,1.5611207,2,malignant,Preprocessed_Dataset/kau-bcmd/kau-bcmd_819.jpg,kau-bcmd,test
1.818109,1.981854,2.4296384,2.0715263,0,normal,Preprocessed_Dataset/kau-bcmd/kau-bcmd_1995.jpg,kau-bcmd,test
1.6458832,1.666093,1.8705138,1.826984,0,normal,Preprocessed_Dataset/kau-bcmd/kau-bcmd_511.jpg,kau-bcmd,test
1.567287,1.9393175,1.875238,1.8641675,0,normal,Preprocessed_Dataset/kau-bcmd/kau-bcmd_627.jpg,kau-bcmd,test
1.5623531,1.9967319,2.0679238,2.0538685,0,normal,Preprocessed_Dataset/kau-bcmd/kau-bcmd_2013.jpg,kau-bcmd,test
1.5674858,2.0488937,2.1522007,2.0766585,0,normal,Preprocessed_Dataset/kau-bcmd/kau-bcmd_2166.jpg,kau-bcmd,test
1.5859072,1.6853144,1.7057344,1.8127722,0,normal,Preprocessed_Dataset/kau-bcmd/kau-bcmd_30.jpg,kau-bcmd,test
1.5619233,1.6888664,1.8145815,1.8382123,0,normal,Preprocessed_Dataset/kau-bcmd/kau-bcmd_22.jpg,kau-bcmd,test
1.6271863,2.1128047,2.3259344,2.2453456,0,normal,Preprocessed_Dataset/kau-bcmd/kau-bcmd_1217.jpg,kau-bcmd,test
1.4628891,1.7713712,1.8516463,1.8437928,0,normal,Preprocessed_Dataset/kau-bcmd/kau-bcmd_1379.jpg,kau-bcmd,test
1.6008655,2.0269027,2.1077514,1.966759,0,normal,Preprocessed_Dataset/kau-bcmd/kau-bcmd_1858.jpg,kau-bcmd,test
1.6304104,1.8691782,1.9813559,1.9491637,1,benign,Preprocessed_Dataset/kau-bcmd/kau-bcmd_935.jpg,kau-bcmd,test
1.5974144,1.879751,2.0103774,1.9153736,0,normal,Preprocessed_Dataset/kau-bcmd/kau-bcmd_977.jpg,kau-bcmd,test
1.6446031,1.6604823,1.6788142,1.6612824,0,normal,Preprocessed_Dataset/kau-bcmd/kau-bcmd_48.jpg,kau-bcmd,test
1.4232613,1.999315,1.8423017,1.8270998,0,normal,Preprocessed_Dataset/kau-bcmd/kau-bcmd_1218.jpg,kau-bcmd,test
1.5575187,1.8836244,2.183642,1.886029,0,normal,Preprocessed_Dataset/kau-bcmd/kau-bcmd_1926.jpg,kau-bcmd,test
1.4801831,1.5965087,1.756037,1.8034356,0,normal,Preprocessed_Dataset/kau-bcmd/kau-bcmd_1580.jpg,kau-bcmd,test
1.6418984,2.0164704,1.9166409,1.9881269,1,benign,Preprocessed_Dataset/kau-bcmd/kau-bcmd_691.jpg,kau-bcmd,test
1.5806084,1.8967586,2.1089232,1.9116862,0,normal,Preprocessed_Dataset/kau-bcmd/kau-bcmd_484.jpg,kau-bcmd,test
