pc1,pc2,pc3,pc4,label,label_name,filename,source_dataset,split
0.95328283,1.808572,1.338308,1.7779182,2,malignant,Preprocessed_Dataset/ddsm/ddsm_3846.jpg,ddsm,train
2.3135848,0.47163725,0.63760054,2.353628,2,malignant,Preprocessed_Dataset/cmmd/cmmd_2094.jpg,cmmd,train
0.93128955,2.3125129,0.5329424,2.0030646,0,normal,Preprocessed_Dataset/ddsm/ddsm_1906.jpg,ddsm,train
0.9001901,2.0478988,0.16259629,2.139801,0,normal,Preprocessed_Dataset/ddsm/ddsm_1186.jpg,ddsm,train
0.42579615,1.593616,2.387527,2.858271,1,benign,Preprocessed_Dataset/ddsm/ddsm_6501.jpg,ddsm,train
1.2403952,2.667698,0.3733241,1.9453946,2,malignant,Preprocessed_Dataset/ddsm/ddsm_5402.jpg,ddsm,train
2.6617312,1.0120703,1.0869517,2.0740554,1,benign,Preprocessed_Dataset/cmmd/cmmd_2373.jpg,cmmd,train
0.31005335,1.2067616,1.553762,2.6167588,2,malignant,Preprocessed_Dataset/ddsm/ddsm_5117.jpg,ddsm,train
0.6229468,2.579122,1.1798748,1.0172043,0,normal,Preprocessed_Dataset/ddsm/ddsm_750.jpg,ddsm,train
0.4003706,2.4791832,1.1444684,1.4798503,1,benign,Preprocessed_Dataset/ddsm/ddsm_10359.jpg,ddsm,train
2.214968,1.7479751,0.69020915,2.3043034,2,malignant,Preprocessed_Dataset/cmmd/cmmd_4088.jpg,cmmd,train
1.8007834,1.1901083,1.2452505,0.8489853,1,benign,Preprocessed_Dataset/cdd-cesm/cdd-cesm_465.jpg,cdd-cesm,train
0.52503157,1.1339016,0.27933902,2.010992,2,malignant,Preprocessed_Dataset/ddsm/ddsm_3837.jpg,ddsm,train
2.2649493,1.408274,1.8801714,0.5105767,0,normal,Preprocessed_Dataset/cdd-cesm/cdd-cesm_213.jpg,cdd-cesm,train
1.3701253,2.7509437,0.58401144,1.5531358,2,malignant,Preprocessed_Dataset/ddsm/ddsm_6231.jpg,ddsm,train
0.72355413,1.5518796,1.3608565,1.415844,2,malignant,Preprocessed_Dataset/ddsm/ddsm_4909.jpg,ddsm,train
1.3778387,0.703871,0.5409726,2.1313055,1,benign,Preprocessed_Dataset/inbreast/inbreast_57.jpg,inbreast,train
0.48857105,0.9605887,0.54993874,1.5574915,0,normal,Preprocessed_Dataset/ddsm/ddsm_2233.jpg,ddsm,train
2.5045533,1.5844767,0.9225789,2.3266625,2,malignant,Preprocessed_Dataset/cmmd/cmmd_262.jpg,cmmd,train
0.68799573,0.46237993,1.164317,2.289752,2,malignant,Preprocessed_Dataset/ddsm/ddsm_5817.jpg,ddsm,train
0.6088878,1.0576344,0.65448844,1.7435555,2,malignant,Preprocessed_Dataset/ddsm/ddsm_4328.jpg,ddsm,train
2.8504968,1.9004052,1.0998805,1.825356,2,malignant,Preprocessed_Dataset/cmmd/cmmd_1253.jpg,cmmd,train
2.3781528,0.5773483,1.1112802,1.971732,2,malignant,Preprocessed_Dataset/cmmd/cmmd_3226.jpg,cmmd,train
1.042536,0.67250395,1.9860154,0.85887516,2,malignant,Preprocessed_Dataset/ddsm/ddsm_4121.jpg,ddsm,train
0.7143016,2.045779,0.3222962,2.286858,2,malignant,Preprocessed_Dataset/ddsm/ddsm_4730.jpg,ddsm,train
0.6399659,1.2990932,1.0075797,1.1776958,2,malignant,Preprocessed_Dataset/ddsm/ddsm_4156.jpg,ddsm,train
2.668984,1.9569529,0.8516388,2.0976615,2,malignant,Preprocessed_Dataset/cmmd/cmmd_1139.jpg,cmmd,train
2.6837256,1.8257362,0.9655323,2.1046698,2,malignant,Preprocessed_Dataset/cmmd/cmmd_4336.jpg,cmmd,train
0.6748994,2.291154,0.35489738,2.2110424,1,benign,Preprocessed_Dataset/ddsm/ddsm_7035.jpg,ddsm,train
1.0427338,0.49974328,1.0418574,1.3453178,2,malignant,Preprocessed_Dataset/ddsm/ddsm_4952.jpg,ddsm,train
0.533066,2.693136,1.7720343,2.636878,2,malignant,Preprocessed_Dataset/ddsm/ddsm_5211.jpg,ddsm,train
0.1909672,1.1118395,0.6251951,1.5601869,0,normal,Preprocessed_Dataset/ddsm/ddsm_1705.jpg,ddsm,train
1.5651906,2.9548378,1.0419879,0.9834597,0,normal,Preprocessed_Dataset/cdd-cesm/cdd-cesm_828.jpg,cdd-cesm,train
0.7001995,2.6334734,0.536602,2.095048,0,normal,Preprocessed_Dataset/ddsm/ddsm_2166.jpg,ddsm,train
2.165092,0.4794494,0.7576654,2.0436099,2,malignant,Preprocessed_Dataset/cmmd/cmmd_4745.jpg,cmmd,train
0.85065985,0.91385067,0.5843703,1.4961774,0,normal,Preprocessed_Dataset/ddsm/ddsm_232.jpg,ddsm,train
0.40682894,1.2937521,1.6492817,2.035077,2,malignant,Preprocessed_Dataset/ddsm/ddsm_3149.jpg,ddsm,train
1.0725653,2.2451737,0.38639915,2.1007404,2,malignant,Preprocessed_Dataset/ddsm/ddsm_5623.jpg,ddsm,train
1.0351136,1.4249644,0.083167374,2.164869,1,benign,Preprocessed_Dataset/ddsm/ddsm_8920.jpg,ddsm,train
0.7818719,1.9832835,2.294853,2.2665648,2,malignant,Preprocessed_Dataset/ddsm/ddsm_5423.jpg,ddsm,train
0.835961,1.5652202,0.5065544,1.8148565,0,normal,Preprocessed_Dataset/ddsm/ddsm_1866.jpg,ddsm,train
2.5498333,2.7847285,1.5806595,0.97881174,0,normal,Preprocessed_Dataset/cdd-cesm/cdd-cesm_95.jpg,cdd-cesm,train
0.749113,2.2291136,1.3105478,2.224272,1,benign,Preprocessed_Dataset/ddsm/ddsm_10018.jpg,ddsm,train
0.59789294,2.2601287,1.4712442,2.5400033,1,benign,Preprocessed_Dataset/ddsm/ddsm_6907.jpg,ddsm,train
0.7368393,0.8585208,0.35393512,1.58624,1,benign,Preprocessed_Dataset/ddsm/ddsm_9800.jpg,ddsm,train
0.9339965,1.8442273,2.8492196,2.2174582,1,benign,Preprocessed_Dataset/ddsm/ddsm_10111.jpg,ddsm,train
0.49808788,1.4262419,1.7119007,2.1609523,2,malignant,Preprocessed_Dataset/ddsm/ddsm_6310.jpg,ddsm,train
0.7584084,2.2921336,0.2682029,2.5879872,2,malignant,Preprocessed_Dataset/ddsm/ddsm_5834.jpg,ddsm,train
2.482014,1.802132,0.91286546,2.437031,1,benign,Preprocessed_Dataset/cmmd/cmmd_3894.jpg,cmmd,train
0.20989037,0.86960477,0.2732374,1.932229,1,benign,Preprocessed_Dataset/ddsm/ddsm_6964.jpg,ddsm,train
0.6736475,2.0033636,0.48068935,2.473139,0,normal,Preprocessed_Dataset/ddsm/ddsm_1975.jpg,ddsm,train
0.7972543,1.5247154,0.46051413,1.9558911,0,normal,Preprocessed_Dataset/ddsm/ddsm_2607.jpg,ddsm,train
1.7765615,0.6215982,1.534764,1.851194,1,benign,Preprocessed_Dataset/dmid/dmid_287.jpg,dmid,train
0.87101734,0.59677,0.4956135,2.0618322,1,benign,Preprocessed_Dataset/ddsm/ddsm_6789.jpg,ddsm,train
0.9999491,2.7788873,0.58088315,1.4818531,0,normal,Preprocessed_Dataset/ddsm/ddsm_1795.jpg,ddsm,train
1.3244606,1.5639173,0.53011656,2.0392263,0,normal,Preprocessed_Dataset/ddsm/ddsm_1662.jpg,ddsm,train
2.1885982,2.7519479,1.9156332,0.582891,1,benign,Preprocessed_Dataset/cdd-cesm/cdd-cesm_32.jpg,cdd-cesm,train
1.3718436,2.3400917,0.7199237,1.1955476,0,normal,Preprocessed_Dataset/ddsm/ddsm_2322.jpg,ddsm,train
0.53476316,1.9705464,1.6544101,1.5049055,2,malignant,Preprocessed_Dataset/ddsm/ddsm_2998.jpg,ddsm,train
0.8306754,0.9171524,0.21831357,2.051002,2,malignant,Preprocessed_Dataset/ddsm/ddsm_4653.jpg,ddsm,train
0.5840638,1.9709083,1.6032277,3.033346,1,benign,Preprocessed_Dataset/ddsm/ddsm_9126.jpg,ddsm,train
2.5041084,2.202,1.1559937,2.276592,1,benign,Preprocessed_Dataset/cmmd/cmmd_30.jpg,cmmd,train
0.73965526,2.1041546,0.18283582,2.1045322,0,normal,Preprocessed_Dataset/ddsm/ddsm_51.jpg,ddsm,train
0.6613528,2.4244645,1.01087,1.9866141,1,benign,Preprocessed_Dataset/ddsm/ddsm_8250.jpg,ddsm,train
2.5839953,1.470228,0.8098015,1.989702,2,malignant,Preprocessed_Dataset/cmmd/cmmd_1132.jpg,cmmd,train
0.43699896,1.5897188,1.9030472,2.7884054,1,benign,Preprocessed_Dataset/ddsm/ddsm_6834.jpg,ddsm,train
0.70277315,1.3263394,1.71263,1.9771132,1,benign,Preprocessed_Dataset/ddsm/ddsm_8921.jpg,ddsm,train
1.1443533,2.220116,2.0275755,2.1592302,1,benign,Preprocessed_Dataset/ddsm/ddsm_9562.jpg,ddsm,train
0.6852209,1.835886,1.953176,2.7585728,2,malignant,Preprocessed_Dataset/ddsm/ddsm_5723.jpg,ddsm,train
0.73099786,1.371753,0.48468593,1.2509497,0,normal,Preprocessed_Dataset/ddsm/ddsm_1004.jpg,ddsm,train
1.1937397,1.4465747,0.52295977,1.6283517,0,normal,Preprocessed_Dataset/ddsm/ddsm_1993.jpg,ddsm,train
0.45338166,2.021905,0.3108214,1.8944683,1,benign,Preprocessed_Dataset/ddsm/ddsm_7354.jpg,ddsm,train
0.6470363,1.1421684,0.6683787,1.414129,1,benign,Preprocessed_Dataset/ddsm/ddsm_9300.jpg,ddsm,train
0.4805451,0.58128715,1.4399314,2.0579505,1,benign,Preprocessed_Dataset/ddsm/ddsm_9957.jpg,ddsm,train
0.6777837,2.305184,1.7471497,3.027234,1,benign,Preprocessed_Dataset/ddsm/ddsm_7123.jpg,ddsm,train
0.5101048,0.8926771,1.2168903,2.3889892,1,benign,Preprocessed_Dataset/ddsm/ddsm_8253.jpg,ddsm,train
0.90550125,2.0418801,0.3948775,2.0387032,1,benign,Preprocessed_Dataset/ddsm/ddsm_7883.jpg,ddsm,train
2.6611953,0.6088391,1.2370794,1.536851,2,malignant,Preprocessed_Dataset/cmmd/cmmd_3040.jpg,cmmd,train
0.55578166,2.3229876,0.3739915,2.050168,0,normal,Preprocessed_Dataset/ddsm/ddsm_670.jpg,ddsm,train
2.6088593,0.5904959,0.97816175,1.9654131,2,malignant,Preprocessed_Dataset/cmmd/cmmd_2988.jpg,cmmd,train
2.6094298,0.6214455,0.95932555,1.8092991,2,malignant,Preprocessed_Dataset/cmmd/cmmd_2675.jpg,cmmd,train
0.69194245,1.0661664,0.7105345,2.2882109,0,normal,Preprocessed_Dataset/ddsm/ddsm_38.jpg,ddsm,train
0.8894318,1.0643594,0.47699744,1.891291,0,normal,Preprocessed_Dataset/ddsm/ddsm_1989.jpg,ddsm,train
0.40542042,2.3150327,0.32364243,1.8989471,2,malignant,Preprocessed_Dataset/ddsm/ddsm_3682.jpg,ddsm,train
0.75258744,1.7439313,0.6039563,1.932525,0,normal,Preprocessed_Dataset/ddsm/ddsm_1479.jpg,ddsm,train
0.3698271,1.158268,1.7583301,1.5080998,1,benign,Preprocessed_Dataset/ddsm/ddsm_7948.jpg,ddsm,train
2.770845,0.60825545,1.1381072,1.8364285,1,benign,Preprocessed_Dataset/cmmd/cmmd_2479.jpg,cmmd,train
2.818078,2.1156905,1.1892854,1.8264382,2,malignant,Preprocessed_Dataset/cmmd/cmmd_4079.jpg,cmmd,train
2.5409,1.9652159,0.8338694,2.231089,2,malignant,Preprocessed_Dataset/cmmd/cmmd_292.jpg,cmmd,train
0.7343024,1.5947095,0.29687315,1.6074973,0,normal,Preprocessed_Dataset/ddsm/ddsm_2121.jpg,ddsm,train
2.1194682,2.3215802,1.4802382,0.86188555,0,normal,Preprocessed_Dataset/cdd-cesm/cdd-cesm_579.jpg,cdd-cesm,train
0.6567585,1.7309319,2.07347,1.4943191,2,malignant,Preprocessed_Dataset/ddsm/ddsm_6194.jpg,ddsm,train
0.046304584,0.9491069,1.5086417,1.631923,1,benign,Preprocessed_Dataset/ddsm/ddsm_7224.jpg,ddsm,train
0.52121663,1.1120356,0.4237485,2.1051204,0,normal,Preprocessed_Dataset/ddsm/ddsm_2317.jpg,ddsm,train
0.38323402,0.5587267,2.6079898,2.1200385,2,malignant,Preprocessed_Dataset/ddsm/ddsm_4361.jpg,ddsm,train
0.9361197,1.1344981,0.15222031,2.110939,1,benign,Preprocessed_Dataset/inbreast/inbreast_108.jpg,inbreast,train
1.1950446,2.522142,0.5138115,1.982348,0,normal,Preprocessed_Dataset/ddsm/ddsm_1147.jpg,ddsm,train
0.57296747,1.7527119,0.08240348,2.631348,0,normal,Preprocessed_Dataset/ddsm/ddsm_2770.jpg,ddsm,train
0.87125057,2.3472035,0.7593936,1.314116,0,normal,Preprocessed_Dataset/ddsm/ddsm_423.jpg,ddsm,train
2.051012,0.45418024,0.800864,1.7008005,1,benign,Preprocessed_Dataset/inbreast/inbreast_406.jpg,inbreast,train
0.90966666,1.6718954,0.6851188,2.1721592,0,normal,Preprocessed_Dataset/ddsm/ddsm_2642.jpg,ddsm,train
1.5766897,2.258231,0.598295,1.6778823,0,normal,Preprocessed_Dataset/cdd-cesm/cdd-cesm_733.jpg,cdd-cesm,train
0.6045854,2.0018764,0.14816391,1.9536184,2,malignant,Preprocessed_Dataset/ddsm/ddsm_2782.jpg,ddsm,train
0.44401973,0.75672793,0.12801093,2.1733105,1,benign,Preprocessed_Dataset/ddsm/ddsm_9037.jpg,ddsm,train
2.461361,1.6025326,1.3426541,1.8486948,2,malignant,Preprocessed_Dataset/cmmd/cmmd_4482.jpg,cmmd,train
1.9927237,0.6534975,0.56493455,2.261635,2,malignant,Preprocessed_Dataset/cmmd/cmmd_3527.jpg,cmmd,train
0.6062189,1.7365531,0.49465725,2.046969,0,normal,Preprocessed_Dataset/ddsm/ddsm_1887.jpg,ddsm,train
2.2946365,0.6844358,0.882292,2.1555858,2,malignant,Preprocessed_Dataset/cmmd/cmmd_2938.jpg,cmmd,train
2.4778428,0.5895105,0.959441,2.158696,2,malignant,Preprocessed_Dataset/cmmd/cmmd_2521.jpg,cmmd,train
0.4410047,1.0726752,1.87101,2.2786884,1,benign,Preprocessed_Dataset/ddsm/ddsm_8025.jpg,ddsm,train
0.83723366,1.140093,1.2992994,1.6080539,2,malignant,Preprocessed_Dataset/ddsm/ddsm_4917.jpg,ddsm,train
2.538189,2.0662413,1.0181916,2.0355418,2,malignant,Preprocessed_Dataset/cmmd/cmmd_880.jpg,cmmd,train
2.7270718,1.9769963,1.1228303,2.3882785,2,malignant,Preprocessed_Dataset/cmmd/cmmd_1719.jpg,cmmd,train
2.686263,0.735756,1.413629,1.4681206,2,malignant,Preprocessed_Dataset/cmmd/cmmd_3216.jpg,cmmd,train
0.6153897,1.7544682,1.8213232,2.8912277,1,benign,Preprocessed_Dataset/ddsm/ddsm_6811.jpg,ddsm,train
0.8321989,2.4153414,0.31840312,2.3173916,0,normal,Preprocessed_Dataset/ddsm/ddsm_1195.jpg,ddsm,train
0.17940426,0.95690167,0.5296178,1.2395362,0,normal,Preprocessed_Dataset/ddsm/ddsm_1688.jpg,ddsm,train
0.73712176,0.76071775,0.54967666,1.6735938,0,normal,Preprocessed_Dataset/ddsm/ddsm_276.jpg,ddsm,train
2.4081953,1.8765758,0.8999818,2.548477,1,benign,Preprocessed_Dataset/cmmd/cmmd_692.jpg,cmmd,train
2.9577303,2.0190282,1.4842935,1.6716616,2,malignant,Preprocessed_Dataset/cmmd/cmmd_1208.jpg,cmmd,train
0.7937889,2.505926,0.5373977,1.9834474,2,malignant,Preprocessed_Dataset/ddsm/ddsm_3343.jpg,ddsm,train
0.5500738,1.0314009,0.60861087,1.7115384,1,benign,Preprocessed_Dataset/ddsm/ddsm_7785.jpg,ddsm,train
2.5459218,1.6147025,1.1337124,2.2603636,2,malignant,Preprocessed_Dataset/cmmd/cmmd_98.jpg,cmmd,train
0.35527098,1.0412762,0.75965935,2.344855,1,benign,Preprocessed_Dataset/ddsm/ddsm_6953.jpg,ddsm,train
0.32739568,0.9057861,2.8513567,2.2838354,2,malignant,Preprocessed_Dataset/ddsm/ddsm_5260.jpg,ddsm,train
1.161901,2.1570892,0.52484757,1.699278,0,normal,Preprocessed_Dataset/ddsm/ddsm_175.jpg,ddsm,train
0.65512675,1.1406171,0.29856277,1.9043608,1,benign,Preprocessed_Dataset/ddsm/ddsm_7213.jpg,ddsm,train
2.1401548,0.44928038,0.9148813,2.2469733,2,malignant,Preprocessed_Dataset/cmmd/cmmd_4926.jpg,cmmd,train
2.6036284,2.0452125,0.92466855,2.5176826,2,malignant,Preprocessed_Dataset/cmmd/cmmd_1255.jpg,cmmd,train
0.68890524,2.2776423,0.36873704,1.8956591,1,benign,Preprocessed_Dataset/ddsm/ddsm_7007.jpg,ddsm,train
0.2759356,0.5840765,2.141045,2.420545,2,malignant,Preprocessed_Dataset/ddsm/ddsm_4829.jpg,ddsm,train
2.548007,1.1082358,1.1661433,2.0858355,1,benign,Preprocessed_Dataset/cmmd/cmmd_2358.jpg,cmmd,train
2.014931,0.15288436,0.740597,2.0142465,2,malignant,Preprocessed_Dataset/cmmd/cmmd_3161.jpg,cmmd,train
0.35773736,1.3924664,2.0014272,2.5174365,2,malignant,Preprocessed_Dataset/ddsm/ddsm_5905.jpg,ddsm,train
0.39478046,2.1031907,1.2406912,1.7662437,0,normal,Preprocessed_Dataset/ddsm/ddsm_1282.jpg,ddsm,train
0.8217239,1.0541837,0.16369188,1.9695371,0,normal,Preprocessed_Dataset/ddsm/ddsm_384.jpg,ddsm,train
0.91098225,1.959918,0.8423393,1.5740503,0,normal,Preprocessed_Dataset/ddsm/ddsm_2207.jpg,ddsm,train
0.78224075,1.5260433,0.7461821,1.509307,2,malignant,Preprocessed_Dataset/ddsm/ddsm_3312.jpg,ddsm,train
0.42080146,1.9833167,2.1767378,2.4429078,2,malignant,Preprocessed_Dataset/ddsm/ddsm_3071.jpg,ddsm,train
0.888182,2.0854754,0.37473345,2.413789,0,normal,Preprocessed_Dataset/ddsm/ddsm_2535.jpg,ddsm,train
1.6677268,2.2885776,0.53417647,2.2807689,0,normal,Preprocessed_Dataset/dmid/dmid_379.jpg,dmid,train
2.5809398,1.4303411,0.83437634,2.1622026,2,malignant,Preprocessed_Dataset/cmmd/cmmd_1486.jpg,cmmd,train
0.8335295,2.040615,0.71521044,1.5601181,2,malignant,Preprocessed_Dataset/ddsm/ddsm_3842.jpg,ddsm,train
0.7816234,2.3027406,0.44539618,1.760653,1,benign,Preprocessed_Dataset/ddsm/ddsm_9551.jpg,ddsm,train
0.51531374,1.6559497,0.44344014,1.9579054,0,normal,Preprocessed_Dataset/ddsm/ddsm_455.jpg,ddsm,train
0.6555776,1.5645947,0.38455784,2.3032422,0,normal,Preprocessed_Dataset/ddsm/ddsm_943.jpg,ddsm,train
0.7029374,1.4942822,0.46032482,1.9142047,2,malignant,Preprocessed_Dataset/ddsm/ddsm_3576.jpg,ddsm,train
0.8774154,1.8681511,0.34063804,1.9117707,1,benign,Preprocessed_Dataset/ddsm/ddsm_7095.jpg,ddsm,train
2.3369951,0.52531683,1.1114013,2.3180327,1,benign,Preprocessed_Dataset/cmmd/cmmd_2411.jpg,cmmd,train
0.7342641,1.361694,1.1631205,1.097104,0,normal,Preprocessed_Dataset/ddsm/ddsm_869.jpg,ddsm,train
0.7342105,2.3179822,2.198824,2.4851742,2,malignant,Preprocessed_Dataset/ddsm/ddsm_4022.jpg,ddsm,train
0.4303671,0.7502773,1.2598598,2.2639012,1,benign,Preprocessed_Dataset/ddsm/ddsm_7640.jpg,ddsm,train
0.51503795,1.2988197,2.1987767,0.62958527,2,malignant,Preprocessed_Dataset/ddsm/ddsm_3986.jpg,ddsm,train
0.85464966,1.2881336,0.32924217,2.0178957,1,benign,Preprocessed_Dataset/ddsm/ddsm_10305.jpg,ddsm,train
2.6291196,2.0462446,0.9857669,1.8963459,2,malignant,Preprocessed_Dataset/cmmd/cmmd_1090.jpg,cmmd,train
0.7351567,0.73518145,2.4890223,1.812228,1,benign,Preprocessed_Dataset/ddsm/ddsm_8405.jpg,ddsm,train
0.39138645,1.4025005,1.7229345,2.4445372,1,benign,Preprocessed_Dataset/ddsm/ddsm_9885.jpg,ddsm,train
0.7644794,1.8802092,0.53044647,2.1237974,0,normal,Preprocessed_Dataset/ddsm/ddsm_1666.jpg,ddsm,train
0.428864,2.3178177,2.3506765,2.7826943,2,malignant,Preprocessed_Dataset/ddsm/ddsm_3519.jpg,ddsm,train
2.4907591,0.8687722,0.9694337,2.086078,2,malignant,Preprocessed_Dataset/cmmd/cmmd_3215.jpg,cmmd,train
0.7793413,2.2763863,2.3761358,2.6531787,1,benign,Preprocessed_Dataset/ddsm/ddsm_9087.jpg,ddsm,train
0.34321773,2.1122825,1.5631168,2.2981944,1,benign,Preprocessed_Dataset/ddsm/ddsm_7959.jpg,ddsm,train
0.7641316,1.302703,1.9116571,0.83473957,2,malignant,Preprocessed_Dataset/ddsm/ddsm_6202.jpg,ddsm,train
0.61575615,1.1490631,0.48955154,1.4808431,2,malignant,Preprocessed_Dataset/ddsm/ddsm_4753.jpg,ddsm,train
0.39600194,0.44472897,2.0273476,2.1954765,1,benign,Preprocessed_Dataset/ddsm/ddsm_8304.jpg,ddsm,train
0.6081839,1.0861715,1.6535993,2.2689443,1,benign,Preprocessed_Dataset/ddsm/ddsm_6556.jpg,ddsm,train
1.5511456,0.7147288,0.8876216,1.2220125,0,normal,Preprocessed_Dataset/cdd-cesm/cdd-cesm_604.jpg,cdd-cesm,train
2.357021,2.6041925,1.850019,1.047726,1,benign,Preprocessed_Dataset/cdd-cesm/cdd-cesm_539.jpg,cdd-cesm,train
1.3233685,2.1446662,0.20191854,2.5071127,1,benign,Preprocessed_Dataset/inbreast/inbreast_28.jpg,inbreast,train
0.6551198,1.1322186,1.8776507,1.081553,1,benign,Preprocessed_Dataset/ddsm/ddsm_8856.jpg,ddsm,train
0.67829823,2.094256,0.14167088,2.1978261,2,malignant,Preprocessed_Dataset/ddsm/ddsm_5278.jpg,ddsm,train
1.1090419,2.4470558,0.70827365,1.5941647,0,normal,Preprocessed_Dataset/ddsm/ddsm_2319.jpg,ddsm,train
0.5409414,1.0082653,1.8379307,1.5392275,1,benign,Preprocessed_Dataset/ddsm/ddsm_10248.jpg,ddsm,train
2.061773,0.12882698,0.7757525,2.0970542,1,benign,Preprocessed_Dataset/cmmd/cmmd_2221.jpg,cmmd,train
0.3379196,0.60925305,1.6187433,2.203281,2,malignant,Preprocessed_Dataset/ddsm/ddsm_5800.jpg,ddsm,train
0.5613407,1.4759321,0.21863663,2.2916808,1,benign,Preprocessed_Dataset/ddsm/ddsm_8120.jpg,ddsm,train
2.2240741,0.6090366,0.8113725,2.6191852,2,malignant,Preprocessed_Dataset/cmmd/cmmd_4976.jpg,cmmd,train
0.60738003,1.4112533,0.26238096,2.2997484,0,normal,Preprocessed_Dataset/ddsm/ddsm_2655.jpg,ddsm,train
1.898228,1.5339541,0.99285483,1.0876815,2,malignant,Preprocessed_Dataset/cdd-cesm/cdd-cesm_770.jpg,cdd-cesm,train
0.6974696,1.8726352,0.21754515,2.3880224,0,normal,Preprocessed_Dataset/ddsm/ddsm_739.jpg,ddsm,train
2.3966088,2.0829844,1.1269562,2.0480816,2,malignant,Preprocessed_Dataset/cmmd/cmmd_4055.jpg,cmmd,train
0.93246627,1.1651582,0.4409595,1.6706241,0,normal,Preprocessed_Dataset/ddsm/ddsm_124.jpg,ddsm,train
1.811414,1.2073053,0.75101906,2.1646879,2,malignant,Preprocessed_Dataset/cmmd/cmmd_4783.jpg,cmmd,train
2.6267776,1.5288501,0.6973219,2.5467253,1,benign,Preprocessed_Dataset/cmmd/cmmd_173.jpg,cmmd,train
0.85789925,1.7980745,0.5833404,1.6299307,1,benign,Preprocessed_Dataset/ddsm/ddsm_7166.jpg,ddsm,train
0.86790645,2.0138764,1.8610206,1.7564857,1,benign,Preprocessed_Dataset/ddsm/ddsm_7539.jpg,ddsm,train
0.7483087,0.3970462,0.69643116,1.6591408,0,normal,Preprocessed_Dataset/ddsm/ddsm_472.jpg,ddsm,train
0.76357675,0.64959747,0.39053726,1.3622195,0,normal,Preprocessed_Dataset/ddsm/ddsm_113.jpg,ddsm,train
1.1106448,1.8903017,1.9758857,1.0533662,2,malignant,Preprocessed_Dataset/ddsm/ddsm_3142.jpg,ddsm,train
0.23055196,1.3248156,2.1779132,1.4633878,2,malignant,Preprocessed_Dataset/ddsm/ddsm_3712.jpg,ddsm,train
2.536468,2.281455,1.6761637,1.5321507,2,malignant,Preprocessed_Dataset/cmmd/cmmd_3719.jpg,cmmd,train
0.5468786,0.6784913,0.50980747,1.5499105,0,normal,Preprocessed_Dataset/ddsm/ddsm_617.jpg,ddsm,train
0.47262615,1.0043888,2.3545566,2.2396913,1,benign,Preprocessed_Dataset/ddsm/ddsm_8344.jpg,ddsm,train
1.0800276,0.87090504,1.7199953,2.2441833,2,malignant,Preprocessed_Dataset/ddsm/ddsm_4436.jpg,ddsm,train
2.064772,0.9659876,1.829004,0.1886394,2,malignant,Preprocessed_Dataset/cdd-cesm/cdd-cesm_627.jpg,cdd-cesm,train
2.1802485,2.141702,1.1566226,1.0151931,2,malignant,Preprocessed_Dataset/cdd-cesm/cdd-cesm_731.jpg,cdd-cesm,train
0.5685825,2.1051247,1.4136198,1.2227995,2,malignant,Preprocessed_Dataset/ddsm/ddsm_5806.jpg,ddsm,train
2.8911529,1.540937,1.0632943,2.0850573,2,malignant,Preprocessed_Dataset/cmmd/cmmd_1070.jpg,cmmd,train
2.4226217,1.5207903,0.68325144,2.2645307,2,malignant,Preprocessed_Dataset/cmmd/cmmd_1381.jpg,cmmd,train
1.4434444,1.8320158,0.49474713,1.7911267,2,malignant,Preprocessed_Dataset/ddsm/ddsm_6431.jpg,ddsm,train
0.60141194,1.9903286,0.41299593,2.22672,1,benign,Preprocessed_Dataset/ddsm/ddsm_8650.jpg,ddsm,train
0.37547165,1.924754,2.9806027,1.9607302,2,malignant,Preprocessed_Dataset/ddsm/ddsm_4943.jpg,ddsm,train
0.37114835,0.9084565,1.0483439,1.2782516,1,benign,Preprocessed_Dataset/ddsm/ddsm_7396.jpg,ddsm,train
2.1728573,2.1378994,0.83627963,2.2776253,0,normal,Preprocessed_Dataset/dmid/dmid_461.jpg,dmid,train
2.7892387,1.4517018,1.0968957,2.3305576,1,benign,Preprocessed_Dataset/cmmd/cmmd_148.jpg,cmmd,train
0.7451679,1.1338681,0.77634865,2.2150035,1,benign,Preprocessed_Dataset/ddsm/ddsm_8964.jpg,ddsm,train
0.2992646,1.340805,1.5280275,2.4929507,2,malignant,Preprocessed_Dataset/ddsm/ddsm_3884.jpg,ddsm,train
0.6288627,1.239656,0.18065774,2.4664698,2,malignant,Preprocessed_Dataset/ddsm/ddsm_3469.jpg,ddsm,train
1.9478326,3.0320563,1.3412615,0.49508154,2,malignant,Preprocessed_Dataset/cdd-cesm/cdd-cesm_467.jpg,cdd-cesm,train
0.7160554,2.5719976,0.542045,1.3705871,1,benign,Preprocessed_Dataset/ddsm/ddsm_10054.jpg,ddsm,train
1.0031962,1.2531602,2.3593168,1.1614861,2,malignant,Preprocessed_Dataset/ddsm/ddsm_3776.jpg,ddsm,train
1.0531454,2.1075153,0.37964398,2.4052923,2,malignant,Preprocessed_Dataset/inbreast/inbreast_289.jpg,inbreast,train
0.7846192,0.7869443,1.8286339,2.177542,1,benign,Preprocessed_Dataset/ddsm/ddsm_8089.jpg,ddsm,train
2.467202,0.7138098,1.2939864,2.3231223,2,malignant,Preprocessed_Dataset/cmmd/cmmd_5188.jpg,cmmd,train
0.33085382,0.84444445,1.2196653,2.0868466,1,benign,Preprocessed_Dataset/ddsm/ddsm_9212.jpg,ddsm,train
0.76774347,2.3177068,0.30301732,2.1639886,0,normal,Preprocessed_Dataset/ddsm/ddsm_2318.jpg,ddsm,train
2.3025203,1.7689283,0.9149798,1.9253412,1,benign,Preprocessed_Dataset/cmmd/cmmd_122.jpg,cmmd,train
0.3012963,1.2718709,0.61196744,2.3207552,1,benign,Preprocessed_Dataset/ddsm/ddsm_8229.jpg,ddsm,train
0.39051932,1.7145994,2.1638374,2.5812342,2,malignant,Preprocessed_Dataset/ddsm/ddsm_3086.jpg,ddsm,train
1.0213143,2.2974443,0.3868419,2.143841,2,malignant,Preprocessed_Dataset/ddsm/ddsm_5571.jpg,ddsm,train
0.7297332,0.74698657,0.7424693,1.2228575,0,normal,Preprocessed_Dataset/ddsm/ddsm_256.jpg,ddsm,train
2.6434255,0.7665987,1.0464857,1.9015115,1,benign,Preprocessed_Dataset/cmmd/cmmd_1810.jpg,cmmd,train
0.6640006,1.0904835,1.8706398,1.9521109,1,benign,Preprocessed_Dataset/ddsm/ddsm_6984.jpg,ddsm,train
2.0783637,2.3445587,1.6473053,2.2516255,2,malignant,Preprocessed_Dataset/cmmd/cmmd_3646.jpg,cmmd,train
0.56768537,1.9223251,1.7714274,2.1707506,2,malignant,Preprocessed_Dataset/ddsm/ddsm_3646.jpg,ddsm,train
0.476107,1.0501785,2.1492913,2.3066933,1,benign,Preprocessed_Dataset/ddsm/ddsm_8064.jpg,ddsm,train
0.9152472,2.181992,0.48350865,1.5926658,2,malignant,Preprocessed_Dataset/ddsm/ddsm_4158.jpg,ddsm,train
1.5234596,2.06684,0.66734266,2.1434073,0,normal,Preprocessed_Dataset/dmid/dmid_41.jpg,dmid,train
0.66407853,2.0262823,0.7527025,1.7845767,0,normal,Preprocessed_Dataset/ddsm/ddsm_1407.jpg,ddsm,train
0.8663224,2.3792048,0.37728786,2.179493,0,normal,Preprocessed_Dataset/ddsm/ddsm_2143.jpg,ddsm,train
2.4112859,1.9036114,1.0844342,2.6373978,2,malignant,Preprocessed_Dataset/cmmd/cmmd_1643.jpg,cmmd,train
0.8252969,1.8521115,1.0922158,2.706912,1,benign,Preprocessed_Dataset/ddsm/ddsm_9034.jpg,ddsm,train
0.40019524,1.0799236,2.1948204,2.3329062,2,malignant,Preprocessed_Dataset/ddsm/ddsm_3385.jpg,ddsm,train
0.38156122,1.1757728,0.43020326,1.7776544,2,malignant,Preprocessed_Dataset/ddsm/ddsm_4976.jpg,ddsm,train
2.656506,0.9244044,1.3253648,1.8130765,2,malignant,Preprocessed_Dataset/cmmd/cmmd_4460.jpg,cmmd,train
0.77526426,1.1135973,0.68054485,1.0514023,0,normal,Preprocessed_Dataset/ddsm/ddsm_540.jpg,ddsm,train
0.22976685,1.5163901,1.1457071,1.6943283,2,malignant,Preprocessed_Dataset/ddsm/ddsm_6129.jpg,ddsm,train
2.4029233,2.6128392,1.4127924,0.92468476,2,malignant,Preprocessed_Dataset/cdd-cesm/cdd-cesm_626.jpg,cdd-cesm,train
2.0895107,0.45162213,0.6346076,2.5869985,2,malignant,Preprocessed_Dataset/cmmd/cmmd_3180.jpg,cmmd,train
2.7483954,2.1546793,1.0541444,1.8953859,2,malignant,Preprocessed_Dataset/cmmd/cmmd_4306.jpg,cmmd,train
0.8493608,2.4390564,0.14068776,1.9192328,1,benign,Preprocessed_Dataset/ddsm/ddsm_7159.jpg,ddsm,train
0.97463614,0.64997953,1.1903601,0.9268255,0,normal,Preprocessed_Dataset/ddsm/ddsm_609.jpg,ddsm,train
2.582131,0.4675809,1.0357928,2.2323787,1,benign,Preprocessed_Dataset/cmmd/cmmd_1969.jpg,cmmd,train
2.68993,0.5752495,1.0905883,2.0604975,2,malignant,Preprocessed_Dataset/cmmd/cmmd_2707.jpg,cmmd,train
1.2340144,2.2945158,0.7072068,1.7302822,0,normal,Preprocessed_Dataset/ddsm/ddsm_235.jpg,ddsm,train
2.7164996,0.58227867,1.0595424,1.9018108,2,malignant,Preprocessed_Dataset/cmmd/cmmd_2665.jpg,cmmd,train
2.4463754,0.4392022,1.1064993,2.0264964,1,benign,Preprocessed_Dataset/cmmd/cmmd_4378.jpg,cmmd,train
2.9991007,1.8219272,1.2389858,1.640116,2,malignant,Preprocessed_Dataset/cmmd/cmmd_1660.jpg,cmmd,train
2.4733005,0.5710324,0.81671005,2.2093134,2,malignant,Preprocessed_Dataset/cmmd/cmmd_3014.jpg,cmmd,train
1.0223689,2.181494,0.70234156,1.9540104,1,benign,Preprocessed_Dataset/ddsm/ddsm_6619.jpg,ddsm,train
2.5945172,0.4573648,1.2969948,1.6851599,1,benign,Preprocessed_Dataset/cmmd/cmmd_2237.jpg,cmmd,train
0.55114436,1.7405593,1.9839125,2.5453513,1,benign,Preprocessed_Dataset/ddsm/ddsm_10206.jpg,ddsm,train
2.4296656,0.43696463,0.9852849,2.2949219,2,malignant,Preprocessed_Dataset/cmmd/cmmd_1846.jpg,cmmd,train
2.654683,1.7218461,0.84115136,2.5411885,2,malignant,Preprocessed_Dataset/cmmd/cmmd_57.jpg,cmmd,train
0.5611852,0.8475482,2.1121736,2.4029362,1,benign,Preprocessed_Dataset/ddsm/ddsm_9220.jpg,ddsm,train
1.2435662,2.3739216,0.23805547,2.107436,0,normal,Preprocessed_Dataset/ddsm/ddsm_771.jpg,ddsm,train
2.1537867,0.838543,0.8408868,2.1381848,1,benign,Preprocessed_Dataset/cmmd/cmmd_2388.jpg,cmmd,train
2.7232788,1.6356442,0.7559755,2.3258283,2,malignant,Preprocessed_Dataset/cmmd/cmmd_876.jpg,cmmd,train
3.0884511,0.62631756,1.3466605,1.735855,2,malignant,Preprocessed_Dataset/cmmd/cmmd_3450.jpg,cmmd,train
0.75102013,2.7101598,0.8164629,1.2484885,0,normal,Preprocessed_Dataset/ddsm/ddsm_1762.jpg,ddsm,train
2.4483476,2.0657668,1.1379335,2.6528873,2,malignant,Preprocessed_Dataset/cmmd/cmmd_4147.jpg,cmmd,train
2.6794524,2.0729895,1.1461471,2.1892936,2,malignant,Preprocessed_Dataset/cmmd/cmmd_251.jpg,cmmd,train
1.3818672,2.11144,0.61336076,2.4459686,1,benign,Preprocessed_Dataset/inbreast/inbreast_51.jpg,inbreast,train
2.1688495,0.31817484,0.837477,2.2120755,2,malignant,Preprocessed_Dataset/cmmd/cmmd_4631.jpg,cmmd,train
0.40904796,1.2846761,0.6753681,1.2789783,0,normal,Preprocessed_Dataset/ddsm/ddsm_1888.jpg,ddsm,train
0.38432544,2.1620138,1.7244049,2.35861,1,benign,Preprocessed_Dataset/ddsm/ddsm_8518.jpg,ddsm,train
0.5831402,1.204303,0.28385687,2.0988562,2,malignant,Preprocessed_Dataset/ddsm/ddsm_3493.jpg,ddsm,train
0.492328,0.7768823,2.3744328,1.5960824,1,benign,Preprocessed_Dataset/ddsm/ddsm_9416.jpg,ddsm,train
0.6420463,1.3675292,0.21109343,2.7772043,1,benign,Preprocessed_Dataset/ddsm/ddsm_8210.jpg,ddsm,train
2.9248395,1.779198,1.4630148,1.3158514,1,benign,Preprocessed_Dataset/cmmd/cmmd_26.jpg,cmmd,train
0.82074237,0.7538543,0.6865989,1.4515443,0,normal,Preprocessed_Dataset/ddsm/ddsm_180.jpg,ddsm,train
0.88802636,2.3073444,0.6722762,1.7538987,2,malignant,Preprocessed_Dataset/ddsm/ddsm_5138.jpg,ddsm,train
2.4064007,0.29047406,1.0962275,2.3900833,1,benign,Preprocessed_Dataset/cmmd/cmmd_1967.jpg,cmmd,train
2.348677,1.72181,0.8554549,2.1123624,2,malignant,Preprocessed_Dataset/cmmd/cmmd_4335.jpg,cmmd,train
0.54628056,1.3659296,0.16568965,2.8365436,1,benign,Preprocessed_Dataset/ddsm/ddsm_7014.jpg,ddsm,train
0.82066107,2.6674383,1.7604957,2.2695193,1,benign,Preprocessed_Dataset/ddsm/ddsm_9847.jpg,ddsm,train
0.22390115,1.4500129,0.85660785,1.1538845,1,benign,Preprocessed_Dataset/ddsm/ddsm_10032.jpg,ddsm,train
1.8429798,2.552868,1.2641301,1.4444269,2,malignant,Preprocessed_Dataset/cdd-cesm/cdd-cesm_569.jpg,cdd-cesm,train
0.7696543,0.98101443,0.5682538,1.6075053,0,normal,Preprocessed_Dataset/ddsm/ddsm_2553.jpg,ddsm,train
2.0834894,2.6853962,1.1627985,0.6983241,2,malignant,Preprocessed_Dataset/cdd-cesm/cdd-cesm_854.jpg,cdd-cesm,train
0.6606794,1.8560416,0.19259244,2.1954782,0,normal,Preprocessed_Dataset/ddsm/ddsm_2150.jpg,ddsm,train
1.8187686,1.3059694,0.8976217,1.4255416,0,normal,Preprocessed_Dataset/dmid/dmid_156.jpg,dmid,train
0.71244204,1.498723,2.1678052,1.861364,2,malignant,Preprocessed_Dataset/ddsm/ddsm_4204.jpg,ddsm,train
2.0772636,1.851468,0.82421225,2.661415,1,benign,Preprocessed_Dataset/dmid/dmid_459.jpg,dmid,train
0.39174253,2.0959337,2.4174294,2.5437307,2,malignant,Preprocessed_Dataset/ddsm/ddsm_4974.jpg,ddsm,train
0.43288958,1.5591525,0.386613,1.6012716,1,benign,Preprocessed_Dataset/ddsm/ddsm_10174.jpg,ddsm,train
0.6558306,0.6219936,0.41759527,2.3583078,1,benign,Preprocessed_Dataset/ddsm/ddsm_8625.jpg,ddsm,train
0.6213442,1.1800735,1.4636716,1.8847392,2,malignant,Preprocessed_Dataset/ddsm/ddsm_3313.jpg,ddsm,train
0.8308555,0.7315724,0.63906026,1.2488219,0,normal,Preprocessed_Dataset/ddsm/ddsm_1481.jpg,ddsm,train
1.9142771,0.31506562,0.6595593,2.4549637,1,benign,Preprocessed_Dataset/cmmd/cmmd_1790.jpg,cmmd,train
0.41584492,1.760189,2.0078945,2.9277382,1,benign,Preprocessed_Dataset/ddsm/ddsm_8835.jpg,ddsm,train
2.1352143,2.0100691,1.0270786,2.3320355,1,benign,Preprocessed_Dataset/cmmd/cmmd_3592.jpg,cmmd,train
2.5900946,2.0453944,0.9269432,2.1807582,2,malignant,Preprocessed_Dataset/cmmd/cmmd_1138.jpg,cmmd,train
1.958934,0.12567997,0.922254,1.4179788,2,malignant,Preprocessed_Dataset/cmmd/cmmd_3331.jpg,cmmd,train
0.4522152,0.9768132,2.6679964,1.3760337,2,malignant,Preprocessed_Dataset/ddsm/ddsm_4633.jpg,ddsm,train
1.0777334,2.355914,0.4391933,1.8686947,1,benign,Preprocessed_Dataset/ddsm/ddsm_8011.jpg,ddsm,train
0.480026,1.2676935,0.09072697,2.3165858,0,normal,Preprocessed_Dataset/ddsm/ddsm_156.jpg,ddsm,train
1.2372309,2.1788654,1.4164358,1.8745215,1,benign,Preprocessed_Dataset/ddsm/ddsm_9547.jpg,ddsm,train
0.7499445,1.0677265,0.4958424,1.8818982,0,normal,Preprocessed_Dataset/ddsm/ddsm_2309.jpg,ddsm,train
2.6235652,2.074679,1.1279948,2.0901935,2,malignant,Preprocessed_Dataset/cmmd/cmmd_1331.jpg,cmmd,train
0.61060125,1.1830864,0.61708796,1.4271209,1,benign,Preprocessed_Dataset/ddsm/ddsm_9760.jpg,ddsm,train
1.0981039,2.4398878,0.39509058,2.2763422,0,normal,Preprocessed_Dataset/ddsm/ddsm_2130.jpg,ddsm,train
2.5143597,0.46103704,0.94385153,2.3068433,2,malignant,Preprocessed_Dataset/cmmd/cmmd_5155.jpg,cmmd,train
0.8654822,2.5583415,2.5275395,2.3532183,1,benign,Preprocessed_Dataset/ddsm/ddsm_9611.jpg,ddsm,train
0.36276644,2.0779867,1.2044736,2.2270377,1,benign,Preprocessed_Dataset/ddsm/ddsm_9319.jpg,ddsm,train
1.6626922,1.0883303,0.48016512,2.1535695,1,benign,Preprocessed_Dataset/inbreast/inbreast_37.jpg,inbreast,train
1.0982621,1.7352526,1.1241124,1.1727157,1,benign,Preprocessed_Dataset/dmid/dmid_27.jpg,dmid,train
0.5741298,2.1044078,0.96257097,2.81241,1,benign,Preprocessed_Dataset/ddsm/ddsm_6782.jpg,ddsm,train
1.2787048,1.5399554,0.772169,1.1893991,1,benign,Preprocessed_Dataset/cdd-cesm/cdd-cesm_754.jpg,cdd-cesm,train
2.7027435,1.8804331,1.1791102,2.3234928,2,malignant,Preprocessed_Dataset/cmmd/cmmd_1225.jpg,cmmd,train
0.14386964,0.7609368,2.0493038,2.4870899,2,malignant,Preprocessed_Dataset/ddsm/ddsm_3365.jpg,ddsm,train
0.40521413,1.2373906,1.6031578,2.7431855,2,malignant,Preprocessed_Dataset/ddsm/ddsm_2897.jpg,ddsm,train
0.39614415,2.19688,1.729887,2.6609972,1,benign,Preprocessed_Dataset/ddsm/ddsm_8419.jpg,ddsm,train
0.4223196,1.3119382,0.33869177,1.8673419,1,benign,Preprocessed_Dataset/ddsm/ddsm_7109.jpg,ddsm,train
0.9416096,1.2357905,0.18917465,2.4984915,2,malignant,Preprocessed_Dataset/ddsm/ddsm_2946.jpg,ddsm,train
0.5638697,1.2785085,0.20718235,2.1441765,0,normal,Preprocessed_Dataset/ddsm/ddsm_2056.jpg,ddsm,train
0.7969155,2.027452,0.42948246,1.7306504,2,malignant,Preprocessed_Dataset/ddsm/ddsm_4282.jpg,ddsm,train
2.5177462,1.8941013,1.0051194,2.1043017,2,malignant,Preprocessed_Dataset/cmmd/cmmd_1186.jpg,cmmd,train
0.8339765,1.3334855,0.45555848,2.3365383,1,benign,Preprocessed_Dataset/ddsm/ddsm_6595.jpg,ddsm,train
2.2516294,0.25869012,0.9624905,1.836677,2,malignant,Preprocessed_Dataset/cmmd/cmmd_4748.jpg,cmmd,train
2.3903613,0.4888785,0.76185846,2.229244,1,benign,Preprocessed_Dataset/cmmd/cmmd_2323.jpg,cmmd,train
2.447311,1.3994861,1.2955784,1.8374323,2,malignant,Preprocessed_Dataset/cmmd/cmmd_3798.jpg,cmmd,train
2.4880588,1.2146873,1.2424903,1.7300881,2,malignant,Preprocessed_Dataset/cmmd/cmmd_1865.jpg,cmmd,train
2.0303087,2.1970615,1.2124919,2.0842352,2,malignant,Preprocessed_Dataset/cmmd/cmmd_4286.jpg,cmmd,train
0.92591417,0.45704758,0.7213394,1.7325462,0,normal,Preprocessed_Dataset/ddsm/ddsm_2552.jpg,ddsm,train
2.5299363,1.6552433,0.8049553,2.055983,2,malignant,Preprocessed_Dataset/cmmd/cmmd_59.jpg,cmmd,train
0.70883435,2.2117653,1.1795305,2.244084,2,malignant,Preprocessed_Dataset/ddsm/ddsm_5254.jpg,ddsm,train
2.5999665,0.576596,0.96217966,2.3369873,2,malignant,Preprocessed_Dataset/cmmd/cmmd_4560.jpg,cmmd,train
0.462874,1.9628125,1.8104322,2.3855052,1,benign,Preprocessed_Dataset/ddsm/ddsm_9550.jpg,ddsm,train
2.5844336,1.9462138,0.9208791,2.1530023,1,benign,Preprocessed_Dataset/cmmd/cmmd_3555.jpg,cmmd,train
0.63296795,0.75941736,0.2897069,2.41148,0,normal,Preprocessed_Dataset/ddsm/ddsm_1713.jpg,ddsm,train
0.6863767,1.4088473,0.9965865,2.214174,2,malignant,Preprocessed_Dataset/ddsm/ddsm_3814.jpg,ddsm,train
0.8828983,2.4980946,0.40044588,1.9809753,2,malignant,Preprocessed_Dataset/ddsm/ddsm_3242.jpg,ddsm,train
0.6604044,1.9783416,0.48008278,1.8805585,0,normal,Preprocessed_Dataset/ddsm/ddsm_487.jpg,ddsm,train
0.71722186,2.0895896,0.26850283,2.0798202,2,malignant,Preprocessed_Dataset/ddsm/ddsm_4015.jpg,ddsm,train
0.45635778,1.1473728,0.21638733,1.7672565,1,benign,Preprocessed_Dataset/ddsm/ddsm_6660.jpg,ddsm,train
2.4537187,0.568735,1.008046,2.039773,1,benign,Preprocessed_Dataset/cmmd/cmmd_2170.jpg,cmmd,train
1.9741428,0.81162685,0.8510973,1.8946574,2,malignant,Preprocessed_Dataset/cmmd/cmmd_2103.jpg,cmmd,train
1.1842135,1.8793143,0.7875689,1.1749974,1,benign,Preprocessed_Dataset/cdd-cesm/cdd-cesm_927.jpg,cdd-cesm,train
0.7340018,0.8985029,0.26734936,1.9495955,2,malignant,Preprocessed_Dataset/ddsm/ddsm_4224.jpg,ddsm,train
0.9247695,2.4108317,0.4870154,1.6393546,1,benign,Preprocessed_Dataset/ddsm/ddsm_9263.jpg,ddsm,train
2.7710557,2.1439886,1.2278446,1.4768757,2,malignant,Preprocessed_Dataset/cmmd/cmmd_726.jpg,cmmd,train
2.3705904,1.9152632,0.6659931,2.4891658,2,malignant,Preprocessed_Dataset/cmmd/cmmd_4184.jpg,cmmd,train
0.781083,0.9176131,2.8752127,1.3719299,1,benign,Preprocessed_Dataset/ddsm/ddsm_7248.jpg,ddsm,train
1.1133949,0.71657264,0.8307409,1.1217215,0,normal,Preprocessed_Dataset/ddsm/ddsm_645.jpg,ddsm,train
2.0975564,1.0104221,0.79767394,2.304984,2,malignant,Preprocessed_Dataset/dmid/dmid_412.jpg,dmid,train
0.82336545,1.1411499,1.3890566,1.7418623,2,malignant,Preprocessed_Dataset/ddsm/ddsm_3676.jpg,ddsm,train
1.7330068,0.7175548,1.2844609,0.9385113,0,normal,Preprocessed_Dataset/cdd-cesm/cdd-cesm_375.jpg,cdd-cesm,train
3.1415925,1.6499848,1.608742,1.5035374,1,benign,Preprocessed_Dataset/cmmd/cmmd_442.jpg,cmmd,train
0.49098969,0.58687687,0.5188067,1.5797204,0,normal,Preprocessed_Dataset/ddsm/ddsm_321.jpg,ddsm,train
2.5871613,0.2957089,1.1182768,1.8346217,2,malignant,Preprocessed_Dataset/cmmd/cmmd_2541.jpg,cmmd,train
2.4775982,0.47741985,0.95723516,2.0435684,2,malignant,Preprocessed_Dataset/cmmd/cmmd_3282.jpg,cmmd,train
0.75854325,2.3989346,0.22851306,1.9806858,0,normal,Preprocessed_Dataset/ddsm/ddsm_391.jpg,ddsm,train
1.7293121,0.29417253,0.67352927,1.7087805,1,benign,Preprocessed_Dataset/inbreast/inbreast_390.jpg,inbreast,train
1.9253393,0.9238605,1.2927743,0.88996124,1,benign,Preprocessed_Dataset/cdd-cesm/cdd-cesm_699.jpg,cdd-cesm,train
0.55249995,1.1734345,0.597196,1.7097169,1,benign,Preprocessed_Dataset/ddsm/ddsm_7149.jpg,ddsm,train
0.8423582,2.0214977,0.7238805,1.5202414,0,normal,Preprocessed_Dataset/ddsm/ddsm_259.jpg,ddsm,train
1.7658515,2.1112401,0.6831825,1.9648356,2,malignant,Preprocessed_Dataset/cmmd/cmmd_1455.jpg,cmmd,train
2.8618171,0.17329371,1.4277544,1.3009367,1,benign,Preprocessed_Dataset/cmmd/cmmd_2147.jpg,cmmd,train
2.347618,2.177623,0.7354337,2.5863233,2,malignant,Preprocessed_Dataset/cmmd/cmmd_3948.jpg,cmmd,train
1.9782943,1.8343059,0.92446536,1.3008556,0,normal,Preprocessed_Dataset/cdd-cesm/cdd-cesm_242.jpg,cdd-cesm,train
1.4803958,0.9267404,0.32447648,2.198207,1,benign,Preprocessed_Dataset/inbreast/inbreast_371.jpg,inbreast,train
2.0316577,0.5048236,1.4405925,0.6746764,1,benign,Preprocessed_Dataset/cdd-cesm/cdd-cesm_313.jpg,cdd-cesm,train
0.6398318,2.2783782,2.2729392,2.78046,1,benign,Preprocessed_Dataset/ddsm/ddsm_7326.jpg,ddsm,train
0.8328575,1.0374616,0.29006255,2.0727248,2,malignant,Preprocessed_Dataset/ddsm/ddsm_3665.jpg,ddsm,train
0.568802,2.0944138,2.0504951,2.602981,1,benign,Preprocessed_Dataset/ddsm/ddsm_8870.jpg,ddsm,train
0.67969745,2.1909306,0.14928585,1.9186575,0,normal,Preprocessed_Dataset/ddsm/ddsm_1410.jpg,ddsm,train
0.6794185,1.6957144,0.14012992,2.7165518,0,normal,Preprocessed_Dataset/ddsm/ddsm_1579.jpg,ddsm,train
2.4847443,1.9215255,0.7179889,2.5146384,2,malignant,Preprocessed_Dataset/cmmd/cmmd_3830.jpg,cmmd,train
0.95444214,1.7118772,0.33016646,1.7748897,1,benign,Preprocessed_Dataset/ddsm/ddsm_7909.jpg,ddsm,train
0.951795,2.5127609,0.510396,1.6695075,0,normal,Preprocessed_Dataset/ddsm/ddsm_1599.jpg,ddsm,train
0.56314796,1.7589526,0.40383983,2.0189476,0,normal,Preprocessed_Dataset/ddsm/ddsm_395.jpg,ddsm,train
0.66113454,2.1735926,0.42017144,1.7220333,1,benign,Preprocessed_Dataset/ddsm/ddsm_9139.jpg,ddsm,train
1.3422413,0.5929201,0.56348014,2.3304374,1,benign,Preprocessed_Dataset/ddsm/ddsm_6644.jpg,ddsm,train
0.74651366,2.5796804,1.0421648,1.9368225,1,benign,Preprocessed_Dataset/ddsm/ddsm_9199.jpg,ddsm,train
0.32098883,1.1916839,0.6202055,1.532279,0,normal,Preprocessed_Dataset/ddsm/ddsm_2748.jpg,ddsm,train
0.767588,0.74760556,0.59270054,1.4614725,0,normal,Preprocessed_Dataset/ddsm/ddsm_309.jpg,ddsm,train
1.0033219,1.8955731,0.7262087,2.4862497,1,benign,Preprocessed_Dataset/ddsm/ddsm_7726.jpg,ddsm,train
2.1285894,1.1152947,1.0770686,1.5515499,2,malignant,Preprocessed_Dataset/cmmd/cmmd_2043.jpg,cmmd,train
0.33906096,1.4433633,2.0434318,2.721087,1,benign,Preprocessed_Dataset/ddsm/ddsm_8646.jpg,ddsm,train
0.7745491,2.0713608,0.29679596,2.3325038,0,normal,Preprocessed_Dataset/ddsm/ddsm_886.jpg,ddsm,train
2.6072907,1.9626145,0.8602804,1.9664528,2,malignant,Preprocessed_Dataset/cmmd/cmmd_124.jpg,cmmd,train
1.3102827,1.0192814,0.51741743,1.8349649,0,normal,Preprocessed_Dataset/dmid/dmid_264.jpg,dmid,train
1.3131435,1.986537,0.2006684,2.5126486,2,malignant,Preprocessed_Dataset/inbreast/inbreast_257.jpg,inbreast,train
0.5175565,2.5130644,1.900578,2.7611718,1,benign,Preprocessed_Dataset/ddsm/ddsm_9330.jpg,ddsm,train
1.3252164,1.2390134,0.41774744,1.8695588,1,benign,Preprocessed_Dataset/ddsm/ddsm_10201.jpg,ddsm,train
2.7864418,1.8948387,1.1804534,1.9340675,2,malignant,Preprocessed_Dataset/cmmd/cmmd_3744.jpg,cmmd,train
2.4649448,0.40041745,1.030928,2.059962,2,malignant,Preprocessed_Dataset/cmmd/cmmd_3452.jpg,cmmd,train
0.6601631,2.1356828,0.38604987,2.041599,0,normal,Preprocessed_Dataset/ddsm/ddsm_1251.jpg,ddsm,train
0.5980105,1.0159006,1.3122764,1.3414989,1,benign,Preprocessed_Dataset/ddsm/ddsm_10012.jpg,ddsm,train
0.60132957,0.60616904,0.3035769,1.3191718,0,normal,Preprocessed_Dataset/ddsm/ddsm_789.jpg,ddsm,train
2.404964,0.37139618,0.7111776,2.1945157,1,benign,Preprocessed_Dataset/cmmd/cmmd_2129.jpg,cmmd,train
0.8287331,2.3941755,1.6810794,2.076078,1,benign,Preprocessed_Dataset/ddsm/ddsm_7991.jpg,ddsm,train
0.77282643,1.7955157,0.8777205,1.8046008,2,malignant,Preprocessed_Dataset/ddsm/ddsm_5095.jpg,ddsm,train
2.4947655,1.5896392,0.6726882,2.3872788,2,malignant,Preprocessed_Dataset/cmmd/cmmd_4365.jpg,cmmd,train
0.29271442,2.3805163,2.441804,1.2938495,2,malignant,Preprocessed_Dataset/ddsm/ddsm_3419.jpg,ddsm,train
0.85114276,0.88739336,0.73863244,1.2349975,0,normal,Preprocessed_Dataset/ddsm/ddsm_1137.jpg,ddsm,train
0.751792,2.2454078,0.42691457,2.465002,0,normal,Preprocessed_Dataset/ddsm/ddsm_2483.jpg,ddsm,train
1.2532455,1.453263,0.48110703,1.5500424,1,benign,Preprocessed_Dataset/ddsm/ddsm_7905.jpg,ddsm,train
0.68692255,0.91528773,0.8661936,1.0275583,0,normal,Preprocessed_Dataset/ddsm/ddsm_148.jpg,ddsm,train
1.1311557,0.8214553,0.6059007,1.5525475,1,benign,Preprocessed_Dataset/ddsm/ddsm_7512.jpg,ddsm,train
0.23126829,1.1777496,1.5959435,1.7037374,1,benign,Preprocessed_Dataset/ddsm/ddsm_10224.jpg,ddsm,train
0.1431042,1.5901817,0.68967414,1.5713825,2,malignant,Preprocessed_Dataset/ddsm/ddsm_3131.jpg,ddsm,train
0.43490094,0.9115435,1.3259515,2.1278274,1,benign,Preprocessed_Dataset/ddsm/ddsm_9948.jpg,ddsm,train
0.75216764,2.0156488,0.3457542,2.2954605,2,malignant,Preprocessed_Dataset/ddsm/ddsm_5238.jpg,ddsm,train
1.0194205,1.027358,0.4493392,1.4834949,2,malignant,Preprocessed_Dataset/ddsm/ddsm_3713.jpg,ddsm,train
0.62266046,1.813589,2.4808307,2.5744758,1,benign,Preprocessed_Dataset/ddsm/ddsm_7786.jpg,ddsm,train
0.4581409,0.5581901,0.60791695,1.8519268,0,normal,Preprocessed_Dataset/ddsm/ddsm_1712.jpg,ddsm,train
2.4631126,0.53130245,1.235053,1.9549583,1,benign,Preprocessed_Dataset/cmmd/cmmd_2466.jpg,cmmd,train
0.68282545,2.1486857,0.69502664,2.1981766,0,normal,Preprocessed_Dataset/ddsm/ddsm_2482.jpg,ddsm,train
0.7332167,0.7727436,1.2281657,2.3665411,1,benign,Preprocessed_Dataset/ddsm/ddsm_10220.jpg,ddsm,train
2.7599535,1.9510216,1.087124,2.266451,1,benign,Preprocessed_Dataset/cmmd/cmmd_404.jpg,cmmd,train
2.4655228,1.2983439,1.0240408,2.3321514,2,malignant,Preprocessed_Dataset/cmmd/cmmd_2066.jpg,cmmd,train
0.3903528,0.53215885,0.5253571,1.9529123,0,normal,Preprocessed_Dataset/ddsm/ddsm_1349.jpg,ddsm,train
2.6521256,2.0585456,1.2779249,1.344426,2,malignant,Preprocessed_Dataset/cmmd/cmmd_3967.jpg,cmmd,train
2.096837,2.4073665,1.2410069,0.9276061,1,benign,Preprocessed_Dataset/cdd-cesm/cdd-cesm_189.jpg,cdd-cesm,train
0.4585737,1.0600132,1.203595,2.4955885,1,benign,Preprocessed_Dataset/ddsm/ddsm_6741.jpg,ddsm,train
0.38111562,0.9439989,1.6734796,1.1069427,2,malignant,Preprocessed_Dataset/ddsm/ddsm_2908.jpg,ddsm,train
0.44478786,2.3413687,1.5084233,2.0694375,2,malignant,Preprocessed_Dataset/ddsm/ddsm_6407.jpg,ddsm,train
0.4369707,2.032813,1.3530974,2.0236576,1,benign,Preprocessed_Dataset/ddsm/ddsm_8614.jpg,ddsm,train
1.0023389,2.244896,1.2303305,2.3640652,1,benign,Preprocessed_Dataset/ddsm/ddsm_6802.jpg,ddsm,train
1.1046633,1.3552608,1.0591531,1.094929,2,malignant,Preprocessed_Dataset/ddsm/ddsm_3896.jpg,ddsm,train
2.301093,2.1972215,0.66583586,2.5318444,2,malignant,Preprocessed_Dataset/cmmd/cmmd_3937.jpg,cmmd,train
0.39826155,0.56634265,1.9971707,2.592601,2,malignant,Preprocessed_Dataset/ddsm/ddsm_6232.jpg,ddsm,train
0.62805283,2.260991,0.3135662,2.1579418,1,benign,Preprocessed_Dataset/ddsm/ddsm_8002.jpg,ddsm,train
1.3483523,2.2747455,0.24729556,2.587318,1,benign,Preprocessed_Dataset/inbreast/inbreast_255.jpg,inbreast,train
1.6994398,0.9179067,1.2201746,0.83547187,0,normal,Preprocessed_Dataset/cdd-cesm/cdd-cesm_911.jpg,cdd-cesm,train
2.77121,0.9143358,1.1420656,1.9661899,2,malignant,Preprocessed_Dataset/cmmd/cmmd_2851.jpg,cmmd,train
2.3395562,0.5514354,0.9693957,2.4266245,2,malignant,Preprocessed_Dataset/cmmd/cmmd_4527.jpg,cmmd,train
1.2485406,2.8399277,0.469344,1.7719303,0,normal,Preprocessed_Dataset/ddsm/ddsm_687.jpg,ddsm,train
2.6537497,0.26228988,0.97177184,1.8947951,2,malignant,Preprocessed_Dataset/cmmd/cmmd_5052.jpg,cmmd,train
0.49529064,1.0477533,1.6332065,1.6840978,1,benign,Preprocessed_Dataset/ddsm/ddsm_8957.jpg,ddsm,train
1.8837593,1.9642644,0.6989162,2.006742,0,normal,Preprocessed_Dataset/dmid/dmid_208.jpg,dmid,train
1.0967213,2.6265068,0.17466736,1.7205936,1,benign,Preprocessed_Dataset/ddsm/ddsm_10042.jpg,ddsm,train
0.57417965,1.2240386,0.2479341,1.3759081,2,malignant,Preprocessed_Dataset/ddsm/ddsm_4169.jpg,ddsm,train
0.6755939,2.3545918,0.42306578,2.1747043,0,normal,Preprocessed_Dataset/ddsm/ddsm_1530.jpg,ddsm,train
0.67761314,1.6863298,0.50587964,2.1675048,0,normal,Preprocessed_Dataset/ddsm/ddsm_298.jpg,ddsm,train
1.037766,2.0976307,1.0662944,2.099049,2,malignant,Preprocessed_Dataset/ddsm/ddsm_5378.jpg,ddsm,train
0.7048617,0.7187336,0.68060964,1.4350576,0,normal,Preprocessed_Dataset/ddsm/ddsm_308.jpg,ddsm,train
1.0465429,1.89005,1.7823715,2.3967214,1,benign,Preprocessed_Dataset/ddsm/ddsm_8335.jpg,ddsm,train
2.6401196,0.25097096,1.1084523,1.8655314,2,malignant,Preprocessed_Dataset/cmmd/cmmd_3317.jpg,cmmd,train
2.256198,1.9832594,0.72623605,2.554017,2,malignant,Preprocessed_Dataset/cmmd/cmmd_4023.jpg,cmmd,train
2.726078,0.39740086,1.2400545,2.079349,2,malignant,Preprocessed_Dataset/cmmd/cmmd_3298.jpg,cmmd,train
0.7069439,1.5744287,1.4394684,0.84352326,0,normal,Preprocessed_Dataset/ddsm/ddsm_87.jpg,ddsm,train
1.8181345,1.1484333,0.89169455,1.4141023,0,normal,Preprocessed_Dataset/dmid/dmid_108.jpg,dmid,train
2.385292,0.49287832,1.0685216,1.7920762,2,malignant,Preprocessed_Dataset/cmmd/cmmd_3000.jpg,cmmd,train
2.34311,2.1269028,0.81658095,2.2849743,2,malignant,Preprocessed_Dataset/cmmd/cmmd_1483.jpg,cmmd,train
2.7225006,2.1190202,1.0605247,1.9399621,2,malignant,Preprocessed_Dataset/cmmd/cmmd_1712.jpg,cmmd,train
2.3388207,2.2446299,1.266124,2.540923,2,malignant,Preprocessed_Dataset/cmmd/cmmd_4333.jpg,cmmd,train
2.2313535,0.65120894,0.8067461,2.154124,2,malignant,Preprocessed_Dataset/cmmd/cmmd_1883.jpg,cmmd,train
0.53231424,1.5259253,2.5794277,2.5658302,1,benign,Preprocessed_Dataset/ddsm/ddsm_6446.jpg,ddsm,train
0.39849287,0.9978317,1.3398701,2.1044612,1,benign,Preprocessed_Dataset/ddsm/ddsm_7745.jpg,ddsm,train
2.6625397,2.20087,1.0591867,2.5433056,1,benign,Preprocessed_Dataset/cmmd/cmmd_36.jpg,cmmd,train
0.50085574,1.9426444,2.4095654,1.534883,1,benign,Preprocessed_Dataset/ddsm/ddsm_9675.jpg,ddsm,train
0.47876322,0.86493367,0.7022517,1.9103336,1,benign,Preprocessed_Dataset/ddsm/ddsm_8409.jpg,ddsm,train
0.7236458,1.169097,0.35097855,1.5359983,1,benign,Preprocessed_Dataset/ddsm/ddsm_8165.jpg,ddsm,train
0.9453925,1.9337697,0.38110644,1.5197643,2,malignant,Preprocessed_Dataset/ddsm/ddsm_3803.jpg,ddsm,train
0.31568134,1.7770529,1.7831546,1.7501875,2,malignant,Preprocessed_Dataset/ddsm/ddsm_5446.jpg,ddsm,train
2.2667723,0.4097885,0.8050711,1.7952499,2,malignant,Preprocessed_Dataset/cmmd/cmmd_3464.jpg,cmmd,train
0.6278115,1.9720919,0.32255554,2.442143,1,benign,Preprocessed_Dataset/ddsm/ddsm_8470.jpg,ddsm,train
1.285889,2.3063202,0.25419867,2.575013,1,benign,Preprocessed_Dataset/inbreast/inbreast_256.jpg,inbreast,train
1.8640676,0.6948697,0.9177117,2.253213,2,malignant,Preprocessed_Dataset/cmmd/cmmd_2536.jpg,cmmd,train
2.3369331,0.46169472,1.116626,1.9289364,2,malignant,Preprocessed_Dataset/cmmd/cmmd_2813.jpg,cmmd,train
0.5716024,1.8819318,1.2544062,2.918107,1,benign,Preprocessed_Dataset/ddsm/ddsm_6770.jpg,ddsm,train
0.6333889,0.82664263,0.23437995,2.364966,2,malignant,Preprocessed_Dataset/ddsm/ddsm_4604.jpg,ddsm,train
2.7189946,1.7459371,1.0916109,2.3647308,2,malignant,Preprocessed_Dataset/cmmd/cmmd_3640.jpg,cmmd,train
0.97702575,0.78994286,0.648825,1.5766553,0,normal,Preprocessed_Dataset/ddsm/ddsm_1573.jpg,ddsm,train
0.7899085,2.33653,0.52360094,2.0639615,1,benign,Preprocessed_Dataset/ddsm/ddsm_6767.jpg,ddsm,train
1.7748044,1.0572605,1.1689891,1.0675964,2,malignant,Preprocessed_Dataset/cdd-cesm/cdd-cesm_701.jpg,cdd-cesm,train
2.5265956,1.1088283,0.92733383,2.0808039,2,malignant,Preprocessed_Dataset/cmmd/cmmd_1875.jpg,cmmd,train
0.5936054,1.3848901,0.31813318,2.0251927,1,benign,Preprocessed_Dataset/ddsm/ddsm_10255.jpg,ddsm,train
0.5652106,0.7726997,0.6511526,1.7695177,0,normal,Preprocessed_Dataset/ddsm/ddsm_1300.jpg,ddsm,train
0.535318,0.7545493,1.3354311,1.0596474,0,normal,Preprocessed_Dataset/ddsm/ddsm_2608.jpg,ddsm,train
2.479763,1.9601798,0.9302532,2.5594878,1,benign,Preprocessed_Dataset/cmmd/cmmd_186.jpg,cmmd,train
1.1482942,1.3855947,0.34910828,1.4655695,2,malignant,Preprocessed_Dataset/cdd-cesm/cdd-cesm_851.jpg,cdd-cesm,train
0.89791596,0.6175156,0.64088094,1.742749,1,benign,Preprocessed_Dataset/ddsm/ddsm_8076.jpg,ddsm,train
2.4905043,0.7714752,1.139076,2.2963197,2,malignant,Preprocessed_Dataset/cmmd/cmmd_4961.jpg,cmmd,train
0.71024156,1.3624411,0.47500944,1.8996319,1,benign,Preprocessed_Dataset/ddsm/ddsm_9693.jpg,ddsm,train
0.78464377,1.2438198,0.49662092,1.6101612,0,normal,Preprocessed_Dataset/ddsm/ddsm_1569.jpg,ddsm,train
0.9244323,0.62828785,0.4396618,1.5995839,0,normal,Preprocessed_Dataset/ddsm/ddsm_2568.jpg,ddsm,train
0.86669695,0.37429607,1.6865386,1.7620114,2,malignant,Preprocessed_Dataset/ddsm/ddsm_3088.jpg,ddsm,train
2.350624,0.77859175,0.8989381,2.4241314,1,benign,Preprocessed_Dataset/cmmd/cmmd_4402.jpg,cmmd,train
0.4495843,2.1464112,0.4490028,1.8779378,0,normal,Preprocessed_Dataset/ddsm/ddsm_2031.jpg,ddsm,train
2.5086656,2.7450538,1.9801601,0.4572544,0,normal,Preprocessed_Dataset/cdd-cesm/cdd-cesm_719.jpg,cdd-cesm,train
1.0036504,1.8966434,0.30148202,1.8449425,0,normal,Preprocessed_Dataset/ddsm/ddsm_2315.jpg,ddsm,train
0.6037294,1.9649191,0.48681888,1.6549083,1,benign,Preprocessed_Dataset/ddsm/ddsm_6654.jpg,ddsm,train
0.7540951,1.390051,0.4361189,1.6008093,2,malignant,Preprocessed_Dataset/ddsm/ddsm_4100.jpg,ddsm,train
0.5792365,1.724607,1.1792504,1.774221,1,benign,Preprocessed_Dataset/ddsm/ddsm_9845.jpg,ddsm,train
1.678641,1.8042774,0.8789314,1.2543107,0,normal,Preprocessed_Dataset/cdd-cesm/cdd-cesm_827.jpg,cdd-cesm,train
0.6916329,2.3010733,0.09804767,2.0764513,1,benign,Preprocessed_Dataset/ddsm/ddsm_8390.jpg,ddsm,train
1.011236,2.3718204,0.87640715,2.4835596,1,benign,Preprocessed_Dataset/ddsm/ddsm_6735.jpg,ddsm,train
0.5334572,1.1198013,1.6740224,2.283527,1,benign,Preprocessed_Dataset/ddsm/ddsm_8552.jpg,ddsm,train
1.627153,1.2904055,0.4515221,1.9466475,1,benign,Preprocessed_Dataset/ddsm/ddsm_10277.jpg,ddsm,train
0.24551857,1.9652609,2.0690475,2.750268,1,benign,Preprocessed_Dataset/ddsm/ddsm_8638.jpg,ddsm,train
1.4796058,2.7160876,0.5800432,1.2407742,0,normal,Preprocessed_Dataset/cdd-cesm/cdd-cesm_870.jpg,cdd-cesm,train
2.4731169,0.39428723,0.99056107,1.9519843,2,malignant,Preprocessed_Dataset/cmmd/cmmd_2753.jpg,cmmd,train
0.6340603,1.4453474,1.6776497,2.2446024,2,malignant,Preprocessed_Dataset/ddsm/ddsm_4880.jpg,ddsm,train
1.6657503,0.9968525,1.743192,0.6062814,0,normal,Preprocessed_Dataset/cdd-cesm/cdd-cesm_286.jpg,cdd-cesm,train
0.3738978,1.387344,0.32971978,1.5872211,1,benign,Preprocessed_Dataset/ddsm/ddsm_10237.jpg,ddsm,train
1.1462004,0.96070474,0.4579234,1.984082,0,normal,Preprocessed_Dataset/ddsm/ddsm_2349.jpg,ddsm,train
0.6661365,1.1428568,0.52713084,1.9007573,0,normal,Preprocessed_Dataset/ddsm/ddsm_2641.jpg,ddsm,train
0.60356855,2.474861,0.34905243,2.2324233,0,normal,Preprocessed_Dataset/ddsm/ddsm_618.jpg,ddsm,train
1.2213881,1.5357535,1.1126103,1.6406915,1,benign,Preprocessed_Dataset/ddsm/ddsm_9649.jpg,ddsm,train
0.61953676,1.0116482,1.0273367,1.684968,2,malignant,Preprocessed_Dataset/ddsm/ddsm_5572.jpg,ddsm,train
0.539456,2.0304358,1.7262087,2.4751434,1,benign,Preprocessed_Dataset/ddsm/ddsm_10114.jpg,ddsm,train
0.65717584,2.142569,0.39989388,2.2205348,2,malignant,Preprocessed_Dataset/ddsm/ddsm_3662.jpg,ddsm,train
0.75557303,1.8328912,3.141593,2.6075158,1,benign,Preprocessed_Dataset/ddsm/ddsm_9123.jpg,ddsm,train
1.048115,0.49054742,0.64210063,1.5500138,2,malignant,Preprocessed_Dataset/ddsm/ddsm_5017.jpg,ddsm,train
2.392208,0.8387672,1.0400672,1.9105285,1,benign,Preprocessed_Dataset/cmmd/cmmd_1921.jpg,cmmd,train
0.6086034,2.0391326,1.4221742,1.7105782,1,benign,Preprocessed_Dataset/ddsm/ddsm_8774.jpg,ddsm,train
0.27425027,1.5713992,1.1531067,2.2266717,2,malignant,Preprocessed_Dataset/ddsm/ddsm_5069.jpg,ddsm,train
0.9763369,0.66608953,0.86029327,0.9453447,0,normal,Preprocessed_Dataset/ddsm/ddsm_676.jpg,ddsm,train
0.48944497,0.88669354,0.99364513,2.3966646,2,malignant,Preprocessed_Dataset/ddsm/ddsm_6021.jpg,ddsm,train
0.54089427,2.5532742,0.4175272,1.6892174,0,normal,Preprocessed_Dataset/ddsm/ddsm_591.jpg,ddsm,train
1.2358955,2.0117884,0.25252235,2.7486002,0,normal,Preprocessed_Dataset/inbreast/inbreast_115.jpg,inbreast,train
2.3826554,0.8401283,0.9758441,2.4482431,1,benign,Preprocessed_Dataset/cmmd/cmmd_1958.jpg,cmmd,train
2.5666966,0.92011315,0.97723305,2.1828134,1,benign,Preprocessed_Dataset/cmmd/cmmd_1973.jpg,cmmd,train
0.41857308,0.91205704,0.5256201,1.6584662,2,malignant,Preprocessed_Dataset/ddsm/ddsm_5445.jpg,ddsm,train
2.5292761,0.89313054,0.85026795,2.1283202,1,benign,Preprocessed_Dataset/cmmd/cmmd_2330.jpg,cmmd,train
0.5699423,0.97151345,0.4134528,1.8813276,0,normal,Preprocessed_Dataset/ddsm/ddsm_849.jpg,ddsm,train
0.69187284,0.8457377,0.70434237,1.4734066,0,normal,Preprocessed_Dataset/ddsm/ddsm_1521.jpg,ddsm,train
1.1324972,1.1888773,0.48447058,2.022411,1,benign,Preprocessed_Dataset/ddsm/ddsm_7316.jpg,ddsm,train
2.4857595,3.0156035,1.7105236,0.7714199,1,benign,Preprocessed_Dataset/cdd-cesm/cdd-cesm_79.jpg,cdd-cesm,train
0.8350812,2.3215659,2.2788365,2.8351831,1,benign,Preprocessed_Dataset/ddsm/ddsm_8843.jpg,ddsm,train
0.29078215,0.60033,1.9185606,1.8709642,2,malignant,Preprocessed_Dataset/ddsm/ddsm_5385.jpg,ddsm,train
2.3733444,0.15906394,0.7702586,2.4412172,2,malignant,Preprocessed_Dataset/cmmd/cmmd_3393.jpg,cmmd,train
2.4225285,0.9721728,0.9827367,2.36428,2,malignant,Preprocessed_Dataset/cmmd/cmmd_3980.jpg,cmmd,train
2.50628,1.8033922,1.0993065,2.0227454,1,benign,Preprocessed_Dataset/cmmd/cmmd_444.jpg,cmmd,train
0.30380958,1.4896749,2.090565,2.1396468,2,malignant,Preprocessed_Dataset/ddsm/ddsm_5486.jpg,ddsm,train
0.5188264,1.2487525,0.6331321,1.2840375,0,normal,Preprocessed_Dataset/ddsm/ddsm_425.jpg,ddsm,train
1.2151262,2.3943453,0.24849582,2.2322001,0,normal,Preprocessed_Dataset/ddsm/ddsm_2434.jpg,ddsm,train
0.64614403,0.58532447,0.34733737,2.0189276,0,normal,Preprocessed_Dataset/ddsm/ddsm_2461.jpg,ddsm,train
0.9724273,2.4047508,0.33131176,2.2163577,2,malignant,Preprocessed_Dataset/ddsm/ddsm_4627.jpg,ddsm,train
0.47868294,1.8020113,0.8421922,1.5231025,1,benign,Preprocessed_Dataset/ddsm/ddsm_6670.jpg,ddsm,train
2.2567284,2.3237119,0.7560707,2.4617162,2,malignant,Preprocessed_Dataset/cmmd/cmmd_1307.jpg,cmmd,train
1.0685778,1.7202092,0.9421255,1.9177572,0,normal,Preprocessed_Dataset/ddsm/ddsm_1014.jpg,ddsm,train
2.1048315,2.5475864,1.1138781,1.0631912,1,benign,Preprocessed_Dataset/cdd-cesm/cdd-cesm_791.jpg,cdd-cesm,train
0.69871193,1.9854252,0.6999847,1.7073936,1,benign,Preprocessed_Dataset/ddsm/ddsm_6975.jpg,ddsm,train
0.30399573,0.88091594,2.1910887,2.8789072,1,benign,Preprocessed_Dataset/ddsm/ddsm_8817.jpg,ddsm,train
0.8147088,0.8349717,0.37432694,1.8005304,2,malignant,Preprocessed_Dataset/ddsm/ddsm_4617.jpg,ddsm,train
0.3241366,0.93319774,1.99905,2.073125,2,malignant,Preprocessed_Dataset/ddsm/ddsm_4185.jpg,ddsm,train
2.7319534,1.7439384,0.8353491,2.2823708,2,malignant,Preprocessed_Dataset/cmmd/cmmd_1721.jpg,cmmd,train
2.384138,0.5779609,0.8184341,2.3954535,1,benign,Preprocessed_Dataset/cmmd/cmmd_2291.jpg,cmmd,train
1.6043531,1.7895494,0.9241519,0.9945968,1,benign,Preprocessed_Dataset/dmid/dmid_47.jpg,dmid,train
0.67941946,1.2882801,0.29922068,1.7045575,1,benign,Preprocessed_Dataset/ddsm/ddsm_6709.jpg,ddsm,train
0.6091532,2.2114663,1.6588506,2.1915054,2,malignant,Preprocessed_Dataset/ddsm/ddsm_5551.jpg,ddsm,train
1.0328908,2.2484903,0.36664248,2.2261627,0,normal,Preprocessed_Dataset/ddsm/ddsm_2255.jpg,ddsm,train
1.0115106,2.024065,0.7465123,2.2371168,1,benign,Preprocessed_Dataset/inbreast/inbreast_43.jpg,inbreast,train
2.686596,2.0591307,1.5597078,1.9289368,1,benign,Preprocessed_Dataset/cmmd/cmmd_478.jpg,cmmd,train
0.62824136,1.6200225,0.25815308,1.6913426,0,normal,Preprocessed_Dataset/ddsm/ddsm_1856.jpg,ddsm,train
0.96408117,1.329512,2.4726522,2.4924119,2,malignant,Preprocessed_Dataset/ddsm/ddsm_5825.jpg,ddsm,train
0.7752545,0.68139017,0.7574451,1.8834336,1,benign,Preprocessed_Dataset/ddsm/ddsm_9520.jpg,ddsm,train
0.730027,0.49396282,0.57133913,1.6309202,1,benign,Preprocessed_Dataset/ddsm/ddsm_7753.jpg,ddsm,train
0.46973938,0.7352509,0.13871223,2.3980079,1,benign,Preprocessed_Dataset/ddsm/ddsm_8820.jpg,ddsm,train
0.7482826,2.0912278,0.53494644,2.3510447,1,benign,Preprocessed_Dataset/ddsm/ddsm_8311.jpg,ddsm,train
2.6509042,1.7367828,0.7348216,2.8246822,2,malignant,Preprocessed_Dataset/cmmd/cmmd_1730.jpg,cmmd,train
2.120453,0.54907244,0.80616766,2.4837756,2,malignant,Preprocessed_Dataset/cmmd/cmmd_5050.jpg,cmmd,train
0.58878314,1.9005116,0.24921995,2.14578,1,benign,Preprocessed_Dataset/ddsm/ddsm_6915.jpg,ddsm,train
2.2865589,2.794034,1.61626,0.4682212,1,benign,Preprocessed_Dataset/cdd-cesm/cdd-cesm_920.jpg,cdd-cesm,train
1.5296557,1.1162956,0.7707685,1.1601672,2,malignant,Preprocessed_Dataset/cdd-cesm/cdd-cesm_885.jpg,cdd-cesm,train
0.86712664,0.860207,0.40320855,1.4882381,1,benign,Preprocessed_Dataset/ddsm/ddsm_6688.jpg,ddsm,train
0.7327043,2.1431096,0.70088124,2.0686977,2,malignant,Preprocessed_Dataset/ddsm/ddsm_6382.jpg,ddsm,train
2.5443797,0.72895235,1.099505,1.8021901,2,malignant,Preprocessed_Dataset/cmmd/cmmd_3154.jpg,cmmd,train
1.126884,2.6303988,1.6593411,2.0049582,2,malignant,Preprocessed_Dataset/ddsm/ddsm_3534.jpg,ddsm,train
2.34756,2.0413933,0.9423449,2.4875188,1,benign,Preprocessed_Dataset/cmmd/cmmd_191.jpg,cmmd,train
0.32412565,1.0664757,0.5335397,2.0865526,0,normal,Preprocessed_Dataset/ddsm/ddsm_1972.jpg,ddsm,train
1.3223634,0.9848332,1.1933817,1.7685218,1,benign,Preprocessed_Dataset/ddsm/ddsm_9144.jpg,ddsm,train
0.71536213,2.6350865,0.638929,1.4849381,0,normal,Preprocessed_Dataset/ddsm/ddsm_639.jpg,ddsm,train
2.6287365,2.0774293,1.533222,2.118289,2,malignant,Preprocessed_Dataset/cmmd/cmmd_741.jpg,cmmd,train
0.5947872,1.4260714,0.43831944,2.1534739,1,benign,Preprocessed_Dataset/ddsm/ddsm_10222.jpg,ddsm,train
2.5289862,0.86648166,1.0601691,2.199031,2,malignant,Preprocessed_Dataset/cmmd/cmmd_2486.jpg,cmmd,train
0.76770985,2.2502844,0.30520356,2.0901444,0,normal,Preprocessed_Dataset/ddsm/ddsm_1306.jpg,ddsm,train
1.2517558,1.2819586,0.28893888,2.2840154,2,malignant,Preprocessed_Dataset/ddsm/ddsm_5082.jpg,ddsm,train
0.68766475,1.5578532,1.4572558,1.0184278,2,malignant,Preprocessed_Dataset/ddsm/ddsm_4840.jpg,ddsm,train
2.423599,0.5077205,1.0955818,2.1463227,2,malignant,Preprocessed_Dataset/cmmd/cmmd_4528.jpg,cmmd,train
0.9077947,1.8657906,0.4768006,2.041603,1,benign,Preprocessed_Dataset/ddsm/ddsm_9331.jpg,ddsm,train
0.54590136,0.64570385,2.161688,2.2720647,1,benign,Preprocessed_Dataset/ddsm/ddsm_8660.jpg,ddsm,train
2.428925,1.6487365,0.8262876,2.69525,1,benign,Preprocessed_Dataset/cmmd/cmmd_438.jpg,cmmd,train
1.8929923,0.10761726,0.8451184,2.5726364,1,benign,Preprocessed_Dataset/cmmd/cmmd_2249.jpg,cmmd,train
0.5957468,1.5238911,1.3597156,1.763734,1,benign,Preprocessed_Dataset/ddsm/ddsm_7947.jpg,ddsm,train
2.6229906,2.1002197,1.2511795,2.1650016,1,benign,Preprocessed_Dataset/cmmd/cmmd_3607.jpg,cmmd,train
0.80182517,1.100794,0.27174377,1.5741949,0,normal,Preprocessed_Dataset/ddsm/ddsm_1461.jpg,ddsm,train
1.7940933,1.223507,0.48769423,2.0807984,1,benign,Preprocessed_Dataset/dmid/dmid_70.jpg,dmid,train
1.6451597,2.47111,0.5436071,2.2863266,0,normal,Preprocessed_Dataset/dmid/dmid_136.jpg,dmid,train
0.7409574,2.4372098,0.5650432,1.6008192,0,normal,Preprocessed_Dataset/ddsm/ddsm_66.jpg,ddsm,train
0.6260074,2.1365092,0.66730785,1.4190588,0,normal,Preprocessed_Dataset/ddsm/ddsm_166.jpg,ddsm,train
0.6019046,0.79836833,0.41687828,1.9947903,1,benign,Preprocessed_Dataset/ddsm/ddsm_10228.jpg,ddsm,train
0.77934694,1.4346358,0.4288693,1.0794349,0,normal,Preprocessed_Dataset/ddsm/ddsm_513.jpg,ddsm,train
2.6430168,0.4106481,1.1377637,1.8684983,1,benign,Preprocessed_Dataset/cmmd/cmmd_2351.jpg,cmmd,train
0.695413,0.93799895,0.91069555,1.8701243,1,benign,Preprocessed_Dataset/ddsm/ddsm_7924.jpg,ddsm,train
0.6276092,1.737601,0.33359754,2.0599926,2,malignant,Preprocessed_Dataset/ddsm/ddsm_3415.jpg,ddsm,train
2.041757,0.65496016,0.64479125,2.5016615,1,benign,Preprocessed_Dataset/cmmd/cmmd_2338.jpg,cmmd,train
1.1748172,2.4033215,0.8624052,1.2420312,2,malignant,Preprocessed_Dataset/ddsm/ddsm_6047.jpg,ddsm,train
2.928236,0.8295207,1.3024485,1.5739242,1,benign,Preprocessed_Dataset/cmmd/cmmd_2263.jpg,cmmd,train
0.5924659,0.9780438,0.24015915,2.2720613,1,benign,Preprocessed_Dataset/ddsm/ddsm_7657.jpg,ddsm,train
0.9320675,1.2519596,0.778672,1.7294021,2,malignant,Preprocessed_Dataset/ddsm/ddsm_5372.jpg,ddsm,train
0.5099596,1.4174645,2.1591845,1.94944,2,malignant,Preprocessed_Dataset/ddsm/ddsm_4424.jpg,ddsm,train
0.43660527,2.0417898,1.2139319,1.71102,1,benign,Preprocessed_Dataset/ddsm/ddsm_10382.jpg,ddsm,train
0.72560596,1.9340345,0.7228604,1.8512745,1,benign,Preprocessed_Dataset/ddsm/ddsm_7299.jpg,ddsm,train
2.0612602,2.4829204,0.6538843,2.1143932,2,malignant,Preprocessed_Dataset/cmmd/cmmd_911.jpg,cmmd,train
1.0395392,1.1926172,0.35425407,2.111181,1,benign,Preprocessed_Dataset/ddsm/ddsm_8359.jpg,ddsm,train
0.85564363,2.2625952,0.17217803,1.6241302,0,normal,Preprocessed_Dataset/ddsm/ddsm_279.jpg,ddsm,train
0.6977326,1.5044848,0.4844133,2.4126546,2,malignant,Preprocessed_Dataset/ddsm/ddsm_5658.jpg,ddsm,train
2.4924693,0.77248484,1.059708,2.3858004,2,malignant,Preprocessed_Dataset/cmmd/cmmd_1874.jpg,cmmd,train
0.39925367,0.6582888,1.6807897,2.1651936,2,malignant,Preprocessed_Dataset/ddsm/ddsm_4260.jpg,ddsm,train
2.59782,1.7318114,0.8403603,2.0616305,1,benign,Preprocessed_Dataset/cmmd/cmmd_3608.jpg,cmmd,train
0.42700535,0.3267485,0.44049025,2.1551576,0,normal,Preprocessed_Dataset/ddsm/ddsm_1576.jpg,ddsm,train
2.7169328,1.7889999,0.9009143,2.3488295,1,benign,Preprocessed_Dataset/cmmd/cmmd_387.jpg,cmmd,train
0.9529946,1.0732778,0.57577336,1.4265785,0,normal,Preprocessed_Dataset/ddsm/ddsm_325.jpg,ddsm,train
2.537655,0.9397389,1.2471483,1.7667944,1,benign,Preprocessed_Dataset/cmmd/cmmd_4453.jpg,cmmd,train
0.66295356,1.7305554,1.4872069,2.495694,1,benign,Preprocessed_Dataset/ddsm/ddsm_8998.jpg,ddsm,train
0.71420765,0.6504136,0.29882437,2.026362,0,normal,Preprocessed_Dataset/ddsm/ddsm_1816.jpg,ddsm,train
0.66335547,2.1780367,0.43689102,1.7444651,0,normal,Preprocessed_Dataset/ddsm/ddsm_427.jpg,ddsm,train
0.6378455,0.8378248,0.44316787,1.2557261,1,benign,Preprocessed_Dataset/ddsm/ddsm_9261.jpg,ddsm,train
1.8673397,0.55256164,1.0024796,1.4084041,0,normal,Preprocessed_Dataset/dmid/dmid_193.jpg,dmid,train
1.3927977,2.2291527,0.3525139,1.8393756,1,benign,Preprocessed_Dataset/ddsm/ddsm_7866.jpg,ddsm,train
0.9575809,0.92311513,0.369559,1.7021884,1,benign,Preprocessed_Dataset/ddsm/ddsm_6856.jpg,ddsm,train
0.56146365,1.0561981,2.3417726,1.3229373,1,benign,Preprocessed_Dataset/ddsm/ddsm_10337.jpg,ddsm,train
0.46076536,1.831684,2.4043808,2.1703799,2,malignant,Preprocessed_Dataset/ddsm/ddsm_3247.jpg,ddsm,train
1.161554,2.4744596,0.70896405,1.8101909,0,normal,Preprocessed_Dataset/ddsm/ddsm_1291.jpg,ddsm,train
2.1633108,1.897295,0.7989933,2.8610256,2,malignant,Preprocessed_Dataset/cmmd/cmmd_3856.jpg,cmmd,train
1.0976394,0.91543967,0.37714988,2.1362393,1,benign,Preprocessed_Dataset/inbreast/inbreast_321.jpg,inbreast,train
0.5203209,1.0101366,0.14845455,2.3990552,1,benign,Preprocessed_Dataset/ddsm/ddsm_8200.jpg,ddsm,train
2.6124768,1.5897661,0.8521002,2.0304356,2,malignant,Preprocessed_Dataset/cmmd/cmmd_4048.jpg,cmmd,train
1.331969,2.286415,0.7271974,1.9951366,2,malignant,Preprocessed_Dataset/ddsm/ddsm_2915.jpg,ddsm,train
1.527756,0.9319028,0.56053984,1.9713283,2,malignant,Preprocessed_Dataset/cmmd/cmmd_5001.jpg,cmmd,train
0.4811167,1.0056953,2.4537363,2.0626414,1,benign,Preprocessed_Dataset/ddsm/ddsm_7901.jpg,ddsm,train
0.6156664,0.94010574,0.2930568,1.957003,0,normal,Preprocessed_Dataset/ddsm/ddsm_968.jpg,ddsm,train
0.6288951,2.40752,1.3789039,1.4947402,2,malignant,Preprocessed_Dataset/ddsm/ddsm_4711.jpg,ddsm,train
0.6635737,0.89393806,0.49479762,1.8263781,0,normal,Preprocessed_Dataset/ddsm/ddsm_856.jpg,ddsm,train
0.61621976,1.0240378,1.8899918,2.7281363,2,malignant,Preprocessed_Dataset/ddsm/ddsm_3796.jpg,ddsm,train
1.9529378,2.0927465,0.5510077,2.36641,0,normal,Preprocessed_Dataset/dmid/dmid_238.jpg,dmid,train
0.8571331,0.9972526,0.4328758,2.0231009,1,benign,Preprocessed_Dataset/ddsm/ddsm_8361.jpg,ddsm,train
2.4413571,1.1404037,0.7738352,1.9128397,2,malignant,Preprocessed_Dataset/cmmd/cmmd_2611.jpg,cmmd,train
1.9163494,1.8644131,1.7670429,0.73129904,0,normal,Preprocessed_Dataset/cdd-cesm/cdd-cesm_497.jpg,cdd-cesm,train
0.9202752,2.2419026,0.28590888,2.0979705,0,normal,Preprocessed_Dataset/ddsm/ddsm_2715.jpg,ddsm,train
0.47387415,0.9595502,0.34442234,1.7904987,0,normal,Preprocessed_Dataset/ddsm/ddsm_1393.jpg,ddsm,train
0.60715556,1.7917447,0.33333218,2.2447603,0,normal,Preprocessed_Dataset/ddsm/ddsm_2694.jpg,ddsm,train
1.726886,2.1355448,0.9495989,1.8370525,0,normal,Preprocessed_Dataset/dmid/dmid_395.jpg,dmid,train
1.2785959,0.88162434,0.43174672,1.8678049,1,benign,Preprocessed_Dataset/ddsm/ddsm_10312.jpg,ddsm,train
2.245925,2.4707887,1.1267804,1.7973006,0,normal,Preprocessed_Dataset/dmid/dmid_106.jpg,dmid,train
0.50903684,0.80984753,0.20924139,2.4405818,0,normal,Preprocessed_Dataset/ddsm/ddsm_2717.jpg,ddsm,train
2.6665888,1.6481184,1.2435067,2.006339,1,benign,Preprocessed_Dataset/cmmd/cmmd_437.jpg,cmmd,train
1.1689999,1.8866146,0.264014,2.0393162,1,benign,Preprocessed_Dataset/ddsm/ddsm_7735.jpg,ddsm,train
2.212441,0.54440176,0.78968835,2.4300516,1,benign,Preprocessed_Dataset/cmmd/cmmd_2251.jpg,cmmd,train
0.995455,2.0749793,0.5090811,1.8737302,1,benign,Preprocessed_Dataset/ddsm/ddsm_9314.jpg,ddsm,train
0.5510555,0.9143559,0.15797085,2.3792865,0,normal,Preprocessed_Dataset/ddsm/ddsm_2020.jpg,ddsm,train
1.5792687,2.3060155,0.9125021,1.2543161,0,normal,Preprocessed_Dataset/ddsm/ddsm_803.jpg,ddsm,train
0.2808181,1.1049504,0.6402694,2.1559248,2,malignant,Preprocessed_Dataset/ddsm/ddsm_4229.jpg,ddsm,train
1.721209,1.5273067,0.65244067,1.2637174,2,malignant,Preprocessed_Dataset/cdd-cesm/cdd-cesm_746.jpg,cdd-cesm,train
0.8744365,2.089287,0.443138,1.9374244,2,malignant,Preprocessed_Dataset/ddsm/ddsm_5447.jpg,ddsm,train
1.0162942,2.1064088,0.6399683,1.9524006,0,normal,Preprocessed_Dataset/ddsm/ddsm_1610.jpg,ddsm,train
2.2209055,2.5162706,1.8834443,0.6792209,2,malignant,Preprocessed_Dataset/cdd-cesm/cdd-cesm_676.jpg,cdd-cesm,train
0.50772166,1.4422634,2.1315608,2.1453595,2,malignant,Preprocessed_Dataset/ddsm/ddsm_3501.jpg,ddsm,train
0.5307952,1.8971801,1.1543758,2.5124302,1,benign,Preprocessed_Dataset/ddsm/ddsm_6659.jpg,ddsm,train
0.5699168,0.6168936,0.495868,1.776664,0,normal,Preprocessed_Dataset/ddsm/ddsm_2000.jpg,ddsm,train
1.1778728,2.3956444,0.23534185,2.3744485,2,malignant,Preprocessed_Dataset/ddsm/ddsm_4615.jpg,ddsm,train
2.0375643,0.41968513,0.9115342,2.1638145,2,malignant,Preprocessed_Dataset/cmmd/cmmd_5177.jpg,cmmd,train
0.96059895,1.7232206,0.43782622,1.6035659,1,benign,Preprocessed_Dataset/ddsm/ddsm_8239.jpg,ddsm,train
0.6354358,1.6045711,1.2880176,0.6897421,0,normal,Preprocessed_Dataset/ddsm/ddsm_1083.jpg,ddsm,train
2.0275152,0.83848625,0.543606,2.4113448,2,malignant,Preprocessed_Dataset/cmmd/cmmd_3508.jpg,cmmd,train
1.8706843,1.4460034,0.5548912,1.9887551,2,malignant,Preprocessed_Dataset/dmid/dmid_60.jpg,dmid,train
0.64714575,1.242592,0.19208062,2.0706055,0,normal,Preprocessed_Dataset/ddsm/ddsm_1817.jpg,ddsm,train
0.55491656,0.67773193,0.56766486,1.8149091,0,normal,Preprocessed_Dataset/ddsm/ddsm_1572.jpg,ddsm,train
0.5142494,1.9175261,1.6620573,2.095118,1,benign,Preprocessed_Dataset/ddsm/ddsm_7715.jpg,ddsm,train
0.79076797,1.7536451,0.39883506,1.9338297,0,normal,Preprocessed_Dataset/ddsm/ddsm_2263.jpg,ddsm,train
0.51700383,2.1550589,1.2669325,2.4317553,2,malignant,Preprocessed_Dataset/ddsm/ddsm_6219.jpg,ddsm,train
0.9662222,2.138812,1.380728,2.2625055,1,benign,Preprocessed_Dataset/ddsm/ddsm_7534.jpg,ddsm,train
2.6945527,2.0390773,1.3711524,1.9560047,1,benign,Preprocessed_Dataset/cmmd/cmmd_413.jpg,cmmd,train
0.31837904,1.0664434,0.37220109,1.922075,2,malignant,Preprocessed_Dataset/ddsm/ddsm_5593.jpg,ddsm,train
0.760889,2.0606694,0.59853363,2.181509,1,benign,Preprocessed_Dataset/ddsm/ddsm_8986.jpg,ddsm,train
2.6077445,0.058247685,1.1355381,1.66088,2,malignant,Preprocessed_Dataset/cmmd/cmmd_2053.jpg,cmmd,train
0.2819367,0.7480589,0.38659972,1.9932989,0,normal,Preprocessed_Dataset/ddsm/ddsm_2485.jpg,ddsm,train
0.6891079,1.801798,0.32205665,2.1255374,1,benign,Preprocessed_Dataset/ddsm/ddsm_6434.jpg,ddsm,train
0.71652746,1.7229271,0.7848171,0.5875921,0,normal,Preprocessed_Dataset/ddsm/ddsm_660.jpg,ddsm,train
0.7646188,0.8671973,0.4157611,1.7031928,0,normal,Preprocessed_Dataset/ddsm/ddsm_1212.jpg,ddsm,train
0.6342794,1.9412038,2.3162794,2.6476576,1,benign,Preprocessed_Dataset/ddsm/ddsm_7207.jpg,ddsm,train
2.644805,1.6966009,1.2314824,1.9814972,1,benign,Preprocessed_Dataset/cmmd/cmmd_462.jpg,cmmd,train
2.266595,0.77436006,0.8642883,2.1128123,1,benign,Preprocessed_Dataset/cmmd/cmmd_2136.jpg,cmmd,train
2.1838484,2.1026313,0.59137166,2.72057,2,malignant,Preprocessed_Dataset/cmmd/cmmd_4135.jpg,cmmd,train
0.8719351,2.2265372,0.42908114,2.025401,0,normal,Preprocessed_Dataset/ddsm/ddsm_1227.jpg,ddsm,train
0.57976615,2.343811,1.6149282,2.422585,1,benign,Preprocessed_Dataset/ddsm/ddsm_9267.jpg,ddsm,train
0.7743648,2.2521598,0.46182388,1.7093135,2,malignant,Preprocessed_Dataset/ddsm/ddsm_4155.jpg,ddsm,train
0.59998375,1.9937532,1.3737193,1.298914,1,benign,Preprocessed_Dataset/ddsm/ddsm_7806.jpg,ddsm,train
2.4139,1.1548942,1.0225024,2.0739856,2,malignant,Preprocessed_Dataset/cmmd/cmmd_5030.jpg,cmmd,train
1.8769457,2.2513654,0.9006955,1.0485287,2,malignant,Preprocessed_Dataset/cdd-cesm/cdd-cesm_793.jpg,cdd-cesm,train
2.4538822,1.8523811,1.0333307,2.136344,1,benign,Preprocessed_Dataset/cmmd/cmmd_163.jpg,cmmd,train
0.8437118,1.0051268,1.903616,2.7969656,2,malignant,Preprocessed_Dataset/ddsm/ddsm_5083.jpg,ddsm,train
1.8842533,0.8866157,1.3291929,0.75223243,0,normal,Preprocessed_Dataset/cdd-cesm/cdd-cesm_349.jpg,cdd-cesm,train
0.78168166,0.65442634,1.0409465,1.0599581,1,benign,Preprocessed_Dataset/ddsm/ddsm_8292.jpg,ddsm,train
0.8449429,0.99453294,0.43504894,1.845099,2,malignant,Preprocessed_Dataset/ddsm/ddsm_3932.jpg,ddsm,train
0.7109267,1.4006268,0.25466907,1.7157165,1,benign,Preprocessed_Dataset/ddsm/ddsm_9631.jpg,ddsm,train
1.3851318,1.2523526,0.8095744,1.1643896,1,benign,Preprocessed_Dataset/dmid/dmid_319.jpg,dmid,train
0.42404044,0.8242172,1.5753,2.159328,1,benign,Preprocessed_Dataset/ddsm/ddsm_8488.jpg,ddsm,train
1.0375938,2.1980307,0.56283617,1.9174391,0,normal,Preprocessed_Dataset/ddsm/ddsm_1034.jpg,ddsm,train
1.0751565,2.1768,0.37016028,2.2787576,0,normal,Preprocessed_Dataset/ddsm/ddsm_2599.jpg,ddsm,train
1.764364,1.0910525,1.1788825,0.9917631,1,benign,Preprocessed_Dataset/cdd-cesm/cdd-cesm_507.jpg,cdd-cesm,train
2.4674902,1.0966724,1.4446341,1.3199716,2,malignant,Preprocessed_Dataset/cmmd/cmmd_1857.jpg,cmmd,train
0.57426745,0.68075746,0.44075274,1.733768,0,normal,Preprocessed_Dataset/ddsm/ddsm_545.jpg,ddsm,train
1.7961975,2.3257802,1.0692633,1.3968196,0,normal,Preprocessed_Dataset/cdd-cesm/cdd-cesm_241.jpg,cdd-cesm,train
2.608697,2.0754628,0.8270757,2.1277792,2,malignant,Preprocessed_Dataset/cmmd/cmmd_1424.jpg,cmmd,train
1.192604,2.5441513,0.49056068,2.1707852,0,normal,Preprocessed_Dataset/ddsm/ddsm_2458.jpg,ddsm,train
0.9166137,0.7446046,2.603796,2.2479987,2,malignant,Preprocessed_Dataset/ddsm/ddsm_5537.jpg,ddsm,train
0.557394,0.77384925,1.2977353,2.1673586,2,malignant,Preprocessed_Dataset/ddsm/ddsm_5885.jpg,ddsm,train
0.5242556,1.8283862,0.8436211,1.937138,0,normal,Preprocessed_Dataset/ddsm/ddsm_2566.jpg,ddsm,train
1.4085059,2.2710216,0.7804347,1.440489,2,malignant,Preprocessed_Dataset/ddsm/ddsm_3283.jpg,ddsm,train
1.8138647,2.0691586,0.60120755,1.997423,2,malignant,Preprocessed_Dataset/cmmd/cmmd_1326.jpg,cmmd,train
0.7831924,1.0414155,0.26057428,2.306118,0,normal,Preprocessed_Dataset/ddsm/ddsm_2624.jpg,ddsm,train
2.1671402,1.6515701,1.0020834,2.1537082,1,benign,Preprocessed_Dataset/cmmd/cmmd_415.jpg,cmmd,train
1.8047056,1.1761143,1.2893305,0.42280316,1,benign,Preprocessed_Dataset/cdd-cesm/cdd-cesm_362.jpg,cdd-cesm,train
0.5039883,0.8291733,0.36769038,1.7154323,0,normal,Preprocessed_Dataset/ddsm/ddsm_2356.jpg,ddsm,train
0.4259411,0.9103681,1.9334425,2.6104436,1,benign,Preprocessed_Dataset/ddsm/ddsm_6804.jpg,ddsm,train
1.5095658,1.0961207,0.51699543,2.0907826,0,normal,Preprocessed_Dataset/dmid/dmid_204.jpg,dmid,train
2.0421076,0.45263124,0.8096961,2.2623081,2,malignant,Preprocessed_Dataset/cmmd/cmmd_5010.jpg,cmmd,train
2.4700246,1.744873,0.9954301,2.1965806,2,malignant,Preprocessed_Dataset/cmmd/cmmd_3883.jpg,cmmd,train
1.543668,1.6966791,0.43582147,1.5038106,1,benign,Preprocessed_Dataset/ddsm/ddsm_9736.jpg,ddsm,train
1.8662379,2.2154074,1.1066194,0.89671946,2,malignant,Preprocessed_Dataset/cdd-cesm/cdd-cesm_844.jpg,cdd-cesm,train
0.6483689,2.4898536,0.38680035,2.124022,1,benign,Preprocessed_Dataset/ddsm/ddsm_8894.jpg,ddsm,train
0.56959575,2.1029232,1.2390233,1.7260904,1,benign,Preprocessed_Dataset/ddsm/ddsm_10086.jpg,ddsm,train
0.48694032,0.8340238,2.17519,0.9935192,2,malignant,Preprocessed_Dataset/ddsm/ddsm_3804.jpg,ddsm,train
0.48408228,1.7855942,1.285631,1.3154902,0,normal,Preprocessed_Dataset/ddsm/ddsm_1379.jpg,ddsm,train
0.49078965,0.8736408,2.02039,2.1340737,1,benign,Preprocessed_Dataset/ddsm/ddsm_7053.jpg,ddsm,train
0.29815054,0.49465615,2.3491888,1.71068,2,malignant,Preprocessed_Dataset/ddsm/ddsm_6080.jpg,ddsm,train
0.5104399,2.0600708,0.37309772,2.1200783,2,malignant,Preprocessed_Dataset/ddsm/ddsm_3019.jpg,ddsm,train
0.4245637,0.75535995,2.6884792,2.8691497,1,benign,Preprocessed_Dataset/ddsm/ddsm_8289.jpg,ddsm,train
0.3907007,1.1904044,2.2167692,2.43542,1,benign,Preprocessed_Dataset/ddsm/ddsm_7961.jpg,ddsm,train
0.93076074,2.1490061,0.835949,1.4286437,0,normal,Preprocessed_Dataset/ddsm/ddsm_1334.jpg,ddsm,train
0.51868415,1.647966,1.6933844,2.7177877,2,malignant,Preprocessed_Dataset/ddsm/ddsm_4434.jpg,ddsm,train
2.7126758,0.5752468,1.1447959,2.2002928,1,benign,Preprocessed_Dataset/cmmd/cmmd_2227.jpg,cmmd,train
0.52680635,2.0073376,1.388963,2.576377,1,benign,Preprocessed_Dataset/ddsm/ddsm_7691.jpg,ddsm,train
1.4211081,2.074449,0.6002656,2.078217,2,malignant,Preprocessed_Dataset/ddsm/ddsm_4603.jpg,ddsm,train
0.8373046,2.3200994,0.9913258,2.0244713,1,benign,Preprocessed_Dataset/ddsm/ddsm_9946.jpg,ddsm,train
0.7756556,0.9736741,1.0337656,1.1875122,1,benign,Preprocessed_Dataset/ddsm/ddsm_7257.jpg,ddsm,train
2.4443307,1.8628837,0.95019555,2.2181559,2,malignant,Preprocessed_Dataset/cmmd/cmmd_3645.jpg,cmmd,train
1.2488462,2.2150266,0.71996224,2.5333018,0,normal,Preprocessed_Dataset/inbreast/inbreast_208.jpg,inbreast,train
0.4568404,1.6036727,0.80714715,1.9311066,1,benign,Preprocessed_Dataset/ddsm/ddsm_8541.jpg,ddsm,train
0.27197886,1.0652013,2.4631467,2.5106056,1,benign,Preprocessed_Dataset/ddsm/ddsm_10392.jpg,ddsm,train
1.2944989,2.487647,0.59938824,1.8374124,2,malignant,Preprocessed_Dataset/ddsm/ddsm_5663.jpg,ddsm,train
1.3631504,2.1364648,0.7230113,1.4514927,1,benign,Preprocessed_Dataset/ddsm/ddsm_7583.jpg,ddsm,train
1.3053027,0.8336089,1.1798917,2.040473,1,benign,Preprocessed_Dataset/dmid/dmid_124.jpg,dmid,train
1.9702907,1.7130162,0.90992194,2.2708216,0,normal,Preprocessed_Dataset/dmid/dmid_350.jpg,dmid,train
2.6266446,0.30838966,1.0851595,2.2515502,2,malignant,Preprocessed_Dataset/cmmd/cmmd_2818.jpg,cmmd,train
2.2640505,0.7546811,0.7387115,2.6128001,2,malignant,Preprocessed_Dataset/cmmd/cmmd_5186.jpg,cmmd,train
0.29735005,1.4035558,1.4614105,2.3185053,2,malignant,Preprocessed_Dataset/ddsm/ddsm_5833.jpg,ddsm,train
0.5687917,0.5385561,0.69355977,1.6143247,0,normal,Preprocessed_Dataset/ddsm/ddsm_392.jpg,ddsm,train
0.43108606,0.97026074,1.4971735,1.6694754,2,malignant,Preprocessed_Dataset/ddsm/ddsm_3392.jpg,ddsm,train
1.9958045,0.68137807,0.88293946,1.628474,0,normal,Preprocessed_Dataset/dmid/dmid_349.jpg,dmid,train
2.5342793,0.73143154,1.0371488,2.1333635,2,malignant,Preprocessed_Dataset/cmmd/cmmd_3060.jpg,cmmd,train
2.7824814,1.835202,1.0871658,2.3023229,1,benign,Preprocessed_Dataset/cmmd/cmmd_519.jpg,cmmd,train
0.7884262,1.6212084,0.86441654,1.5151012,1,benign,Preprocessed_Dataset/ddsm/ddsm_6958.jpg,ddsm,train
0.4538895,0.6656135,1.3837218,1.3761327,2,malignant,Preprocessed_Dataset/ddsm/ddsm_3249.jpg,ddsm,train
0.099689364,2.143273,1.4289762,2.0344589,2,malignant,Preprocessed_Dataset/ddsm/ddsm_3414.jpg,ddsm,train
0.91877437,0.8637505,0.6638608,2.3867886,2,malignant,Preprocessed_Dataset/ddsm/ddsm_6188.jpg,ddsm,train
0.7837631,0.90320987,0.5615696,1.9020542,2,malignant,Preprocessed_Dataset/ddsm/ddsm_6109.jpg,ddsm,train
1.0128138,0.8425196,0.36863738,2.15574,0,normal,Preprocessed_Dataset/ddsm/ddsm_1944.jpg,ddsm,train
0.28630823,1.0736263,1.0732306,2.5158396,1,benign,Preprocessed_Dataset/ddsm/ddsm_6736.jpg,ddsm,train
2.6927292,1.9653696,1.0016547,2.2637446,2,malignant,Preprocessed_Dataset/cmmd/cmmd_1106.jpg,cmmd,train
0.19906056,0.9178056,1.0438179,1.5294691,2,malignant,Preprocessed_Dataset/ddsm/ddsm_3956.jpg,ddsm,train
0.82396257,0.7898973,0.4137361,1.7628424,0,normal,Preprocessed_Dataset/ddsm/ddsm_905.jpg,ddsm,train
2.3152008,1.461835,1.0184216,1.9823478,2,malignant,Preprocessed_Dataset/cmmd/cmmd_4308.jpg,cmmd,train
0.23590541,1.8282425,1.252183,2.2675133,2,malignant,Preprocessed_Dataset/ddsm/ddsm_4390.jpg,ddsm,train
0.98832047,0.76895803,0.74272394,1.4930902,0,normal,Preprocessed_Dataset/ddsm/ddsm_1764.jpg,ddsm,train
0.60724485,2.4657135,0.32638246,1.7101243,0,normal,Preprocessed_Dataset/ddsm/ddsm_482.jpg,ddsm,train
0.55411273,0.39208174,0.88144577,1.557297,0,normal,Preprocessed_Dataset/ddsm/ddsm_1364.jpg,ddsm,train
0.41966426,1.6663965,2.8791437,1.9833851,1,benign,Preprocessed_Dataset/ddsm/ddsm_9882.jpg,ddsm,train
0.5198621,1.3478754,1.7976075,1.485151,1,benign,Preprocessed_Dataset/ddsm/ddsm_9516.jpg,ddsm,train
1.1534889,1.9716398,0.4912868,1.7637796,1,benign,Preprocessed_Dataset/ddsm/ddsm_9786.jpg,ddsm,train
0.35424644,1.3201832,0.3434015,1.8372926,1,benign,Preprocessed_Dataset/ddsm/ddsm_9421.jpg,ddsm,train
2.893394,2.1323626,1.3305746,2.254295,2,malignant,Preprocessed_Dataset/cmmd/cmmd_1460.jpg,cmmd,train
0.9119592,1.9417567,1.7359984,1.3336706,1,benign,Preprocessed_Dataset/ddsm/ddsm_9626.jpg,ddsm,train
0.5793927,2.0208259,0.22609395,2.057335,1,benign,Preprocessed_Dataset/ddsm/ddsm_6927.jpg,ddsm,train
0.6641709,1.7838726,1.0458047,1.9475778,2,malignant,Preprocessed_Dataset/ddsm/ddsm_5967.jpg,ddsm,train
0.8487456,2.0847888,0.48103762,1.9133003,1,benign,Preprocessed_Dataset/ddsm/ddsm_6807.jpg,ddsm,train
0.7055077,1.1815891,0.9923468,1.9947017,1,benign,Preprocessed_Dataset/ddsm/ddsm_6681.jpg,ddsm,train
2.7404063,2.2142105,1.0676888,1.9224824,2,malignant,Preprocessed_Dataset/cmmd/cmmd_1339.jpg,cmmd,train
0.4479409,0.65136874,2.1395092,2.304647,1,benign,Preprocessed_Dataset/ddsm/ddsm_7464.jpg,ddsm,train
2.680287,0.56766355,1.2001508,1.7866663,2,malignant,Preprocessed_Dataset/cmmd/cmmd_4615.jpg,cmmd,train
0.40040994,1.1713787,0.52143073,1.3106673,0,normal,Preprocessed_Dataset/ddsm/ddsm_2460.jpg,ddsm,train
1.5941154,1.4910538,0.6572013,1.147616,0,normal,Preprocessed_Dataset/ddsm/ddsm_2160.jpg,ddsm,train
0.7226835,2.030411,0.7289241,0.91831243,1,benign,Preprocessed_Dataset/ddsm/ddsm_8058.jpg,ddsm,train
0.7877792,0.8790108,0.14042437,2.1400537,1,benign,Preprocessed_Dataset/ddsm/ddsm_6808.jpg,ddsm,train
2.906004,0.4206847,1.2409663,1.6904474,2,malignant,Preprocessed_Dataset/cmmd/cmmd_3314.jpg,cmmd,train
0.504479,0.80807155,0.6406499,1.4718437,0,normal,Preprocessed_Dataset/ddsm/ddsm_1116.jpg,ddsm,train
0.39883476,1.7063146,1.7512136,1.0466478,2,malignant,Preprocessed_Dataset/ddsm/ddsm_3306.jpg,ddsm,train
0.6795006,0.95987296,0.59735066,1.5053377,0,normal,Preprocessed_Dataset/ddsm/ddsm_2764.jpg,ddsm,train
1.00616,1.8262389,0.4186142,2.6374156,1,benign,Preprocessed_Dataset/inbreast/inbreast_300.jpg,inbreast,train
0.8653405,0.93658835,0.33623284,1.7778648,2,malignant,Preprocessed_Dataset/ddsm/ddsm_4901.jpg,ddsm,train
0.3198285,2.124197,1.7913799,2.8024893,2,malignant,Preprocessed_Dataset/ddsm/ddsm_4006.jpg,ddsm,train
0.24457443,1.1005858,3.0867953,1.9501042,2,malignant,Preprocessed_Dataset/ddsm/ddsm_5508.jpg,ddsm,train
0.6138779,0.55872816,0.47119203,2.0709562,0,normal,Preprocessed_Dataset/ddsm/ddsm_393.jpg,ddsm,train
0.8518897,0.99840474,0.6422252,1.4716562,0,normal,Preprocessed_Dataset/ddsm/ddsm_1633.jpg,ddsm,train
0.85872924,2.2080321,0.3611219,1.8689629,2,malignant,Preprocessed_Dataset/ddsm/ddsm_3919.jpg,ddsm,train
1.4547749,1.4102997,0.79212344,1.5569658,1,benign,Preprocessed_Dataset/dmid/dmid_20.jpg,dmid,train
0.6191427,1.603449,0.20538116,2.2496822,1,benign,Preprocessed_Dataset/ddsm/ddsm_8850.jpg,ddsm,train
1.441174,2.0149662,1.0021693,2.3332558,0,normal,Preprocessed_Dataset/inbreast/inbreast_234.jpg,inbreast,train
2.7486513,1.7073649,1.054448,2.2076137,2,malignant,Preprocessed_Dataset/cmmd/cmmd_3825.jpg,cmmd,train
0.492391,1.0429997,2.9569373,1.4455284,1,benign,Preprocessed_Dataset/ddsm/ddsm_8213.jpg,ddsm,train
2.117616,0.91455173,0.877089,2.053957,2,malignant,Preprocessed_Dataset/cmmd/cmmd_3130.jpg,cmmd,train
0.48124903,1.5300632,2.5270686,2.6857853,1,benign,Preprocessed_Dataset/ddsm/ddsm_8667.jpg,ddsm,train
2.1774545,2.8639424,1.9376929,0.75312126,0,normal,Preprocessed_Dataset/cdd-cesm/cdd-cesm_129.jpg,cdd-cesm,train
0.6204129,0.8816811,0.3880725,1.8754257,0,normal,Preprocessed_Dataset/ddsm/ddsm_2360.jpg,ddsm,train
0.50352216,1.4484262,2.23211,2.5988817,1,benign,Preprocessed_Dataset/ddsm/ddsm_7930.jpg,ddsm,train
1.0316486,2.6697884,0.53320014,1.5540186,0,normal,Preprocessed_Dataset/ddsm/ddsm_1659.jpg,ddsm,train
1.0297939,1.3238093,0.3139214,1.8517319,0,normal,Preprocessed_Dataset/ddsm/ddsm_844.jpg,ddsm,train
2.7255127,1.5981365,1.3976481,1.7955028,2,malignant,Preprocessed_Dataset/cmmd/cmmd_1393.jpg,cmmd,train
2.3997588,1.6775621,0.7284901,2.2318914,2,malignant,Preprocessed_Dataset/cmmd/cmmd_4216.jpg,cmmd,train
1.9950777,1.9031934,0.897842,2.1264713,2,malignant,Preprocessed_Dataset/cmmd/cmmd_865.jpg,cmmd,train
0.41565162,0.92369455,0.5667782,1.438708,2,malignant,Preprocessed_Dataset/ddsm/ddsm_5868.jpg,ddsm,train
0.7452569,0.28527248,2.3862684,1.7286303,1,benign,Preprocessed_Dataset/ddsm/ddsm_7668.jpg,ddsm,train
0.75503707,0.64465564,0.6745606,1.8100995,0,normal,Preprocessed_Dataset/ddsm/ddsm_544.jpg,ddsm,train
0.7943516,1.7004313,0.9314948,1.5902731,0,normal,Preprocessed_Dataset/ddsm/ddsm_1106.jpg,ddsm,train
1.183208,1.1596339,1.606907,1.932486,2,malignant,Preprocessed_Dataset/ddsm/ddsm_4532.jpg,ddsm,train
1.1700425,2.1782873,0.5098833,1.40239,0,normal,Preprocessed_Dataset/ddsm/ddsm_1643.jpg,ddsm,train
0.9311966,1.5606986,0.35015565,2.0781183,0,normal,Preprocessed_Dataset/ddsm/ddsm_450.jpg,ddsm,train
2.6012874,2.7997003,1.8426843,0.66229284,0,normal,Preprocessed_Dataset/cdd-cesm/cdd-cesm_301.jpg,cdd-cesm,train
1.0312676,1.2703815,0.2985177,1.9297767,1,benign,Preprocessed_Dataset/ddsm/ddsm_9937.jpg,ddsm,train
1.3597661,2.3381455,0.40012807,1.9457288,0,normal,Preprocessed_Dataset/ddsm/ddsm_523.jpg,ddsm,train
2.346299,2.028701,0.7732648,2.1612687,2,malignant,Preprocessed_Dataset/cmmd/cmmd_1404.jpg,cmmd,train
0.97893095,0.80329657,0.44847316,1.4133381,2,malignant,Preprocessed_Dataset/ddsm/ddsm_2789.jpg,ddsm,train
0.5992294,0.8920482,0.34687,1.7219336,1,benign,Preprocessed_Dataset/ddsm/ddsm_7813.jpg,ddsm,train
0.21651554,1.867838,2.6811514,2.2607749,2,malignant,Preprocessed_Dataset/ddsm/ddsm_5718.jpg,ddsm,train
1.8335385,1.1396724,0.64226925,2.0773778,0,normal,Preprocessed_Dataset/inbreast/inbreast_260.jpg,inbreast,train
0.2937323,1.5801798,1.2467805,1.7299148,1,benign,Preprocessed_Dataset/ddsm/ddsm_9893.jpg,ddsm,train
2.6686232,0.72912097,1.127257,2.328205,1,benign,Preprocessed_Dataset/cmmd/cmmd_2240.jpg,cmmd,train
2.7240238,0.21328199,1.3462397,1.8290726,2,malignant,Preprocessed_Dataset/cmmd/cmmd_3007.jpg,cmmd,train
2.064423,1.8493726,0.97261083,1.5357492,2,malignant,Preprocessed_Dataset/cmmd/cmmd_4003.jpg,cmmd,train
1.7360566,0.45375097,0.8214385,1.5306118,1,benign,Preprocessed_Dataset/inbreast/inbreast_317.jpg,inbreast,train
0.3572883,2.6148334,2.3123362,2.633152,1,benign,Preprocessed_Dataset/ddsm/ddsm_8726.jpg,ddsm,train
0.3751576,1.6199899,0.430389,2.1770935,2,malignant,Preprocessed_Dataset/ddsm/ddsm_3410.jpg,ddsm,train
0.3492077,0.6682691,0.6576836,1.7652029,1,benign,Preprocessed_Dataset/ddsm/ddsm_10397.jpg,ddsm,train
2.552619,1.9277236,1.0098492,2.5211182,1,benign,Preprocessed_Dataset/cmmd/cmmd_611.jpg,cmmd,train
1.7078807,1.6446059,0.65793157,1.7976532,1,benign,Preprocessed_Dataset/dmid/dmid_393.jpg,dmid,train
0.93127024,1.7126215,2.0455852,2.393171,1,benign,Preprocessed_Dataset/ddsm/ddsm_9402.jpg,ddsm,train
0.8551863,2.7447824,0.66981673,1.9033929,0,normal,Preprocessed_Dataset/ddsm/ddsm_503.jpg,ddsm,train
2.576642,1.8440751,1.0048857,2.700074,1,benign,Preprocessed_Dataset/cmmd/cmmd_3599.jpg,cmmd,train
0.8475833,2.469463,0.7128422,1.632431,0,normal,Preprocessed_Dataset/ddsm/ddsm_1262.jpg,ddsm,train
0.6654527,0.97022915,0.28072017,1.5055859,0,normal,Preprocessed_Dataset/ddsm/ddsm_409.jpg,ddsm,train
0.6555548,0.81320834,0.5144594,1.8175845,0,normal,Preprocessed_Dataset/ddsm/ddsm_1304.jpg,ddsm,train
2.3144608,0.6268767,0.8163363,2.289968,2,malignant,Preprocessed_Dataset/cmmd/cmmd_3181.jpg,cmmd,train
0.81744516,0.9335906,0.28991014,2.0996032,0,normal,Preprocessed_Dataset/ddsm/ddsm_1548.jpg,ddsm,train
0.78835976,2.3109758,0.5511199,1.3101678,2,malignant,Preprocessed_Dataset/ddsm/ddsm_4110.jpg,ddsm,train
2.4570844,2.0059752,0.7673116,2.222138,1,benign,Preprocessed_Dataset/cmmd/cmmd_152.jpg,cmmd,train
0.9536363,2.4072394,0.3663088,2.120247,1,benign,Preprocessed_Dataset/ddsm/ddsm_8663.jpg,ddsm,train
0.6422571,0.5891377,0.43401062,2.0182347,0,normal,Preprocessed_Dataset/ddsm/ddsm_1240.jpg,ddsm,train
1.6480752,1.4214525,0.5920137,1.986319,0,normal,Preprocessed_Dataset/dmid/dmid_377.jpg,dmid,train
1.0672675,2.4573689,0.4540698,1.7058754,1,benign,Preprocessed_Dataset/ddsm/ddsm_7935.jpg,ddsm,train
0.8421257,1.6767634,1.0562688,1.9016205,1,benign,Preprocessed_Dataset/ddsm/ddsm_8949.jpg,ddsm,train
2.380707,1.9344535,0.8109283,2.1017718,2,malignant,Preprocessed_Dataset/cmmd/cmmd_3706.jpg,cmmd,train
2.5052958,1.8173027,0.88496804,2.4943979,2,malignant,Preprocessed_Dataset/cmmd/cmmd_4002.jpg,cmmd,train
0.26947445,0.89285976,0.5169207,1.8537096,0,normal,Preprocessed_Dataset/ddsm/ddsm_2480.jpg,ddsm,train
2.3290908,2.4156218,1.1216931,1.245417,1,benign,Preprocessed_Dataset/cdd-cesm/cdd-cesm_181.jpg,cdd-cesm,train
2.7139287,0.110401034,1.1606369,1.9226859,1,benign,Preprocessed_Dataset/cmmd/cmmd_2343.jpg,cmmd,train
0.28667486,0.8997095,0.6543773,1.5225116,0,normal,Preprocessed_Dataset/ddsm/ddsm_2613.jpg,ddsm,train
2.6507087,1.8870232,0.9061596,2.2098331,2,malignant,Preprocessed_Dataset/cmmd/cmmd_4364.jpg,cmmd,train
2.1902637,0.32384038,0.82390535,2.4395967,2,malignant,Preprocessed_Dataset/cmmd/cmmd_2799.jpg,cmmd,train
0.6837042,1.586001,0.36488116,1.7486758,1,benign,Preprocessed_Dataset/ddsm/ddsm_6469.jpg,ddsm,train
2.5381956,0.99488217,1.0100045,1.9506054,2,malignant,Preprocessed_Dataset/cmmd/cmmd_3319.jpg,cmmd,train
2.0208607,2.077892,0.87597555,2.3079844,0,normal,Preprocessed_Dataset/dmid/dmid_90.jpg,dmid,train
0.34239912,1.1680255,0.3201654,1.9240212,1,benign,Preprocessed_Dataset/ddsm/ddsm_8540.jpg,ddsm,train
0.45379972,1.9088717,2.424931,2.6431594,1,benign,Preprocessed_Dataset/ddsm/ddsm_9167.jpg,ddsm,train
2.624475,1.5549146,1.3590717,1.5017993,2,malignant,Preprocessed_Dataset/cmmd/cmmd_896.jpg,cmmd,train
0.5339329,1.2832319,1.151887,2.2582695,1,benign,Preprocessed_Dataset/ddsm/ddsm_9109.jpg,ddsm,train
0.9672209,1.7463489,0.47344282,1.7241886,1,benign,Preprocessed_Dataset/ddsm/ddsm_7369.jpg,ddsm,train
0.2706647,1.9534123,0.68779135,1.7356536,2,malignant,Preprocessed_Dataset/ddsm/ddsm_2926.jpg,ddsm,train
0.73739195,2.0704165,0.31866515,1.9468672,0,normal,Preprocessed_Dataset/ddsm/ddsm_2430.jpg,ddsm,train
0.4008674,0.8195427,0.4482264,1.78949,0,normal,Preprocessed_Dataset/ddsm/ddsm_604.jpg,ddsm,train
1.1828119,1.2736908,1.433388,1.7607108,1,benign,Preprocessed_Dataset/ddsm/ddsm_7492.jpg,ddsm,train
0.9411569,2.2094195,0.694305,1.7901306,0,normal,Preprocessed_Dataset/ddsm/ddsm_283.jpg,ddsm,train
0.48776418,2.1761332,1.187997,1.0523614,0,normal,Preprocessed_Dataset/ddsm/ddsm_683.jpg,ddsm,train
0.73175734,1.1669302,0.309031,2.088507,1,benign,Preprocessed_Dataset/ddsm/ddsm_8277.jpg,ddsm,train
1.1949509,1.3332227,0.58913964,1.6483129,0,normal,Preprocessed_Dataset/ddsm/ddsm_1825.jpg,ddsm,train
2.592993,2.245071,0.98758173,2.2493267,2,malignant,Preprocessed_Dataset/cmmd/cmmd_1076.jpg,cmmd,train
0.40235138,0.9589082,0.11959565,2.157848,2,malignant,Preprocessed_Dataset/ddsm/ddsm_5061.jpg,ddsm,train
0.35382926,1.5302233,1.8907733,2.4169095,2,malignant,Preprocessed_Dataset/ddsm/ddsm_4570.jpg,ddsm,train
1.1503167,0.78384805,0.26690608,2.278545,1,benign,Preprocessed_Dataset/inbreast/inbreast_201.jpg,inbreast,train
0.6266776,0.76675326,1.5859898,2.806776,1,benign,Preprocessed_Dataset/ddsm/ddsm_9525.jpg,ddsm,train
0.07198727,0.6589919,0.7096854,1.6123608,0,normal,Preprocessed_Dataset/ddsm/ddsm_737.jpg,ddsm,train
0.41318542,0.54861915,1.3134564,1.2341485,2,malignant,Preprocessed_Dataset/ddsm/ddsm_3245.jpg,ddsm,train
0.6399723,1.2941436,0.39620173,1.7515888,0,normal,Preprocessed_Dataset/ddsm/ddsm_1109.jpg,ddsm,train
0.92946255,2.220837,0.4461897,2.0140874,2,malignant,Preprocessed_Dataset/ddsm/ddsm_2975.jpg,ddsm,train
0.38871866,0.8118166,0.21335983,2.0670247,1,benign,Preprocessed_Dataset/ddsm/ddsm_9341.jpg,ddsm,train
2.8873327,1.9005669,1.5295671,1.806367,2,malignant,Preprocessed_Dataset/cmmd/cmmd_268.jpg,cmmd,train
0.45945734,1.5524175,2.2993999,1.7289279,2,malignant,Preprocessed_Dataset/ddsm/ddsm_6288.jpg,ddsm,train
0.6063914,0.8550258,0.40028822,2.2396698,0,normal,Preprocessed_Dataset/ddsm/ddsm_776.jpg,ddsm,train
0.5939866,0.8710263,0.50994134,2.20174,0,normal,Preprocessed_Dataset/ddsm/ddsm_1377.jpg,ddsm,train
0.62919986,0.98214984,1.9719414,2.3853292,1,benign,Preprocessed_Dataset/ddsm/ddsm_6677.jpg,ddsm,train
0.45610905,1.9971869,0.5498464,1.9202952,2,malignant,Preprocessed_Dataset/ddsm/ddsm_5950.jpg,ddsm,train
2.356895,0.57371527,1.0496856,2.231844,2,malignant,Preprocessed_Dataset/cmmd/cmmd_3489.jpg,cmmd,train
0.9284578,2.0794387,0.5542964,1.7238872,1,benign,Preprocessed_Dataset/ddsm/ddsm_7138.jpg,ddsm,train
1.0472307,2.1673887,1.7305567,2.4954815,1,benign,Preprocessed_Dataset/ddsm/ddsm_8350.jpg,ddsm,train
1.1829555,1.0162535,0.41176605,1.7136577,0,normal,Preprocessed_Dataset/ddsm/ddsm_1769.jpg,ddsm,train
0.62387115,0.77621764,0.46879774,2.4201262,1,benign,Preprocessed_Dataset/ddsm/ddsm_6776.jpg,ddsm,train
0.871096,2.0135005,0.12716907,2.5763116,0,normal,Preprocessed_Dataset/ddsm/ddsm_2631.jpg,ddsm,train
0.62733185,0.97676724,2.3153028,1.4916625,1,benign,Preprocessed_Dataset/ddsm/ddsm_9496.jpg,ddsm,train
2.3922095,1.0418781,0.7238133,2.211072,1,benign,Preprocessed_Dataset/cmmd/cmmd_1922.jpg,cmmd,train
1.144311,1.0429931,0.6163193,1.3363454,2,malignant,Preprocessed_Dataset/ddsm/ddsm_3616.jpg,ddsm,train
0.5869553,1.048399,1.7378879,1.4062207,1,benign,Preprocessed_Dataset/ddsm/ddsm_10049.jpg,ddsm,train
0.5155983,1.5860621,1.7460201,2.9083385,1,benign,Preprocessed_Dataset/ddsm/ddsm_6571.jpg,ddsm,train
1.4235073,2.4888113,2.6466851,2.0206847,1,benign,Preprocessed_Dataset/ddsm/ddsm_9983.jpg,ddsm,train
0.8296537,2.5303333,0.3636232,1.8288696,0,normal,Preprocessed_Dataset/ddsm/ddsm_1187.jpg,ddsm,train
0.90170515,2.4000757,0.39843708,2.0153043,2,malignant,Preprocessed_Dataset/ddsm/ddsm_4935.jpg,ddsm,train
2.3441556,2.987926,1.3782883,1.0484219,1,benign,Preprocessed_Dataset/cdd-cesm/cdd-cesm_999.jpg,cdd-cesm,train
0.86616683,0.57712585,0.40415782,2.2598572,1,benign,Preprocessed_Dataset/ddsm/ddsm_7172.jpg,ddsm,train
2.55626,1.5792606,0.9848396,1.9540786,2,malignant,Preprocessed_Dataset/cmmd/cmmd_745.jpg,cmmd,train
0.31291777,0.93281466,0.1632517,2.094745,0,normal,Preprocessed_Dataset/ddsm/ddsm_2409.jpg,ddsm,train
2.7803197,1.3377542,1.8578372,0.0,1,benign,Preprocessed_Dataset/cdd-cesm/cdd-cesm_992.jpg,cdd-cesm,train
2.4626794,0.39109814,1.2332165,1.9814601,2,malignant,Preprocessed_Dataset/cmmd/cmmd_2600.jpg,cmmd,train
2.1049476,2.3607047,1.452762,2.2519643,2,malignant,Preprocessed_Dataset/cmmd/cmmd_3701.jpg,cmmd,train
2.53917,0.51838136,0.900344,2.388921,1,benign,Preprocessed_Dataset/cmmd/cmmd_2281.jpg,cmmd,train
0.36436117,1.2590511,0.7512633,1.2579,0,normal,Preprocessed_Dataset/ddsm/ddsm_2540.jpg,ddsm,train
0.8728831,1.28578,0.2977122,2.0396311,0,normal,Preprocessed_Dataset/ddsm/ddsm_2140.jpg,ddsm,train
0.7312506,1.0821446,0.42752135,1.475035,0,normal,Preprocessed_Dataset/ddsm/ddsm_1977.jpg,ddsm,train
0.77077085,2.428866,0.9133482,2.0805285,1,benign,Preprocessed_Dataset/ddsm/ddsm_9371.jpg,ddsm,train
0.21343052,1.2933279,1.9638703,2.193976,2,malignant,Preprocessed_Dataset/ddsm/ddsm_4305.jpg,ddsm,train
0.7968671,2.0494761,1.7085662,2.4443264,2,malignant,Preprocessed_Dataset/ddsm/ddsm_2978.jpg,ddsm,train
0.31598306,1.1248769,1.180682,2.4919143,1,benign,Preprocessed_Dataset/ddsm/ddsm_9997.jpg,ddsm,train
1.0328715,2.292941,1.5975044,2.401946,1,benign,Preprocessed_Dataset/ddsm/ddsm_10099.jpg,ddsm,train
2.1699119,2.5286832,1.2974322,0.6802517,0,normal,Preprocessed_Dataset/cdd-cesm/cdd-cesm_62.jpg,cdd-cesm,train
1.7826637,1.3692938,1.7781031,0.37092376,1,benign,Preprocessed_Dataset/cdd-cesm/cdd-cesm_692.jpg,cdd-cesm,train
0.49857777,1.6831316,0.37830675,2.1529403,2,malignant,Preprocessed_Dataset/ddsm/ddsm_4995.jpg,ddsm,train
1.165724,2.356444,0.46370965,1.867653,0,normal,Preprocessed_Dataset/ddsm/ddsm_1155.jpg,ddsm,train
2.2839372,0.4903323,0.99377596,2.368072,2,malignant,Preprocessed_Dataset/cmmd/cmmd_2041.jpg,cmmd,train
0.65607256,1.0756468,0.5382576,1.6982918,2,malignant,Preprocessed_Dataset/ddsm/ddsm_3128.jpg,ddsm,train
2.5564442,1.9504837,0.8315199,2.1091096,1,benign,Preprocessed_Dataset/cmmd/cmmd_3572.jpg,cmmd,train
0.52715814,0.71351177,0.3926431,2.2774491,2,malignant,Preprocessed_Dataset/ddsm/ddsm_5613.jpg,ddsm,train
0.32343704,1.7418791,2.648422,3.1415927,1,benign,Preprocessed_Dataset/ddsm/ddsm_8131.jpg,ddsm,train
0.7642036,1.1733541,2.2169154,2.1166055,2,malignant,Preprocessed_Dataset/ddsm/ddsm_4055.jpg,ddsm,train
0.66837466,0.87051463,0.39967698,2.522882,1,benign,Preprocessed_Dataset/ddsm/ddsm_6504.jpg,ddsm,train
0.17212796,1.0381223,0.6099917,1.0287733,2,malignant,Preprocessed_Dataset/ddsm/ddsm_4968.jpg,ddsm,train
0.6802379,1.9710312,2.9337182,1.432648,1,benign,Preprocessed_Dataset/ddsm/ddsm_7370.jpg,ddsm,train
1.7152776,0.81952083,0.8052137,1.415006,0,normal,Preprocessed_Dataset/dmid/dmid_381.jpg,dmid,train
2.4626899,1.868899,0.93008786,2.4834943,2,malignant,Preprocessed_Dataset/cmmd/cmmd_1126.jpg,cmmd,train
0.6354951,1.7600479,0.3075357,2.2533548,0,normal,Preprocessed_Dataset/ddsm/ddsm_2302.jpg,ddsm,train
0.51890826,1.8872652,0.45186687,1.8564922,0,normal,Preprocessed_Dataset/ddsm/ddsm_2499.jpg,ddsm,train
1.7773602,2.2676065,0.8657129,1.3854238,0,normal,Preprocessed_Dataset/cdd-cesm/cdd-cesm_410.jpg,cdd-cesm,train
0.50870365,0.7914961,0.6713313,1.4999177,0,normal,Preprocessed_Dataset/ddsm/ddsm_2636.jpg,ddsm,train
0.53761774,1.4174621,1.9837782,2.1237624,1,benign,Preprocessed_Dataset/ddsm/ddsm_8858.jpg,ddsm,train
0.6627599,1.2434363,0.82672524,2.0610197,2,malignant,Preprocessed_Dataset/ddsm/ddsm_6206.jpg,ddsm,train
0.51429814,0.79369223,0.5580112,1.6871159,2,malignant,Preprocessed_Dataset/ddsm/ddsm_2940.jpg,ddsm,train
2.5728657,0.625443,0.97547215,2.471953,2,malignant,Preprocessed_Dataset/cmmd/cmmd_1871.jpg,cmmd,train
0.88513434,0.91135305,0.59664226,1.4653308,0,normal,Preprocessed_Dataset/ddsm/ddsm_9.jpg,ddsm,train
0.9407544,2.1292195,1.5812027,2.4094577,2,malignant,Preprocessed_Dataset/ddsm/ddsm_4510.jpg,ddsm,train
2.335555,2.3200092,1.7666035,0.11753523,2,malignant,Preprocessed_Dataset/cdd-cesm/cdd-cesm_801.jpg,cdd-cesm,train
0.88645285,2.2463677,0.38515776,2.0335147,1,benign,Preprocessed_Dataset/ddsm/ddsm_9459.jpg,ddsm,train
2.161292,2.1841319,0.9460601,2.126712,1,benign,Preprocessed_Dataset/inbreast/inbreast_120.jpg,inbreast,train
2.2381482,2.546742,1.3231776,0.9029888,2,malignant,Preprocessed_Dataset/cdd-cesm/cdd-cesm_257.jpg,cdd-cesm,train
2.0620441,0.88045084,1.9042115,0.16760755,2,malignant,Preprocessed_Dataset/cdd-cesm/cdd-cesm_284.jpg,cdd-cesm,train
0.45071584,1.7715706,2.2312446,2.9207857,1,benign,Preprocessed_Dataset/ddsm/ddsm_8778.jpg,ddsm,train
2.331333,1.1035097,1.1137614,1.6144836,2,malignant,Preprocessed_Dataset/cmmd/cmmd_2761.jpg,cmmd,train
0.3353532,1.2897878,0.44567662,1.6503822,0,normal,Preprocessed_Dataset/ddsm/ddsm_2196.jpg,ddsm,train
0.58901227,2.1409628,1.5368307,1.1830742,1,benign,Preprocessed_Dataset/ddsm/ddsm_6594.jpg,ddsm,train
0.40803963,1.3704658,0.9018741,1.3624351,1,benign,Preprocessed_Dataset/ddsm/ddsm_6908.jpg,ddsm,train
1.1691588,0.7703998,0.3724178,2.0616653,1,benign,Preprocessed_Dataset/inbreast/inbreast_112.jpg,inbreast,train
2.3179173,0.41471148,1.1384598,1.8749151,2,malignant,Preprocessed_Dataset/cmmd/cmmd_4743.jpg,cmmd,train
2.7459838,1.9526774,0.97292024,2.2495708,2,malignant,Preprocessed_Dataset/cmmd/cmmd_1433.jpg,cmmd,train
0.8705332,1.6308885,0.35489446,2.5147772,1,benign,Preprocessed_Dataset/inbreast/inbreast_73.jpg,inbreast,train
0.46326828,0.83882314,0.17312568,2.3774056,0,normal,Preprocessed_Dataset/ddsm/ddsm_2260.jpg,ddsm,train
2.6742282,1.5001493,0.9081187,2.5915706,1,benign,Preprocessed_Dataset/cmmd/cmmd_354.jpg,cmmd,train
2.6637616,2.177456,1.0669849,2.341763,2,malignant,Preprocessed_Dataset/cmmd/cmmd_1579.jpg,cmmd,train
1.2458402,2.467044,0.88104504,2.498038,1,benign,Preprocessed_Dataset/inbreast/inbreast_149.jpg,inbreast,train
0.78844726,2.1557398,0.3203758,2.4306386,1,benign,Preprocessed_Dataset/ddsm/ddsm_7791.jpg,ddsm,train
0.7128499,0.8726008,1.4371159,2.0382462,1,benign,Preprocessed_Dataset/ddsm/ddsm_10056.jpg,ddsm,train
1.5534326,2.0143006,0.5750821,1.2514757,0,normal,Preprocessed_Dataset/cdd-cesm/cdd-cesm_716.jpg,cdd-cesm,train
1.093275,1.8534809,0.41218942,1.9951361,1,benign,Preprocessed_Dataset/ddsm/ddsm_7579.jpg,ddsm,train
0.6192144,1.9759469,0.33091754,2.2137704,1,benign,Preprocessed_Dataset/ddsm/ddsm_8682.jpg,ddsm,train
2.504531,2.1087193,1.1040952,1.9290798,1,benign,Preprocessed_Dataset/cmmd/cmmd_423.jpg,cmmd,train
0.75838447,1.7634574,2.3000555,2.228216,1,benign,Preprocessed_Dataset/ddsm/ddsm_9803.jpg,ddsm,train
1.7495335,2.2963138,0.36840987,2.4356818,2,malignant,Preprocessed_Dataset/cmmd/cmmd_1452.jpg,cmmd,train
2.6138487,1.697065,1.4115009,1.5833076,1,benign,Preprocessed_Dataset/cmmd/cmmd_1929.jpg,cmmd,train
0.42834783,1.0146822,1.8856763,2.1839526,1,benign,Preprocessed_Dataset/ddsm/ddsm_9728.jpg,ddsm,train
2.310812,0.9291303,0.9941425,2.45341,2,malignant,Preprocessed_Dataset/cmmd/cmmd_4731.jpg,cmmd,train
2.535691,1.725612,0.79997385,2.2274618,2,malignant,Preprocessed_Dataset/cmmd/cmmd_4018.jpg,cmmd,train
2.425448,0.18243408,1.3637766,1.960378,2,malignant,Preprocessed_Dataset/cmmd/cmmd_4538.jpg,cmmd,train
2.1996531,2.041727,0.6137887,2.6707573,2,malignant,Preprocessed_Dataset/cmmd/cmmd_1369.jpg,cmmd,train
1.0279799,1.0606601,0.20040303,2.0712852,2,malignant,Preprocessed_Dataset/ddsm/ddsm_6077.jpg,ddsm,train
1.2408141,0.64735216,0.57950455,2.2181773,0,normal,Preprocessed_Dataset/ddsm/ddsm_1928.jpg,ddsm,train
1.830945,1.8558254,0.6260955,2.5269527,2,malignant,Preprocessed_Dataset/cmmd/cmmd_3964.jpg,cmmd,train
2.8128438,0.8219778,1.5129882,1.3823739,2,malignant,Preprocessed_Dataset/cmmd/cmmd_3284.jpg,cmmd,train
2.6054673,1.7738671,1.0431138,2.2482715,2,malignant,Preprocessed_Dataset/cmmd/cmmd_1019.jpg,cmmd,train
0.51762486,1.1861184,1.9711311,0.72228575,0,normal,Preprocessed_Dataset/ddsm/ddsm_380.jpg,ddsm,train
2.539409,1.757484,0.91719604,2.0837357,2,malignant,Preprocessed_Dataset/cmmd/cmmd_1416.jpg,cmmd,train
0.5755693,1.9616579,1.0577303,1.6908809,0,normal,Preprocessed_Dataset/ddsm/ddsm_254.jpg,ddsm,train
0.09456611,1.7457833,1.426379,0.9015529,0,normal,Preprocessed_Dataset/ddsm/ddsm_925.jpg,ddsm,train
0.3561669,1.023442,0.37068665,1.7491008,1,benign,Preprocessed_Dataset/ddsm/ddsm_6740.jpg,ddsm,train
0.6651738,0.929834,0.4406463,2.3365874,0,normal,Preprocessed_Dataset/ddsm/ddsm_2145.jpg,ddsm,train
0.7860848,2.040106,0.40706062,2.2546976,2,malignant,Preprocessed_Dataset/ddsm/ddsm_6062.jpg,ddsm,train
0.9225323,1.0709946,0.15268147,2.0826669,1,benign,Preprocessed_Dataset/ddsm/ddsm_8781.jpg,ddsm,train
2.3882098,0.6719995,0.9672133,2.2626176,2,malignant,Preprocessed_Dataset/cmmd/cmmd_5007.jpg,cmmd,train
1.0396043,1.110455,0.46558425,1.4927856,0,normal,Preprocessed_Dataset/ddsm/ddsm_1088.jpg,ddsm,train
0.5888264,1.862403,0.39693725,2.431234,1,benign,Preprocessed_Dataset/ddsm/ddsm_8834.jpg,ddsm,train
0.61726844,1.7321724,1.0462476,2.5940955,1,benign,Preprocessed_Dataset/ddsm/ddsm_6495.jpg,ddsm,train
0.735387,0.841851,0.70100343,1.3799521,0,normal,Preprocessed_Dataset/ddsm/ddsm_1445.jpg,ddsm,train
1.0674275,1.9156556,0.41374534,2.0248015,1,benign,Preprocessed_Dataset/ddsm/ddsm_9450.jpg,ddsm,train
1.9710026,2.4401696,0.9489931,1.2855966,0,normal,Preprocessed_Dataset/cdd-cesm/cdd-cesm_157.jpg,cdd-cesm,train
1.9944322,1.3523235,0.9892079,1.0870005,0,normal,Preprocessed_Dataset/cdd-cesm/cdd-cesm_947.jpg,cdd-cesm,train
0.60886115,1.8304441,1.1978463,0.44025183,1,benign,Preprocessed_Dataset/ddsm/ddsm_9502.jpg,ddsm,train
0.5330994,0.9566189,0.42403048,1.5878874,0,normal,Preprocessed_Dataset/ddsm/ddsm_292.jpg,ddsm,train
0.04086089,1.3591571,1.8165832,2.325833,1,benign,Preprocessed_Dataset/ddsm/ddsm_8264.jpg,ddsm,train
0.51624227,1.4760647,0.33554494,1.7243695,1,benign,Preprocessed_Dataset/ddsm/ddsm_7801.jpg,ddsm,train
2.2215524,0.285748,1.1374395,2.184966,2,malignant,Preprocessed_Dataset/cmmd/cmmd_4599.jpg,cmmd,train
0.54019564,0.5678547,0.70926654,1.5166411,0,normal,Preprocessed_Dataset/ddsm/ddsm_1188.jpg,ddsm,train
0.8144672,1.7773491,2.205443,2.157436,1,benign,Preprocessed_Dataset/ddsm/ddsm_8567.jpg,ddsm,train
1.5236639,2.4353192,0.29792315,2.3133698,1,benign,Preprocessed_Dataset/inbreast/inbreast_107.jpg,inbreast,train
0.81593883,1.7351317,1.8582628,1.6807896,1,benign,Preprocessed_Dataset/ddsm/ddsm_9545.jpg,ddsm,train
2.4488378,0.39083087,1.1064355,1.9923108,2,malignant,Preprocessed_Dataset/cmmd/cmmd_1828.jpg,cmmd,train
0.731222,0.77695537,0.4618808,2.1387324,0,normal,Preprocessed_Dataset/ddsm/ddsm_2289.jpg,ddsm,train
2.3663092,1.9421154,1.2223203,2.0013642,2,malignant,Preprocessed_Dataset/cmmd/cmmd_3828.jpg,cmmd,train
1.2031242,1.3674443,0.68275714,1.6150827,1,benign,Preprocessed_Dataset/ddsm/ddsm_9669.jpg,ddsm,train
0.91660196,0.51071346,0.92836505,1.0297551,0,normal,Preprocessed_Dataset/ddsm/ddsm_485.jpg,ddsm,train
0.5641341,1.3483746,1.143505,1.9436243,1,benign,Preprocessed_Dataset/ddsm/ddsm_8700.jpg,ddsm,train
2.640233,1.8389872,1.0870212,1.8450363,1,benign,Preprocessed_Dataset/cmmd/cmmd_3614.jpg,cmmd,train
0.40191323,2.1127071,2.1631339,2.0829363,1,benign,Preprocessed_Dataset/ddsm/ddsm_9187.jpg,ddsm,train
1.0070775,1.7889603,0.023514569,2.2944705,1,benign,Preprocessed_Dataset/ddsm/ddsm_9354.jpg,ddsm,train
2.176599,1.1900318,1.5233634,0.43370008,2,malignant,Preprocessed_Dataset/cdd-cesm/cdd-cesm_357.jpg,cdd-cesm,train
1.2035795,1.8748528,0.45070046,1.8205225,0,normal,Preprocessed_Dataset/ddsm/ddsm_967.jpg,ddsm,train
1.5439725,1.3351562,1.3303285,0.74568033,1,benign,Preprocessed_Dataset/cdd-cesm/cdd-cesm_451.jpg,cdd-cesm,train
2.4994903,2.0203173,1.3507681,2.3670466,1,benign,Preprocessed_Dataset/cmmd/cmmd_27.jpg,cmmd,train
0.42474055,2.0354073,2.44013,2.465632,2,malignant,Preprocessed_Dataset/ddsm/ddsm_3114.jpg,ddsm,train
0.9759903,1.2548555,0.27796185,2.2476752,0,normal,Preprocessed_Dataset/ddsm/ddsm_2625.jpg,ddsm,train
2.3899436,1.7691618,0.7037112,2.6452794,2,malignant,Preprocessed_Dataset/cmmd/cmmd_3745.jpg,cmmd,train
0.8980217,1.217492,1.8328813,1.7974058,1,benign,Preprocessed_Dataset/ddsm/ddsm_8927.jpg,ddsm,train
0.28637034,1.3894839,1.3999424,2.7028537,2,malignant,Preprocessed_Dataset/ddsm/ddsm_6122.jpg,ddsm,train
2.5228047,1.6909115,0.8807381,2.5048137,2,malignant,Preprocessed_Dataset/cmmd/cmmd_889.jpg,cmmd,train
2.656965,0.0,1.1716359,1.7486709,1,benign,Preprocessed_Dataset/cmmd/cmmd_2349.jpg,cmmd,train
0.4598394,0.6657603,0.662158,1.2510159,0,normal,Preprocessed_Dataset/ddsm/ddsm_557.jpg,ddsm,train
1.0786994,2.2963102,0.23782933,2.293936,0,normal,Preprocessed_Dataset/ddsm/ddsm_2698.jpg,ddsm,train
0.62468016,1.8532943,1.4813066,2.6217659,2,malignant,Preprocessed_Dataset/ddsm/ddsm_6163.jpg,ddsm,train
3.0116477,1.9789588,1.2021923,1.9977552,2,malignant,Preprocessed_Dataset/cmmd/cmmd_1159.jpg,cmmd,train
0.94490516,1.2370907,0.15304637,1.9310144,2,malignant,Preprocessed_Dataset/ddsm/ddsm_3940.jpg,ddsm,train
0.48327047,0.9030731,2.205882,2.516918,1,benign,Preprocessed_Dataset/ddsm/ddsm_8236.jpg,ddsm,train
2.2999382,1.7066835,0.75720114,2.620883,2,malignant,Preprocessed_Dataset/cmmd/cmmd_3940.jpg,cmmd,train
2.3715909,2.3828735,0.9818328,2.2264678,2,malignant,Preprocessed_Dataset/cmmd/cmmd_344.jpg,cmmd,train
2.8711133,1.7589906,1.3831831,1.4461489,2,malignant,Preprocessed_Dataset/cmmd/cmmd_347.jpg,cmmd,train
0.53909683,2.1043088,1.6693208,2.8629563,1,benign,Preprocessed_Dataset/ddsm/ddsm_6494.jpg,ddsm,train
2.3570874,0.14530778,1.0149901,2.1055088,1,benign,Preprocessed_Dataset/cmmd/cmmd_2385.jpg,cmmd,train
2.2214775,1.4319171,1.0198746,1.0474159,2,malignant,Preprocessed_Dataset/cdd-cesm/cdd-cesm_194.jpg,cdd-cesm,train
0.559927,2.0746174,0.62338674,1.3836186,2,malignant,Preprocessed_Dataset/ddsm/ddsm_3954.jpg,ddsm,train
0.71776795,0.99503636,0.3762293,1.7760141,2,malignant,Preprocessed_Dataset/ddsm/ddsm_4485.jpg,ddsm,train
2.294403,0.8158718,0.6394092,2.2692325,2,malignant,Preprocessed_Dataset/cmmd/cmmd_4679.jpg,cmmd,train
0.42465103,1.1268215,0.63008225,1.3303151,1,benign,Preprocessed_Dataset/ddsm/ddsm_8116.jpg,ddsm,train
1.0915304,0.9883307,0.4255091,1.2460148,0,normal,Preprocessed_Dataset/ddsm/ddsm_2172.jpg,ddsm,train
1.0205175,2.305515,0.38560677,2.3795612,0,normal,Preprocessed_Dataset/ddsm/ddsm_1955.jpg,ddsm,train
2.6042254,0.68325216,1.3678713,1.8772959,2,malignant,Preprocessed_Dataset/cmmd/cmmd_3223.jpg,cmmd,train
1.2414671,1.0125684,1.0403826,1.1560686,0,normal,Preprocessed_Dataset/ddsm/ddsm_2336.jpg,ddsm,train
0.8880216,1.7704494,0.3030097,2.0777853,1,benign,Preprocessed_Dataset/ddsm/ddsm_6623.jpg,ddsm,train
2.5878544,1.8118014,0.96229446,2.2343,2,malignant,Preprocessed_Dataset/cmmd/cmmd_1408.jpg,cmmd,train
2.3334827,1.7573545,0.82893634,2.5468888,2,malignant,Preprocessed_Dataset/cmmd/cmmd_709.jpg,cmmd,train
0.5721307,1.1135821,1.7915002,2.5504806,2,malignant,Preprocessed_Dataset/ddsm/ddsm_5520.jpg,ddsm,train
1.2705176,2.3560705,0.57322896,1.912566,1,benign,Preprocessed_Dataset/ddsm/ddsm_10219.jpg,ddsm,train
2.4962673,2.1140652,1.1367668,1.649319,2,malignant,Preprocessed_Dataset/cmmd/cmmd_4241.jpg,cmmd,train
0.9964384,0.45257032,0.84596074,1.9254371,1,benign,Preprocessed_Dataset/ddsm/ddsm_7020.jpg,ddsm,train
0.7878612,0.91749746,0.3681028,1.6939957,2,malignant,Preprocessed_Dataset/ddsm/ddsm_5493.jpg,ddsm,train
0.5020379,1.7160375,1.6819272,1.8342428,2,malignant,Preprocessed_Dataset/ddsm/ddsm_6419.jpg,ddsm,train
1.7342329,2.103906,0.71673936,1.3149498,2,malignant,Preprocessed_Dataset/cdd-cesm/cdd-cesm_797.jpg,cdd-cesm,train
2.3670464,1.6430502,0.93310916,2.2477136,2,malignant,Preprocessed_Dataset/cmmd/cmmd_858.jpg,cmmd,train
1.1004716,0.95102954,1.7619832,1.9198487,2,malignant,Preprocessed_Dataset/ddsm/ddsm_4085.jpg,ddsm,train
0.6475431,2.0942414,1.1561888,2.7880778,1,benign,Preprocessed_Dataset/ddsm/ddsm_9951.jpg,ddsm,train
0.8966367,2.3054397,0.54319704,1.8737513,1,benign,Preprocessed_Dataset/ddsm/ddsm_6599.jpg,ddsm,train
2.4928503,1.2630658,0.97273237,1.9176735,2,malignant,Preprocessed_Dataset/cmmd/cmmd_2114.jpg,cmmd,train
2.504702,1.8654351,1.295373,1.9378409,1,benign,Preprocessed_Dataset/cmmd/cmmd_712.jpg,cmmd,train
1.3303971,1.982621,0.33127898,2.4680924,2,malignant,Preprocessed_Dataset/inbreast/inbreast_184.jpg,inbreast,train
2.4364567,0.9707725,1.0499624,2.3032475,1,benign,Preprocessed_Dataset/cmmd/cmmd_2214.jpg,cmmd,train
0.5266548,1.7058599,0.78174525,1.4214709,0,normal,Preprocessed_Dataset/ddsm/ddsm_2514.jpg,ddsm,train
1.0654687,2.1872368,0.750783,1.8763855,2,malignant,Preprocessed_Dataset/ddsm/ddsm_3062.jpg,ddsm,train
2.7694426,1.9924405,0.9404329,2.3643365,2,malignant,Preprocessed_Dataset/cmmd/cmmd_1144.jpg,cmmd,train
2.6393652,2.2257094,1.0229881,2.114118,2,malignant,Preprocessed_Dataset/cmmd/cmmd_1602.jpg,cmmd,train
0.4045536,1.7540418,1.5996262,2.5672076,1,benign,Preprocessed_Dataset/ddsm/ddsm_10270.jpg,ddsm,train
2.2983494,2.5097375,1.1625749,1.2442119,2,malignant,Preprocessed_Dataset/cdd-cesm/cdd-cesm_406.jpg,cdd-cesm,train
0.27706808,0.9022862,0.48990974,1.874674,2,malignant,Preprocessed_Dataset/ddsm/ddsm_3505.jpg,ddsm,train
0.6903515,0.7360753,0.68948317,1.4246802,0,normal,Preprocessed_Dataset/ddsm/ddsm_88.jpg,ddsm,train
1.3220866,1.9943633,0.48666197,1.6467133,0,normal,Preprocessed_Dataset/cdd-cesm/cdd-cesm_831.jpg,cdd-cesm,train
0.7331801,2.0986845,0.85375804,1.5356691,0,normal,Preprocessed_Dataset/ddsm/ddsm_2550.jpg,ddsm,train
0.30145746,0.889337,1.7172129,2.5332398,2,malignant,Preprocessed_Dataset/ddsm/ddsm_6357.jpg,ddsm,train
1.2663981,2.4530246,0.830015,1.9401008,0,normal,Preprocessed_Dataset/ddsm/ddsm_1235.jpg,ddsm,train
2.4976609,1.7748879,0.8724639,2.4882917,2,malignant,Preprocessed_Dataset/cmmd/cmmd_4367.jpg,cmmd,train
2.3991249,1.2479573,0.81927794,1.8608805,2,malignant,Preprocessed_Dataset/cmmd/cmmd_4646.jpg,cmmd,train
0.5673148,0.79260033,0.30619174,2.0179083,0,normal,Preprocessed_Dataset/ddsm/ddsm_2288.jpg,ddsm,train
0.38662165,1.297905,1.3648684,1.983964,2,malignant,Preprocessed_Dataset/ddsm/ddsm_6023.jpg,ddsm,train
0.8181958,1.9249651,0.560559,2.1107314,2,malignant,Preprocessed_Dataset/ddsm/ddsm_4423.jpg,ddsm,train
2.5464363,1.9229081,0.73291856,2.2291658,2,malignant,Preprocessed_Dataset/cmmd/cmmd_933.jpg,cmmd,train
0.75013834,1.5241071,0.39709294,1.0811217,0,normal,Preprocessed_Dataset/ddsm/ddsm_1052.jpg,ddsm,train
0.9032533,1.1880343,0.6701368,1.573743,0,normal,Preprocessed_Dataset/ddsm/ddsm_1608.jpg,ddsm,train
2.7713628,1.7640934,1.1913195,1.9257174,1,benign,Preprocessed_Dataset/cmmd/cmmd_408.jpg,cmmd,train
0.79446536,2.294364,1.0083094,1.3635731,2,malignant,Preprocessed_Dataset/ddsm/ddsm_4967.jpg,ddsm,train
2.2268229,1.3845314,1.1357013,1.7969553,1,benign,Preprocessed_Dataset/cmmd/cmmd_428.jpg,cmmd,train
0.6376198,2.2829225,0.2607519,1.942985,2,malignant,Preprocessed_Dataset/ddsm/ddsm_5846.jpg,ddsm,train
0.8820373,0.7719561,1.8088506,1.5092698,1,benign,Preprocessed_Dataset/ddsm/ddsm_7836.jpg,ddsm,train
0.7808742,1.9005494,0.42668182,1.677849,0,normal,Preprocessed_Dataset/ddsm/ddsm_1618.jpg,ddsm,train
0.5869276,0.53822374,0.5185039,2.0030909,2,malignant,Preprocessed_Dataset/ddsm/ddsm_5348.jpg,ddsm,train
0.7355048,1.0911194,0.7184805,1.7872407,0,normal,Preprocessed_Dataset/ddsm/ddsm_1792.jpg,ddsm,train
0.6403755,1.2897435,0.8173626,1.2514634,0,normal,Preprocessed_Dataset/ddsm/ddsm_524.jpg,ddsm,train
0.6870466,1.483045,2.297151,2.0269227,1,benign,Preprocessed_Dataset/ddsm/ddsm_9796.jpg,ddsm,train
1.744619,1.2768375,0.8853108,1.7529691,2,malignant,Preprocessed_Dataset/cmmd/cmmd_2533.jpg,cmmd,train
2.6071527,1.7590108,1.2181045,1.9609854,2,malignant,Preprocessed_Dataset/cmmd/cmmd_947.jpg,cmmd,train
0.5024456,0.78736126,0.5694804,2.4130232,1,benign,Preprocessed_Dataset/ddsm/ddsm_9268.jpg,ddsm,train
2.5261905,0.38092256,1.2359376,2.2813957,1,benign,Preprocessed_Dataset/cmmd/cmmd_2407.jpg,cmmd,train
0.7438154,1.4363297,0.48863596,1.2342169,0,normal,Preprocessed_Dataset/ddsm/ddsm_2328.jpg,ddsm,train
0.25175083,1.5807732,2.3408027,2.4111094,2,malignant,Preprocessed_Dataset/ddsm/ddsm_4931.jpg,ddsm,train
2.2476916,0.20717084,0.7580875,2.4009378,2,malignant,Preprocessed_Dataset/cmmd/cmmd_2755.jpg,cmmd,train
0.95718515,1.6157397,0.33767384,1.9217894,0,normal,Preprocessed_Dataset/ddsm/ddsm_127.jpg,ddsm,train
0.6804612,0.92827994,0.24315429,1.9342694,1,benign,Preprocessed_Dataset/ddsm/ddsm_6633.jpg,ddsm,train
2.2534394,1.837872,0.60403943,2.4897442,2,malignant,Preprocessed_Dataset/cmmd/cmmd_822.jpg,cmmd,train
1.3675293,2.0709414,0.1823883,2.5380764,1,benign,Preprocessed_Dataset/inbreast/inbreast_133.jpg,inbreast,train
1.5805551,1.1538866,0.8861722,1.281101,0,normal,Preprocessed_Dataset/cdd-cesm/cdd-cesm_568.jpg,cdd-cesm,train
0.25955164,1.6219031,1.4023297,2.0470304,2,malignant,Preprocessed_Dataset/ddsm/ddsm_5068.jpg,ddsm,train
2.7438755,0.26039815,1.2115747,1.7702113,2,malignant,Preprocessed_Dataset/cmmd/cmmd_3427.jpg,cmmd,train
2.0327575,2.2438595,0.7042103,1.9221613,1,benign,Preprocessed_Dataset/inbreast/inbreast_384.jpg,inbreast,train
1.684011,1.7442408,0.35202932,2.4039857,0,normal,Preprocessed_Dataset/inbreast/inbreast_393.jpg,inbreast,train
0.5719455,1.9972754,1.694222,2.4584842,1,benign,Preprocessed_Dataset/ddsm/ddsm_8475.jpg,ddsm,train
1.8660237,2.046714,0.995631,1.9219974,1,benign,Preprocessed_Dataset/inbreast/inbreast_91.jpg,inbreast,train
1.657521,2.5663204,0.94598883,1.2376182,0,normal,Preprocessed_Dataset/ddsm/ddsm_1134.jpg,ddsm,train
0.56330484,1.13918,0.0,1.8560758,1,benign,Preprocessed_Dataset/ddsm/ddsm_6949.jpg,ddsm,train
1.4037892,0.5349927,0.5521045,1.9782575,0,normal,Preprocessed_Dataset/dmid/dmid_237.jpg,dmid,train
2.5299373,0.9898475,1.0183158,1.8215566,2,malignant,Preprocessed_Dataset/cmmd/cmmd_3002.jpg,cmmd,train
1.6964762,3.1415925,1.3431108,0.82374346,0,normal,Preprocessed_Dataset/cdd-cesm/cdd-cesm_629.jpg,cdd-cesm,train
0.89481634,2.224651,0.35969216,1.9036453,2,malignant,Preprocessed_Dataset/ddsm/ddsm_5751.jpg,ddsm,train
0.67573607,2.1869154,0.2708919,2.2151754,0,normal,Preprocessed_Dataset/ddsm/ddsm_2679.jpg,ddsm,train
0.9783263,0.72346336,0.22243762,2.2875407,1,benign,Preprocessed_Dataset/ddsm/ddsm_8685.jpg,ddsm,train
0.9009297,1.0464756,0.79208225,1.5039479,0,normal,Preprocessed_Dataset/ddsm/ddsm_345.jpg,ddsm,train
2.3142927,1.3226305,1.0596004,1.9701272,2,malignant,Preprocessed_Dataset/cmmd/cmmd_2573.jpg,cmmd,train
2.3531363,1.9265554,1.1425215,2.2963507,2,malignant,Preprocessed_Dataset/cmmd/cmmd_846.jpg,cmmd,train
2.4771605,1.8909237,0.70258486,2.5895863,2,malignant,Preprocessed_Dataset/cmmd/cmmd_66.jpg,cmmd,train
1.7292075,1.298279,1.0390437,1.3651266,0,normal,Preprocessed_Dataset/dmid/dmid_207.jpg,dmid,train
2.8641367,0.58742034,1.4630731,1.6672982,2,malignant,Preprocessed_Dataset/cmmd/cmmd_3190.jpg,cmmd,train
2.131184,0.6457914,1.2615837,1.8747927,1,benign,Preprocessed_Dataset/cmmd/cmmd_1902.jpg,cmmd,train
1.9168023,2.6738305,1.2248394,1.0909803,0,normal,Preprocessed_Dataset/cdd-cesm/cdd-cesm_186.jpg,cdd-cesm,train
0.5475519,1.2404437,0.18984193,2.2666318,1,benign,Preprocessed_Dataset/ddsm/ddsm_7949.jpg,ddsm,train
0.9847239,2.4518838,0.49966305,1.9585239,0,normal,Preprocessed_Dataset/ddsm/ddsm_1071.jpg,ddsm,train
0.8214966,1.606002,1.1397337,1.8840292,1,benign,Preprocessed_Dataset/ddsm/ddsm_8039.jpg,ddsm,train
0.8070811,1.8797348,1.9376178,2.5060546,2,malignant,Preprocessed_Dataset/ddsm/ddsm_3963.jpg,ddsm,train
2.984395,1.6111988,1.1887444,1.9145889,1,benign,Preprocessed_Dataset/cmmd/cmmd_495.jpg,cmmd,train
2.4684052,1.7580361,0.6702348,2.426894,2,malignant,Preprocessed_Dataset/cmmd/cmmd_1774.jpg,cmmd,train
2.3550305,2.094651,0.6800837,2.552849,2,malignant,Preprocessed_Dataset/cmmd/cmmd_4134.jpg,cmmd,train
0.8951433,2.1175013,1.8027751,1.9323168,2,malignant,Preprocessed_Dataset/ddsm/ddsm_5174.jpg,ddsm,train
2.269658,1.78554,0.6083381,2.1577137,2,malignant,Preprocessed_Dataset/cmmd/cmmd_3775.jpg,cmmd,train
2.039139,1.9036019,0.69922024,2.422364,2,malignant,Preprocessed_Dataset/cmmd/cmmd_4076.jpg,cmmd,train
2.42832,0.6305987,0.77422065,2.323215,1,benign,Preprocessed_Dataset/cmmd/cmmd_2248.jpg,cmmd,train
2.3206277,1.6295419,0.7802149,2.2679963,2,malignant,Preprocessed_Dataset/cmmd/cmmd_280.jpg,cmmd,train
2.1529608,0.27421224,0.93531966,2.058749,2,malignant,Preprocessed_Dataset/cmmd/cmmd_4721.jpg,cmmd,train
2.3127265,0.052101374,0.95862436,2.119725,2,malignant,Preprocessed_Dataset/cmmd/cmmd_4914.jpg,cmmd,train
0.38040292,1.2780745,1.482662,1.7156768,1,benign,Preprocessed_Dataset/ddsm/ddsm_7537.jpg,ddsm,train
0.2701466,2.0904186,2.254455,2.2443473,1,benign,Preprocessed_Dataset/ddsm/ddsm_6679.jpg,ddsm,train
2.6571126,0.44095647,1.2202895,2.0469878,2,malignant,Preprocessed_Dataset/cmmd/cmmd_3394.jpg,cmmd,train
0.88576216,1.1776401,1.9308367,2.8033686,1,benign,Preprocessed_Dataset/ddsm/ddsm_7182.jpg,ddsm,train
0.8704573,2.4796329,0.30442345,1.9386328,1,benign,Preprocessed_Dataset/ddsm/ddsm_6902.jpg,ddsm,train
0.44195855,1.0505708,2.8476582,2.7476366,1,benign,Preprocessed_Dataset/ddsm/ddsm_9596.jpg,ddsm,train
0.75056565,1.7020973,2.3522458,2.6326828,2,malignant,Preprocessed_Dataset/ddsm/ddsm_5166.jpg,ddsm,train
2.2011967,0.39381564,1.122176,1.8616467,2,malignant,Preprocessed_Dataset/cmmd/cmmd_2712.jpg,cmmd,train
2.68433,2.0569203,1.1282432,2.075644,2,malignant,Preprocessed_Dataset/cmmd/cmmd_1745.jpg,cmmd,train
1.931325,0.93250966,1.3887459,0.731699,2,malignant,Preprocessed_Dataset/cdd-cesm/cdd-cesm_617.jpg,cdd-cesm,train
0.61128396,1.9257834,1.0672206,1.3189647,1,benign,Preprocessed_Dataset/ddsm/ddsm_7263.jpg,ddsm,train
1.3875924,1.6386673,0.62015045,1.5270396,1,benign,Preprocessed_Dataset/cdd-cesm/cdd-cesm_871.jpg,cdd-cesm,train
0.14257765,1.705844,1.7079718,1.4833791,2,malignant,Preprocessed_Dataset/ddsm/ddsm_3416.jpg,ddsm,train
1.4827685,2.4320116,0.9258718,1.6491593,1,benign,Preprocessed_Dataset/ddsm/ddsm_10150.jpg,ddsm,train
0.120311856,1.4053332,1.7259432,2.1290598,1,benign,Preprocessed_Dataset/ddsm/ddsm_10317.jpg,ddsm,train
0.70279765,1.9033394,0.3329236,1.8395387,1,benign,Preprocessed_Dataset/ddsm/ddsm_8627.jpg,ddsm,train
1.8886781,2.4941235,0.9779687,1.4360149,2,malignant,Preprocessed_Dataset/cdd-cesm/cdd-cesm_960.jpg,cdd-cesm,train
1.0866523,2.1151242,2.3057034,1.9264091,2,malignant,Preprocessed_Dataset/ddsm/ddsm_3599.jpg,ddsm,train
0.8437469,2.1644917,0.49554616,1.4951975,2,malignant,Preprocessed_Dataset/ddsm/ddsm_3726.jpg,ddsm,train
2.491548,0.87470555,0.89378303,2.1907575,1,benign,Preprocessed_Dataset/cmmd/cmmd_2200.jpg,cmmd,train
0.7677628,2.0071611,0.622049,2.0379808,2,malignant,Preprocessed_Dataset/ddsm/ddsm_5322.jpg,ddsm,train
0.20841372,2.3252704,2.0032275,2.3815932,1,benign,Preprocessed_Dataset/ddsm/ddsm_6946.jpg,ddsm,train
2.452404,0.39616776,0.9178678,2.1442227,2,malignant,Preprocessed_Dataset/cmmd/cmmd_4779.jpg,cmmd,train
1.4790806,1.7650533,0.33570993,2.8962064,1,benign,Preprocessed_Dataset/inbreast/inbreast_395.jpg,inbreast,train
0.25781965,1.1650121,1.7400352,2.485895,2,malignant,Preprocessed_Dataset/ddsm/ddsm_5565.jpg,ddsm,train
0.5145538,0.85220313,0.47328746,1.6411066,0,normal,Preprocessed_Dataset/ddsm/ddsm_2592.jpg,ddsm,train
0.5224035,1.6488336,0.1088686,2.0645998,0,normal,Preprocessed_Dataset/ddsm/ddsm_2237.jpg,ddsm,train
0.3072824,0.6136657,2.3337083,1.2058085,2,malignant,Preprocessed_Dataset/ddsm/ddsm_6308.jpg,ddsm,train
0.98339593,0.583886,0.60808325,1.4336725,1,benign,Preprocessed_Dataset/ddsm/ddsm_9297.jpg,ddsm,train
2.492838,1.524809,0.72601175,2.2572792,2,malignant,Preprocessed_Dataset/cmmd/cmmd_1641.jpg,cmmd,train
2.309133,1.4830949,0.8887547,2.2378838,1,benign,Preprocessed_Dataset/cmmd/cmmd_537.jpg,cmmd,train
1.6123744,1.5743133,0.91633546,1.7752278,1,benign,Preprocessed_Dataset/cdd-cesm/cdd-cesm_106.jpg,cdd-cesm,train
0.249071,0.5314547,0.45072377,1.8388288,1,benign,Preprocessed_Dataset/ddsm/ddsm_8384.jpg,ddsm,train
0.66282517,1.1652489,0.26798254,2.6692078,2,malignant,Preprocessed_Dataset/ddsm/ddsm_6297.jpg,ddsm,train
2.350534,1.8680062,0.9763194,2.6450512,1,benign,Preprocessed_Dataset/cmmd/cmmd_358.jpg,cmmd,train
2.5410118,1.3365694,1.3017786,1.538029,1,benign,Preprocessed_Dataset/cmmd/cmmd_2347.jpg,cmmd,train
1.153409,2.3942347,0.21946895,2.1711276,0,normal,Preprocessed_Dataset/ddsm/ddsm_715.jpg,ddsm,train
2.695487,1.9412065,0.9768337,2.442736,1,benign,Preprocessed_Dataset/cmmd/cmmd_532.jpg,cmmd,train
2.2003717,2.217104,0.5274417,2.2722661,2,malignant,Preprocessed_Dataset/cmmd/cmmd_3859.jpg,cmmd,train
0.68780077,1.5323533,0.7527954,1.6293514,2,malignant,Preprocessed_Dataset/ddsm/ddsm_6328.jpg,ddsm,train
2.7623196,2.0178378,1.2059059,2.1922712,2,malignant,Preprocessed_Dataset/cmmd/cmmd_1474.jpg,cmmd,train
1.0577433,0.525268,0.6334553,1.9805313,1,benign,Preprocessed_Dataset/ddsm/ddsm_7265.jpg,ddsm,train
2.4885511,0.8870193,0.9770316,1.8060621,1,benign,Preprocessed_Dataset/cmmd/cmmd_2125.jpg,cmmd,train
0.45608675,0.9455683,0.4013031,1.3193709,1,benign,Preprocessed_Dataset/ddsm/ddsm_7285.jpg,ddsm,train
2.409791,0.69201404,0.8830123,2.5496244,1,benign,Preprocessed_Dataset/cmmd/cmmd_2289.jpg,cmmd,train
1.1203003,2.0867538,0.52543247,1.8176061,1,benign,Preprocessed_Dataset/ddsm/ddsm_7515.jpg,ddsm,train
0.74587166,0.9268662,0.25919682,1.7740337,0,normal,Preprocessed_Dataset/ddsm/ddsm_1213.jpg,ddsm,train
0.5437736,0.7607644,1.0883342,1.8927423,1,benign,Preprocessed_Dataset/ddsm/ddsm_8248.jpg,ddsm,train
0.41938108,1.0924938,1.4667647,1.4882948,1,benign,Preprocessed_Dataset/ddsm/ddsm_9720.jpg,ddsm,train
2.2074606,1.6172887,0.7018548,2.645133,2,malignant,Preprocessed_Dataset/cmmd/cmmd_980.jpg,cmmd,train
2.1575983,0.49135798,0.8870977,2.3690734,2,malignant,Preprocessed_Dataset/cmmd/cmmd_2791.jpg,cmmd,train
1.346965,2.491365,2.404512,1.5383257,1,benign,Preprocessed_Dataset/ddsm/ddsm_9623.jpg,ddsm,train
0.41981584,2.1709561,2.5104318,2.0718102,1,benign,Preprocessed_Dataset/ddsm/ddsm_8022.jpg,ddsm,train
0.27391213,1.1102424,0.28152055,2.1750555,0,normal,Preprocessed_Dataset/ddsm/ddsm_2112.jpg,ddsm,train
1.3515235,0.7120334,0.68758166,1.4246511,0,normal,Preprocessed_Dataset/dmid/dmid_228.jpg,dmid,train
0.49361604,0.91622627,0.5137355,1.9597116,2,malignant,Preprocessed_Dataset/ddsm/ddsm_4153.jpg,ddsm,train
0.96998173,2.2722092,0.83499885,1.3416334,0,normal,Preprocessed_Dataset/ddsm/ddsm_1766.jpg,ddsm,train
0.8957819,2.00733,0.44183952,2.2362409,2,malignant,Preprocessed_Dataset/ddsm/ddsm_4978.jpg,ddsm,train
0.8135983,0.65816116,0.62133044,1.6020967,0,normal,Preprocessed_Dataset/ddsm/ddsm_1440.jpg,ddsm,train
0.19221163,0.97216487,0.49489045,1.6510454,0,normal,Preprocessed_Dataset/ddsm/ddsm_921.jpg,ddsm,train
0.5732681,1.0174162,0.44542766,1.5330358,1,benign,Preprocessed_Dataset/ddsm/ddsm_7308.jpg,ddsm,train
2.6894217,2.7532725,1.440101,1.0159831,2,malignant,Preprocessed_Dataset/cdd-cesm/cdd-cesm_1001.jpg,cdd-cesm,train
2.5841827,1.6633849,1.0631297,2.2595654,2,malignant,Preprocessed_Dataset/cmmd/cmmd_4114.jpg,cmmd,train
0.27121562,0.93085873,2.225078,2.70588,1,benign,Preprocessed_Dataset/ddsm/ddsm_8636.jpg,ddsm,train
0.0,1.1433095,1.02873,1.1318364,2,malignant,Preprocessed_Dataset/ddsm/ddsm_4056.jpg,ddsm,train
2.0142517,0.10970521,1.0129126,2.2367442,2,malignant,Preprocessed_Dataset/cmmd/cmmd_2514.jpg,cmmd,train
0.55380416,0.660575,1.4586148,2.4579117,1,benign,Preprocessed_Dataset/ddsm/ddsm_7221.jpg,ddsm,train
0.8172686,2.4876397,0.40036082,2.114047,0,normal,Preprocessed_Dataset/ddsm/ddsm_1531.jpg,ddsm,train
2.5099463,1.7067932,0.8860083,2.0585012,2,malignant,Preprocessed_Dataset/cmmd/cmmd_926.jpg,cmmd,train
2.7395918,2.0901275,1.0766386,2.1474974,2,malignant,Preprocessed_Dataset/cmmd/cmmd_1456.jpg,cmmd,train
1.1237093,1.9124671,0.3683021,1.9799399,0,normal,Preprocessed_Dataset/ddsm/ddsm_1999.jpg,ddsm,train
0.72996306,1.0880384,0.58015513,1.6018233,0,normal,Preprocessed_Dataset/ddsm/ddsm_173.jpg,ddsm,train
2.0622926,2.8086658,1.286807,1.2150216,1,benign,Preprocessed_Dataset/cdd-cesm/cdd-cesm_7.jpg,cdd-cesm,train
0.8930923,2.2063007,0.32996547,2.266768,0,normal,Preprocessed_Dataset/ddsm/ddsm_1543.jpg,ddsm,train
1.8998957,2.7112684,0.9173131,1.1380417,1,benign,Preprocessed_Dataset/cdd-cesm/cdd-cesm_210.jpg,cdd-cesm,train
0.853577,1.9278198,0.7008525,1.7533609,2,malignant,Preprocessed_Dataset/ddsm/ddsm_2934.jpg,ddsm,train
0.2393359,1.1330941,1.6275072,2.1006215,1,benign,Preprocessed_Dataset/ddsm/ddsm_6796.jpg,ddsm,train
0.9122186,2.0557775,0.38184482,2.512372,0,normal,Preprocessed_Dataset/ddsm/ddsm_2126.jpg,ddsm,train
1.0269318,2.1112165,0.36481804,2.3312137,1,benign,Preprocessed_Dataset/inbreast/inbreast_277.jpg,inbreast,train
0.8005588,0.8048773,0.30468053,2.2411783,0,normal,Preprocessed_Dataset/ddsm/ddsm_1241.jpg,ddsm,train
2.127864,0.70437837,0.81130934,2.1359785,2,malignant,Preprocessed_Dataset/cmmd/cmmd_3388.jpg,cmmd,train
0.73469406,1.9524751,1.515003,2.2996786,2,malignant,Preprocessed_Dataset/ddsm/ddsm_5119.jpg,ddsm,train
0.4098264,0.8853142,0.2978801,1.8625371,0,normal,Preprocessed_Dataset/ddsm/ddsm_304.jpg,ddsm,train
2.3896422,2.3800387,1.3161896,0.7238591,2,malignant,Preprocessed_Dataset/cdd-cesm/cdd-cesm_99.jpg,cdd-cesm,train
0.74228424,0.99199647,0.38589656,1.9450425,1,benign,Preprocessed_Dataset/ddsm/ddsm_7181.jpg,ddsm,train
0.6880835,2.3076453,0.57112706,1.6797806,1,benign,Preprocessed_Dataset/ddsm/ddsm_6475.jpg,ddsm,train
0.54500926,0.8007458,0.3072881,2.198737,0,normal,Preprocessed_Dataset/ddsm/ddsm_2532.jpg,ddsm,train
0.5974487,0.9411321,0.20331597,1.3974648,0,normal,Preprocessed_Dataset/ddsm/ddsm_449.jpg,ddsm,train
0.83448875,2.2101555,0.19479764,2.0666096,1,benign,Preprocessed_Dataset/ddsm/ddsm_7647.jpg,ddsm,train
0.6349065,0.6132926,0.32678026,2.0853848,0,normal,Preprocessed_Dataset/ddsm/ddsm_1593.jpg,ddsm,train
1.5978624,2.029614,0.51388186,2.2963357,1,benign,Preprocessed_Dataset/inbreast/inbreast_240.jpg,inbreast,train
1.6217867,1.372318,1.5418419,0.6573168,2,malignant,Preprocessed_Dataset/cdd-cesm/cdd-cesm_300.jpg,cdd-cesm,train
0.25328624,0.7643159,2.1961248,2.6649513,1,benign,Preprocessed_Dataset/ddsm/ddsm_7677.jpg,ddsm,train
0.5555255,0.48511755,0.6816217,1.4987345,2,malignant,Preprocessed_Dataset/ddsm/ddsm_3513.jpg,ddsm,train
2.500952,1.7655278,0.8349899,2.2653606,2,malignant,Preprocessed_Dataset/cmmd/cmmd_4033.jpg,cmmd,train
0.6112376,0.9569791,0.24031454,2.355721,2,malignant,Preprocessed_Dataset/ddsm/ddsm_6261.jpg,ddsm,train
0.5637998,0.8634965,0.3444556,2.2720172,2,malignant,Preprocessed_Dataset/ddsm/ddsm_2952.jpg,ddsm,train
1.0505426,2.2125938,1.7738996,0.54848707,2,malignant,Preprocessed_Dataset/ddsm/ddsm_6322.jpg,ddsm,train
0.6574436,1.4251984,0.39963138,2.294763,0,normal,Preprocessed_Dataset/ddsm/ddsm_1406.jpg,ddsm,train
0.3081339,2.1953514,0.37544924,1.6405956,0,normal,Preprocessed_Dataset/ddsm/ddsm_2410.jpg,ddsm,train
0.6553168,1.8740457,2.2123718,2.1258528,1,benign,Preprocessed_Dataset/ddsm/ddsm_6751.jpg,ddsm,train
0.85519505,0.9175156,0.34371257,1.8409947,1,benign,Preprocessed_Dataset/ddsm/ddsm_7089.jpg,ddsm,train
2.4580112,2.0552504,0.7435415,2.4467678,2,malignant,Preprocessed_Dataset/cmmd/cmmd_3783.jpg,cmmd,train
0.34244496,0.66262484,1.3419157,2.1835785,2,malignant,Preprocessed_Dataset/ddsm/ddsm_6217.jpg,ddsm,train
0.59259593,1.0776755,0.44046825,1.6426203,0,normal,Preprocessed_Dataset/ddsm/ddsm_733.jpg,ddsm,train
0.41791284,0.77382004,0.45618904,1.9054646,2,malignant,Preprocessed_Dataset/ddsm/ddsm_4196.jpg,ddsm,train
0.2832176,0.65473753,2.2275696,2.6558218,1,benign,Preprocessed_Dataset/ddsm/ddsm_6777.jpg,ddsm,train
0.49397707,0.6899597,1.7053472,1.9542652,1,benign,Preprocessed_Dataset/ddsm/ddsm_7208.jpg,ddsm,train
0.6457015,0.58686525,0.48129642,1.9761475,2,malignant,Preprocessed_Dataset/ddsm/ddsm_5932.jpg,ddsm,train
2.5732121,1.04573,0.9815607,1.9053235,1,benign,Preprocessed_Dataset/cmmd/cmmd_2209.jpg,cmmd,train
0.7994633,1.1067346,0.080115855,2.171926,0,normal,Preprocessed_Dataset/ddsm/ddsm_1904.jpg,ddsm,train
1.032495,2.5199456,0.4132071,1.6365213,0,normal,Preprocessed_Dataset/ddsm/ddsm_2070.jpg,ddsm,train
0.9036615,0.73997283,0.8865149,1.7290686,0,normal,Preprocessed_Dataset/ddsm/ddsm_864.jpg,ddsm,train
0.66137683,1.015939,1.7756767,2.3106408,1,benign,Preprocessed_Dataset/ddsm/ddsm_9597.jpg,ddsm,train
1.9440354,2.5457392,0.9842751,0.9190117,2,malignant,Preprocessed_Dataset/cdd-cesm/cdd-cesm_601.jpg,cdd-cesm,train
0.5407214,1.682884,0.22070861,2.6105788,0,normal,Preprocessed_Dataset/ddsm/ddsm_1030.jpg,ddsm,train
2.688426,2.4516544,1.1375341,2.0066736,1,benign,Preprocessed_Dataset/cmmd/cmmd_597.jpg,cmmd,train
0.7699626,2.0477052,0.46965346,1.346358,0,normal,Preprocessed_Dataset/ddsm/ddsm_1655.jpg,ddsm,train
0.5587739,0.83706415,0.27159005,2.2332866,1,benign,Preprocessed_Dataset/ddsm/ddsm_7617.jpg,ddsm,train
0.4413746,2.1875722,0.2932346,1.6726725,2,malignant,Preprocessed_Dataset/ddsm/ddsm_4306.jpg,ddsm,train
0.88275766,1.3283933,2.432788,2.2207174,1,benign,Preprocessed_Dataset/ddsm/ddsm_10076.jpg,ddsm,train
2.6715832,0.9966823,1.2404487,1.701841,2,malignant,Preprocessed_Dataset/cmmd/cmmd_3008.jpg,cmmd,train
2.4978442,2.1003726,0.88952184,2.0233595,1,benign,Preprocessed_Dataset/cmmd/cmmd_613.jpg,cmmd,train
0.67647296,0.7797718,0.2073732,1.6871607,2,malignant,Preprocessed_Dataset/ddsm/ddsm_2780.jpg,ddsm,train
1.4979708,0.68063265,0.45501155,1.9977503,1,benign,Preprocessed_Dataset/inbreast/inbreast_241.jpg,inbreast,train
0.2710306,1.2454587,1.4713638,1.9741973,1,benign,Preprocessed_Dataset/ddsm/ddsm_7736.jpg,ddsm,train
1.1927294,2.5834775,0.5217218,1.8063669,0,normal,Preprocessed_Dataset/ddsm/ddsm_1775.jpg,ddsm,train
0.6937081,1.2966692,0.2929845,1.872421,1,benign,Preprocessed_Dataset/ddsm/ddsm_7485.jpg,ddsm,train
1.7294285,2.3483703,0.8577124,1.3575387,1,benign,Preprocessed_Dataset/cdd-cesm/cdd-cesm_908.jpg,cdd-cesm,train
2.60063,0.3806963,1.1694868,2.11274,2,malignant,Preprocessed_Dataset/cmmd/cmmd_3067.jpg,cmmd,train
1.5779331,1.4972655,1.0232822,1.1361275,1,benign,Preprocessed_Dataset/ddsm/ddsm_9903.jpg,ddsm,train
0.54128623,0.47380698,0.2929625,2.2851243,1,benign,Preprocessed_Dataset/ddsm/ddsm_7760.jpg,ddsm,train
1.3325335,1.0315216,0.84179693,1.5075878,0,normal,Preprocessed_Dataset/dmid/dmid_241.jpg,dmid,train
0.41837817,2.2478833,1.4671149,2.4297507,2,malignant,Preprocessed_Dataset/ddsm/ddsm_5078.jpg,ddsm,train
2.0564632,0.81042117,0.76728445,2.0729532,2,malignant,Preprocessed_Dataset/cmmd/cmmd_3476.jpg,cmmd,train
0.77821547,1.3923464,1.081975,0.51177514,0,normal,Preprocessed_Dataset/ddsm/ddsm_661.jpg,ddsm,train
0.488715,1.4355636,0.1755749,1.8843912,1,benign,Preprocessed_Dataset/ddsm/ddsm_8752.jpg,ddsm,train
0.9350775,0.8870921,1.6780636,1.7934434,2,malignant,Preprocessed_Dataset/ddsm/ddsm_5996.jpg,ddsm,train
0.7978177,0.6423664,0.47475615,1.8526801,1,benign,Preprocessed_Dataset/ddsm/ddsm_9977.jpg,ddsm,train
0.622023,0.8051733,1.4893363,1.7616524,2,malignant,Preprocessed_Dataset/ddsm/ddsm_6133.jpg,ddsm,train
2.3738627,1.9165633,1.0302234,2.746694,2,malignant,Preprocessed_Dataset/cmmd/cmmd_3654.jpg,cmmd,train
1.4814677,2.5286784,0.45588344,2.040059,0,normal,Preprocessed_Dataset/ddsm/ddsm_1535.jpg,ddsm,train
0.92915964,2.2684288,0.46527976,1.9892895,1,benign,Preprocessed_Dataset/ddsm/ddsm_9443.jpg,ddsm,train
2.1793218,0.6526144,0.7733189,2.1470497,2,malignant,Preprocessed_Dataset/cmmd/cmmd_2630.jpg,cmmd,train
1.3779967,1.6034677,0.8853661,1.1756341,2,malignant,Preprocessed_Dataset/cdd-cesm/cdd-cesm_806.jpg,cdd-cesm,train
0.70867103,0.6797673,0.3700509,2.064311,0,normal,Preprocessed_Dataset/ddsm/ddsm_640.jpg,ddsm,train
2.2475643,0.8528699,0.7970441,2.206496,2,malignant,Preprocessed_Dataset/cmmd/cmmd_1851.jpg,cmmd,train
0.73412156,1.0850787,1.2442307,0.9193572,0,normal,Preprocessed_Dataset/ddsm/ddsm_52.jpg,ddsm,train
0.7257242,1.2950333,1.1152562,1.7152212,2,malignant,Preprocessed_Dataset/ddsm/ddsm_2839.jpg,ddsm,train
1.270958,2.7630842,0.6509677,1.4956795,0,normal,Preprocessed_Dataset/ddsm/ddsm_1803.jpg,ddsm,train
2.2927835,2.3171625,0.7252362,2.4017255,2,malignant,Preprocessed_Dataset/cmmd/cmmd_1562.jpg,cmmd,train
0.41512454,0.9459204,0.69656086,2.0237174,2,malignant,Preprocessed_Dataset/ddsm/ddsm_4321.jpg,ddsm,train
0.541948,0.6777001,0.3011667,2.3029099,2,malignant,Preprocessed_Dataset/ddsm/ddsm_5188.jpg,ddsm,train
2.4379969,1.9962965,1.1201861,2.2726953,2,malignant,Preprocessed_Dataset/cmmd/cmmd_850.jpg,cmmd,train
1.8919772,0.058478713,0.8579512,1.5989437,1,benign,Preprocessed_Dataset/dmid/dmid_145.jpg,dmid,train
2.3453314,0.93117523,1.1066012,2.3286,2,malignant,Preprocessed_Dataset/cmmd/cmmd_4955.jpg,cmmd,train
2.6919143,0.28347933,1.1551965,2.018955,2,malignant,Preprocessed_Dataset/cmmd/cmmd_2627.jpg,cmmd,train
1.0578262,0.74236435,0.7368397,1.6627399,0,normal,Preprocessed_Dataset/kau-bcmd/kau-bcmd_1381.jpg,kau-bcmd,test
1.6767299,1.8669996,0.50848323,2.539108,0,normal,Preprocessed_Dataset/kau-bcmd/kau-bcmd_1818.jpg,kau-bcmd,test
1.6159052,0.656964,0.8417141,2.210775,0,normal,Preprocessed_Dataset/kau-bcmd/kau-bcmd_704.jpg,kau-bcmd,test
1.3705206,0.9433999,0.8553194,2.516024,0,normal,Preprocessed_Dataset/kau-bcmd/kau-bcmd_738.jpg,kau-bcmd,test
1.6832922,2.3715036,0.523188,2.300351,0,normal,Preprocessed_Dataset/kau-bcmd/kau-bcmd_985.jpg,kau-bcmd,test
2.266092,1.4015081,0.6346938,2.5217507,0,normal,Preprocessed_Dataset/kau-bcmd/kau-bcmd_1908.jpg,kau-bcmd,test
2.0618937,1.093745,1.1905391,1.5363374,0,normal,Preprocessed_Dataset/kau-bcmd/kau-bcmd_564.jpg,kau-bcmd,test
1.8287311,1.3383831,0.9569502,2.2430155,1,benign,Preprocessed_Dataset/kau-bcmd/kau-bcmd_929.jpg,kau-bcmd,test
2.070231,0.47502148,1.2036958,1.2853744,0,normal,Preprocessed_Dataset/kau-bcmd/kau-bcmd_1713.jpg,kau-bcmd,test
1.4700422,1.9026,0.43421113,2.5240903,0,normal,Preprocessed_Dataset/kau-bcmd/kau-bcmd_2035.jpg,kau-bcmd,test
2.2723475,1.8562027,0.7630223,2.6049743,0,normal,Preprocessed_Dataset/kau-bcmd/kau-bcmd_2124.jpg,kau-bcmd,test
1.2952179,0.47777498,0.9123536,1.7704055,0,normal,Preprocessed_Dataset/kau-bcmd/kau-bcmd_1775.jpg,kau-bcmd,test
2.1380904,0.87843704,1.1478138,1.6380863,0,normal,Preprocessed_Dataset/kau-bcmd/kau-bcmd_86.jpg,kau-bcmd,test
1.90066,2.2756827,0.628151,2.3407369,0,normal,Preprocessed_Dataset/kau-bcmd/kau-bcmd_809.jpg,kau-bcmd,test
2.081896,0.83023953,1.0377448,2.0902507,0,normal,Preprocessed_Dataset/kau-bcmd/kau-bcmd_918.jpg,kau-bcmd,test
1.960749,2.1569755,0.53610456,2.4497755,0,normal,Preprocessed_Dataset/kau-bcmd/kau-bcmd_1430.jpg,kau-bcmd,test
2.1049757,1.9362396,0.59141594,2.3579254,0,normal,Preprocessed_Dataset/kau-bcmd/kau-bcmd_424.jpg,kau-bcmd,test
1.6365304,1.090024,1.4320402,1.7933341,0,normal,Preprocessed_Dataset/kau-bcmd/kau-bcmd_2171.jpg,kau-bcmd,test
1.5173668,2.3585544,0.7410499,2.128541,0,normal,Preprocessed_Dataset/kau-bcmd/kau-bcmd_2061.jpg,kau-bcmd,test
1.8789818,0.65197945,1.2078595,1.381321,0,normal,Preprocessed_Dataset/kau-bcmd/kau-bcmd_572.jpg,kau-bcmd,test
1.9342818,2.0694442,0.69304824,2.546525,0,normal,Preprocessed_Dataset/kau-bcmd/kau-bcmd_1826.jpg,kau-bcmd,test
2.32261,0.44137442,1.1782374,1.8036302,0,normal,Preprocessed_Dataset/kau-bcmd/kau-bcmd_367.jpg,kau-bcmd,test
1.9774072,1.8920323,0.8411929,2.5615046,0,normal,Preprocessed_Dataset/kau-bcmd/kau-bcmd_129.jpg,kau-bcmd,test
2.0865123,2.1499789,0.98858184,2.1162045,0,normal,Preprocessed_Dataset/kau-bcmd/kau-bcmd_1581.jpg,kau-bcmd,test
1.501959,0.45217848,0.62820685,2.0132797,0,normal,Preprocessed_Dataset/kau-bcmd/kau-bcmd_1939.jpg,kau-bcmd,test
2.0035634,0.6021729,1.4001538,1.7564958,0,normal,Preprocessed_Dataset/kau-bcmd/kau-bcmd_737.jpg,kau-bcmd,test
1.8359601,2.2558837,0.7193365,2.1609454,0,normal,Preprocessed_Dataset/kau-bcmd/kau-bcmd_298.jpg,kau-bcmd,test
2.5287871,2.2158377,1.3926845,2.2947302,0,normal,Preprocessed_Dataset/kau-bcmd/kau-bcmd_1924.jpg,kau-bcmd,test
1.8573449,2.179848,0.7051971,2.2453103,0,normal,Preprocessed_Dataset/kau-bcmd/kau-bcmd_771.jpg,kau-bcmd,test
1.980307,0.865479,0.9914851,1.9626561,0,normal,Preprocessed_Dataset/kau-bcmd/kau-bcmd_1652.jpg,kau-bcmd,test
2.3394697,2.0468488,0.9217277,2.2053332,0,normal,Preprocessed_Dataset/kau-bcmd/kau-bcmd_1030.jpg,kau-bcmd,test
1.5065957,1.5553346,1.3584194,1.832984,0,normal,Preprocessed_Dataset/kau-bcmd/kau-bcmd_1759.jpg,kau-bcmd,test
2.141429,1.8626359,0.75608194,2.2207234,0,normal,Preprocessed_Dataset/kau-bcmd/kau-bcmd_420.jpg,kau-bcmd,test
0.9036379,0.75257444,0.75756365,1.8807989,0,normal,Preprocessed_Dataset/kau-bcmd/kau-bcmd_483.jpg,kau-bcmd,test
1.4366566,0.84127355,0.7907366,2.5188208,1,benign,Preprocessed_Dataset/kau-bcmd/kau-bcmd_1077.jpg,kau-bcmd,test
2.2424855,2.365768,1.0032865,1.7744707,0,normal,Preprocessed_Dataset/kau-bcmd/kau-bcmd_1730.jpg,kau-bcmd,test
2.1132336,2.100288,0.83047223,2.2260919,0,normal,Preprocessed_Dataset/kau-bcmd/kau-bcmd_1523.jpg,kau-bcmd,test
1.6101546,0.6813681,0.82135904,1.8595603,0,normal,Preprocessed_Dataset/kau-bcmd/kau-bcmd_469.jpg,kau-bcmd,test
2.3026867,0.5231258,0.9523477,2.2426777,0,normal,Preprocessed_Dataset/kau-bcmd/kau-bcmd_2123.jpg,kau-bcmd,test
1.797818,1.1622143,0.77765644,2.6346612,0,normal,Preprocessed_Dataset/kau-bcmd/kau-bcmd_21.jpg,kau-bcmd,test
2.4094427,1.5852715,1.1661663,2.1717212,0,normal,Preprocessed_Dataset/kau-bcmd/kau-bcmd_145.jpg,kau-bcmd,test
1.1499147,2.269125,0.7977956,2.1045418,0,normal,Preprocessed_Dataset/kau-bcmd/kau-bcmd_2204.jpg,kau-bcmd,test
1.6840107,1.1428237,1.154747,2.2289128,1,benign,Preprocessed_Dataset/kau-bcmd/kau-bcmd_804.jpg,kau-bcmd,test
1.550724,1.2985755,0.45549947,2.8959756,0,normal,Preprocessed_Dataset/kau-bcmd/kau-bcmd_198.jpg,kau-bcmd,test
1.6692582,2.0070043,0.7099707,2.306832,0,normal,Preprocessed_Dataset/kau-bcmd/kau-bcmd_2039.jpg,kau-bcmd,test
2.2538285,1.509566,0.8395636,2.176801,0,normal,Preprocessed_Dataset/kau-bcmd/kau-bcmd_1609.jpg,kau-bcmd,test
2.2523837,2.2234125,0.89581275,2.443033,0,normal,Preprocessed_Dataset/kau-bcmd/kau-bcmd_166.jpg,kau-bcmd,test
1.5014179,0.83141494,0.6747056,2.5224745,0,normal,Preprocessed_Dataset/kau-bcmd/kau-bcmd_42.jpg,kau-bcmd,test
1.7076042,2.426427,0.67839956,2.0377963,0,normal,Preprocessed_Dataset/kau-bcmd/kau-bcmd_1772.jpg,kau-bcmd,test
2.275982,1.7631245,1.0117476,1.8491277,0,normal,Preprocessed_Dataset/kau-bcmd/kau-bcmd_1712.jpg,kau-bcmd,test
2.450585,0.1459564,1.3545414,1.6206341,0,normal,Preprocessed_Dataset/kau-bcmd/kau-bcmd_982.jpg,kau-bcmd,test
1.7700647,1.2042347,0.9903138,2.3315685,1,benign,Preprocessed_Dataset/kau-bcmd/kau-bcmd_596.jpg,kau-bcmd,test
2.084935,1.9906368,0.7464989,2.4408882,0,normal,Preprocessed_Dataset/kau-bcmd/kau-bcmd_2062.jpg,kau-bcmd,test
1.1976055,1.0230353,0.87356776,0.9755753,0,normal,Preprocessed_Dataset/kau-bcmd/kau-bcmd_1961.jpg,kau-bcmd,test
1.8702857,1.1609671,0.9038255,2.2302532,0,normal,Preprocessed_Dataset/kau-bcmd/kau-bcmd_593.jpg,kau-bcmd,test
1.2421199,0.99581796,0.7569531,1.8353401,0,normal,Preprocessed_Dataset/kau-bcmd/kau-bcmd_1697.jpg,kau-bcmd,test
1.6961831,1.0050424,0.8833605,2.24643,1,benign,Preprocessed_Dataset/kau-bcmd/kau-bcmd_728.jpg,kau-bcmd,test
1.1482882,0.9055392,0.7274811,2.01423,0,normal,Preprocessed_Dataset/kau-bcmd/kau-bcmd_1725.jpg,kau-bcmd,test
2.310075,2.1364353,1.1677352,1.9622798,0,normal,Preprocessed_Dataset/kau-bcmd/kau-bcmd_1509.jpg,kau-bcmd,test
1.6412146,1.1478038,0.86626166,2.1319242,0,normal,Preprocessed_Dataset/kau-bcmd/kau-bcmd_1949.jpg,kau-bcmd,test
1.9224625,0.37174952,0.9418046,2.0184836,0,normal,Preprocessed_Dataset/kau-bcmd/kau-bcmd_497.jpg,kau-bcmd,test
1.7075051,2.151925,0.89814323,2.1005113,0,normal,Preprocessed_Dataset/kau-bcmd/kau-bcmd_49.jpg,kau-bcmd,test
1.6610556,0.78943545,0.9537835,1.9337898,0,normal,Preprocessed_Dataset/kau-bcmd/kau-bcmd_1081.jpg,kau-bcmd,test
1.8437039,1.1559677,0.91783214,2.603119,1,benign,Preprocessed_Dataset/kau-bcmd/kau-bcmd_488.jpg,kau-bcmd,test
2.4336834,2.2473648,0.9827292,1.8353045,0,normal,Preprocessed_Dataset/kau-bcmd/kau-bcmd_1912.jpg,kau-bcmd,test
1.3749353,1.6135206,0.6008016,2.2410238,0,normal,Preprocessed_Dataset/kau-bcmd/kau-bcmd_2010.jpg,kau-bcmd,test
2.1355066,2.0105534,0.6912707,2.3023176,0,normal,Preprocessed_Dataset/kau-bcmd/kau-bcmd_765.jpg,kau-bcmd,test
1.2402868,0.69070625,0.58850574,2.0942206,0,normal,Preprocessed_Dataset/kau-bcmd/kau-bcmd_2036.jpg,kau-bcmd,test
1.2053972,1.3216126,0.7848962,2.2484894,1,benign,Preprocessed_Dataset/kau-bcmd/kau-bcmd_597.jpg,kau-bcmd,test
2.154506,2.198665,0.92160165,1.9760844,0,normal,Preprocessed_Dataset/kau-bcmd/kau-bcmd_1748.jpg,kau-bcmd,test
1.9941728,1.9918683,0.61147094,2.1555855,0,normal,Preprocessed_Dataset/kau-bcmd/kau-bcmd_1856.jpg,kau-bcmd,test
2.3948157,1.7870169,0.9400994,2.0844262,0,normal,Preprocessed_Dataset/kau-bcmd/kau-bcmd_1740.jpg,kau-bcmd,test
1.7097976,0.76238173,0.93465555,1.845176,0,normal,Preprocessed_Dataset/kau-bcmd/kau-bcmd_1496.jpg,kau-bcmd,test
1.3921933,0.5968358,0.9839409,1.5552671,0,normal,Preprocessed_Dataset/kau-bcmd/kau-bcmd_836.jpg,kau-bcmd,test
1.4497555,0.9731918,0.8663636,1.8997793,0,normal,Preprocessed_Dataset/kau-bcmd/kau-bcmd_986.jpg,kau-bcmd,test
1.61533,1.3237872,0.58615214,2.8304186,0,normal,Preprocessed_Dataset/kau-bcmd/kau-bcmd_591.jpg,kau-bcmd,test
1.5107834,0.6311511,0.9674706,1.7378819,0,normal,Preprocessed_Dataset/kau-bcmd/kau-bcmd_1983.jpg,kau-bcmd,test
2.1432314,0.7375692,1.0484416,1.9340646,0,normal,Preprocessed_Dataset/kau-bcmd/kau-bcmd_1075.jpg,kau-bcmd,test
1.8413256,2.1025424,0.65710306,2.0113664,0,normal,Preprocessed_Dataset/kau-bcmd/kau-bcmd_659.jpg,kau-bcmd,test
1.654708,0.8228961,0.8693769,2.2476351,1,benign,Preprocessed_Dataset/kau-bcmd/kau-bcmd_1463.jpg,kau-bcmd,test
1.4926213,2.2870388,0.80201125,1.7752279,0,normal,Preprocessed_Dataset/kau-bcmd/kau-bcmd_2154.jpg,kau-bcmd,test
2.357183,2.354298,0.922365,2.1584532,0,normal,Preprocessed_Dataset/kau-bcmd/kau-bcmd_336.jpg,kau-bcmd,test
2.0562606,0.6048673,1.1016722,1.8376503,0,normal,Preprocessed_Dataset/kau-bcmd/kau-bcmd_463.jpg,kau-bcmd,test
2.0036287,0.2503296,0.98279727,1.6349478,0,normal,Preprocessed_Dataset/kau-bcmd/kau-bcmd_1115.jpg,kau-bcmd,test
1.9522316,0.71356,1.3365133,1.0915319,0,normal,Preprocessed_Dataset/kau-bcmd/kau-bcmd_856.jpg,kau-bcmd,test
2.0545783,2.0542226,0.6402926,2.5048144,0,normal,Preprocessed_Dataset/kau-bcmd/kau-bcmd_1392.jpg,kau-bcmd,test
2.1508694,0.25469267,1.1158327,2.0032213,0,normal,Preprocessed_Dataset/kau-bcmd/kau-bcmd_1907.jpg,kau-bcmd,test
2.149435,0.6583625,1.1260428,1.5174218,0,normal,Preprocessed_Dataset/kau-bcmd/kau-bcmd_1257.jpg,kau-bcmd,test
1.7307878,2.2134948,0.6221424,2.1883967,0,normal,Preprocessed_Dataset/kau-bcmd/kau-bcmd_639.jpg,kau-bcmd,test
2.5058084,2.0423558,1.1343536,2.141016,0,normal,Preprocessed_Dataset/kau-bcmd/kau-bcmd_1790.jpg,kau-bcmd,test
2.0231175,1.3939862,0.8823357,2.211604,0,normal,Preprocessed_Dataset/kau-bcmd/kau-bcmd_2170.jpg,kau-bcmd,test
2.4385087,2.265121,1.0041308,2.0240757,0,normal,Preprocessed_Dataset/kau-bcmd/kau-bcmd_1716.jpg,kau-bcmd,test
1.9969825,0.86199695,1.0605471,2.0674825,0,normal,Preprocessed_Dataset/kau-bcmd/kau-bcmd_1361.jpg,kau-bcmd,test
2.1006339,1.0677238,1.0132782,1.9375939,0,normal,Preprocessed_Dataset/kau-bcmd/kau-bcmd_1289.jpg,kau-bcmd,test
2.0777702,0.21883512,1.0954831,1.5388712,0,normal,Preprocessed_Dataset/kau-bcmd/kau-bcmd_1099.jpg,kau-bcmd,test
1.6757392,2.2116296,0.6378378,2.24782,0,normal,Preprocessed_Dataset/kau-bcmd/kau-bcmd_531.jpg,kau-bcmd,test
1.5305449,0.83236074,0.6678064,2.5055447,0,normal,Preprocessed_Dataset/kau-bcmd/kau-bcmd_211.jpg,kau-bcmd,test
1.0169739,0.85273004,0.5614581,2.0812755,0,normal,Preprocessed_Dataset/kau-bcmd/kau-bcmd_1548.jpg,kau-bcmd,test
1.9286909,0.4730885,1.0599134,1.8256371,0,normal,Preprocessed_Dataset/kau-bcmd/kau-bcmd_1083.jpg,kau-bcmd,test
2.2935133,2.1572382,0.91470855,2.2769945,0,normal,Preprocessed_Dataset/kau-bcmd/kau-bcmd_855.jpg,kau-bcmd,test
1.5242988,2.3808002,0.64933,1.9774133,0,normal,Preprocessed_Dataset/kau-bcmd/kau-bcmd_1824.jpg,kau-bcmd,test
2.2897043,2.0127113,1.2989485,2.0954397,0,normal,Preprocessed_Dataset/kau-bcmd/kau-bcmd_1663.jpg,kau-bcmd,test
1.2014095,1.055175,0.8244822,1.5160728,0,normal,Preprocessed_Dataset/kau-bcmd/kau-bcmd_1887.jpg,kau-bcmd,test
2.2488923,1.9082146,0.99696326,2.2250366,0,normal,Preprocessed_Dataset/kau-bcmd/kau-bcmd_507.jpg,kau-bcmd,test
1.3943983,0.80464077,0.9540976,1.9325378,0,normal,Preprocessed_Dataset/kau-bcmd/kau-bcmd_1127.jpg,kau-bcmd,test
1.9838781,0.37152898,1.1521955,1.7376095,0,normal,Preprocessed_Dataset/kau-bcmd/kau-bcmd_1287.jpg,kau-bcmd,test
1.0441059,1.3756733,0.3590933,2.3654013,1,benign,Preprocessed_Dataset/kau-bcmd/kau-bcmd_529.jpg,kau-bcmd,test
1.3779246,0.74999565,0.6018952,1.9385906,0,normal,Preprocessed_Dataset/kau-bcmd/kau-bcmd_1624.jpg,kau-bcmd,test
2.1877828,1.2340288,1.3801517,2.2503994,1,benign,Preprocessed_Dataset/kau-bcmd/kau-bcmd_1338.jpg,kau-bcmd,test
2.2948132,0.18310094,0.9634727,1.6669797,0,normal,Preprocessed_Dataset/kau-bcmd/kau-bcmd_305.jpg,kau-bcmd,test
1.2654935,0.91304725,1.0529277,1.9744437,0,normal,Preprocessed_Dataset/kau-bcmd/kau-bcmd_26.jpg,kau-bcmd,test
1.0164934,0.67401105,0.6616272,1.7518297,0,normal,Preprocessed_Dataset/kau-bcmd/kau-bcmd_1743.jpg,kau-bcmd,test
1.8948882,0.44179904,1.3985367,1.2572424,0,normal,Preprocessed_Dataset/kau-bcmd/kau-bcmd_1903.jpg,kau-bcmd,test
1.6920705,1.1866144,0.71668905,2.4497147,0,normal,Preprocessed_Dataset/kau-bcmd/kau-bcmd_387.jpg,kau-bcmd,test
1.8643844,0.74359375,1.1849185,2.176009,1,benign,Preprocessed_Dataset/kau-bcmd/kau-bcmd_1621.jpg,kau-bcmd,test
1.5196856,0.99173987,0.7027843,2.5989766,0,normal,Preprocessed_Dataset/kau-bcmd/kau-bcmd_199.jpg,kau-bcmd,test
2.275704,0.8184751,1.3376415,1.6264293,0,normal,Preprocessed_Dataset/kau-bcmd/kau-bcmd_1791.jpg,kau-bcmd,test
2.1370854,2.063064,0.7714695,2.234643,0,normal,Preprocessed_Dataset/kau-bcmd/kau-bcmd_2030.jpg,kau-bcmd,test
1.9698157,2.0339332,0.92429477,1.9594978,0,normal,Preprocessed_Dataset/kau-bcmd/kau-bcmd_1144.jpg,kau-bcmd,test
1.1705475,0.5148278,1.3221871,1.6993468,0,normal,Preprocessed_Dataset/kau-bcmd/kau-bcmd_1512.jpg,kau-bcmd,test
1.3411329,1.21318,0.6852216,2.4251647,0,normal,Preprocessed_Dataset/kau-bcmd/kau-bcmd_219.jpg,kau-bcmd,test
1.6018608,0.88307905,0.9884746,2.3468647,0,normal,Preprocessed_Dataset/kau-bcmd/kau-bcmd_578.jpg,kau-bcmd,test
2.0724816,2.1124883,0.69697654,2.3954868,0,normal,Preprocessed_Dataset/kau-bcmd/kau-bcmd_2150.jpg,kau-bcmd,test
1.4150043,1.6600194,1.0290416,2.5566854,0,normal,Preprocessed_Dataset/kau-bcmd/kau-bcmd_1760.jpg,kau-bcmd,test
1.8896079,0.85523546,0.8769979,2.17844,1,benign,Preprocessed_Dataset/kau-bcmd/kau-bcmd_1326.jpg,kau-bcmd,test
1.7548386,2.3801737,0.6585769,2.1054664,0,normal,Preprocessed_Dataset/kau-bcmd/kau-bcmd_1724.jpg,kau-bcmd,test
1.9731561,1.9980099,0.7946119,2.113618,0,normal,Preprocessed_Dataset/kau-bcmd/kau-bcmd_470.jpg,kau-bcmd,test
1.4850674,2.2631023,0.44736826,2.2680025,0,normal,Preprocessed_Dataset/kau-bcmd/kau-bcmd_833.jpg,kau-bcmd,test
1.2930787,1.4494708,0.6568072,1.5924858,0,normal,Preprocessed_Dataset/kau-bcmd/kau-bcmd_1269.jpg,kau-bcmd,test
1.5853504,2.2051191,0.54626393,2.5767903,0,normal,Preprocessed_Dataset/kau-bcmd/kau-bcmd_1352.jpg,kau-bcmd,test
1.5388391,2.3568203,0.5789993,2.3859956,0,normal,Preprocessed_Dataset/kau-bcmd/kau-bcmd_109.jpg,kau-bcmd,test
2.123159,1.9819348,0.8481945,2.4267473,0,normal,Preprocessed_Dataset/kau-bcmd/kau-bcmd_414.jpg,kau-bcmd,test
1.2618134,1.1099143,0.5048411,2.0893545,0,normal,Preprocessed_Dataset/kau-bcmd/kau-bcmd_1689.jpg,kau-bcmd,test
2.1079614,0.4216758,1.2211015,1.5961914,0,normal,Preprocessed_Dataset/kau-bcmd/kau-bcmd_634.jpg,kau-bcmd,test
2.2075768,2.0556262,0.7961466,2.45787,0,normal,Preprocessed_Dataset/kau-bcmd/kau-bcmd_1176.jpg,kau-bcmd,test
1.8956382,1.284658,1.032439,2.2698836,0,normal,Preprocessed_Dataset/kau-bcmd/kau-bcmd_115.jpg,kau-bcmd,test
1.3236022,0.81640494,0.64237016,2.554206,0,normal,Preprocessed_Dataset/kau-bcmd/kau-bcmd_201.jpg,kau-bcmd,test
1.8550222,0.14908361,1.2945284,1.8029301,0,normal,Preprocessed_Dataset/kau-bcmd/kau-bcmd_1835.jpg,kau-bcmd,test
1.4413078,2.3972096,0.6099322,2.0013368,0,normal,Preprocessed_Dataset/kau-bcmd/kau-bcmd_2022.jpg,kau-bcmd,test
1.0889099,0.9214811,0.99571,1.7322122,0,normal,Preprocessed_Dataset/kau-bcmd/kau-bcmd_1779.jpg,kau-bcmd,test
1.9880153,1.9868782,0.59878004,2.2923434,0,normal,Preprocessed_Dataset/kau-bcmd/kau-bcmd_51.jpg,kau-bcmd,test
2.1433218,1.9735252,1.043496,2.297128,0,normal,Preprocessed_Dataset/kau-bcmd/kau-bcmd_1898.jpg,kau-bcmd,test
1.2074889,0.82780516,0.7849196,1.8128241,0,normal,Preprocessed_Dataset/kau-bcmd/kau-bcmd_2038.jpg,kau-bcmd,test
1.5517902,2.1946473,0.53487206,2.3715677,0,normal,Preprocessed_Dataset/kau-bcmd/kau-bcmd_815.jpg,kau-bcmd,test
1.7693465,2.12134,0.6069174,2.413336,0,normal,Preprocessed_Dataset/kau-bcmd/kau-bcmd_1683.jpg,kau-bcmd,test
1.3794994,2.4187365,0.40874892,1.914128,0,normal,Preprocessed_Dataset/kau-bcmd/kau-bcmd_875.jpg,kau-bcmd,test
2.2997508,0.4038993,1.0900078,1.4939682,0,normal,Preprocessed_Dataset/kau-bcmd/kau-bcmd_1711.jpg,kau-bcmd,test
1.9980745,0.4827342,1.0687346,1.6848502,0,normal,Preprocessed_Dataset/kau-bcmd/kau-bcmd_1769.jpg,kau-bcmd,test
1.9853953,2.1391907,0.7403388,2.6407015,0,normal,Preprocessed_Dataset/kau-bcmd/kau-bcmd_274.jpg,kau-bcmd,test
1.7671992,0.94041085,1.0916152,2.519482,1,benign,Preprocessed_Dataset/kau-bcmd/kau-bcmd_55.jpg,kau-bcmd,test
2.0021446,0.7420182,1.1640582,2.3227854,1,benign,Preprocessed_Dataset/kau-bcmd/kau-bcmd_1307.jpg,kau-bcmd,test
1.9200727,0.94028705,1.0501007,2.4135249,1,benign,Preprocessed_Dataset/kau-bcmd/kau-bcmd_588.jpg,kau-bcmd,test
1.9756565,2.0265467,0.5590834,2.44866,0,normal,Preprocessed_Dataset/kau-bcmd/kau-bcmd_769.jpg,kau-bcmd,test
1.625372,1.0744123,1.1568499,1.2647521,0,normal,Preprocessed_Dataset/kau-bcmd/kau-bcmd_1530.jpg,kau-bcmd,test
1.4882379,1.3336501,0.5050441,2.7371316,0,normal,Preprocessed_Dataset/kau-bcmd/kau-bcmd_210.jpg,kau-bcmd,test
1.8855245,1.4217787,1.1338724,1.7935557,1,benign,Preprocessed_Dataset/kau-bcmd/kau-bcmd_598.jpg,kau-bcmd,test
1.8762115,0.7644319,0.9351294,2.4396996,0,normal,Preprocessed_Dataset/kau-bcmd/kau-bcmd_1143.jpg,kau-bcmd,test
2.0975504,2.1262558,0.8411479,2.2810075,0,normal,Preprocessed_Dataset/kau-bcmd/kau-bcmd_1226.jpg,kau-bcmd,test
1.6749305,0.82359713,1.0136207,2.454829,1,benign,Preprocessed_Dataset/kau-bcmd/kau-bcmd_906.jpg,kau-bcmd,test
1.6027391,0.9459121,0.95792454,2.23878,1,benign,Preprocessed_Dataset/kau-bcmd/kau-bcmd_80.jpg,kau-bcmd,test
1.023222,0.9477845,0.3166914,1.9974558,0,normal,Preprocessed_Dataset/kau-bcmd/kau-bcmd_722.jpg,kau-bcmd,test
1.6945521,0.8781725,0.68566805,2.5313907,1,benign,Preprocessed_Dataset/kau-bcmd/kau-bcmd_287.jpg,kau-bcmd,test
2.0537593,1.7123371,0.7475404,2.214073,0,normal,Preprocessed_Dataset/kau-bcmd/kau-bcmd_1884.jpg,kau-bcmd,test
1.4729071,1.7200086,0.6652458,2.6242523,0,normal,Preprocessed_Dataset/kau-bcmd/kau-bcmd_1138.jpg,kau-bcmd,test
2.3648612,0.6669528,1.1275393,2.0559855,0,normal,Preprocessed_Dataset/kau-bcmd/kau-bcmd_275.jpg,kau-bcmd,test
1.6200334,0.8710142,0.9035947,1.6326026,0,normal,Preprocessed_Dataset/kau-bcmd/kau-bcmd_2161.jpg,kau-bcmd,test
1.6983508,2.0063682,0.48089427,2.1831927,0,normal,Preprocessed_Dataset/kau-bcmd/kau-bcmd_466.jpg,kau-bcmd,test
1.72421,0.8638844,0.9182102,2.289358,1,benign,Preprocessed_Dataset/kau-bcmd/kau-bcmd_886.jpg,kau-bcmd,test
2.1858954,0.16468811,1.3102261,1.4763352,0,normal,Preprocessed_Dataset/kau-bcmd/kau-bcmd_323.jpg,kau-bcmd,test
1.4775858,0.68370765,0.78517854,1.9262735,0,normal,Preprocessed_Dataset/kau-bcmd/kau-bcmd_866.jpg,kau-bcmd,test
2.1971502,1.6719612,0.7847254,2.2908661,0,normal,Preprocessed_Dataset/kau-bcmd/kau-bcmd_408.jpg,kau-bcmd,test
2.1528199,2.2626667,1.3861939,2.378867,0,normal,Preprocessed_Dataset/kau-bcmd/kau-bcmd_1728.jpg,kau-bcmd,test
1.9474063,0.13431144,1.2867513,1.4322453,0,normal,Preprocessed_Dataset/kau-bcmd/kau-bcmd_130.jpg,kau-bcmd,test
1.3752671,0.9065289,0.97214276,2.1602676,1,benign,Preprocessed_Dataset/kau-bcmd/kau-bcmd_1311.jpg,kau-bcmd,test
1.0055798,1.0615654,0.65256023,2.1045156,1,benign,Preprocessed_Dataset/kau-bcmd/kau-bcmd_84.jpg,kau-bcmd,test
1.7320644,0.6357501,0.80360895,2.3130746,0,normal,Preprocessed_Dataset/kau-bcmd/kau-bcmd_256.jpg,kau-bcmd,test
1.8512418,0.5254476,0.91040206,2.1991837,0,normal,Preprocessed_Dataset/kau-bcmd/kau-bcmd_341.jpg,kau-bcmd,test
1.8366255,0.92780817,0.96056724,1.9302051,0,normal,Preprocessed_Dataset/kau-bcmd/kau-bcmd_98.jpg,kau-bcmd,test
1.1900035,0.762748,0.5419784,1.92961,0,normal,Preprocessed_Dataset/kau-bcmd/kau-bcmd_956.jpg,kau-bcmd,test
2.1365929,2.3229413,0.7876663,2.2493577,0,normal,Preprocessed_Dataset/kau-bcmd/kau-bcmd_2057.jpg,kau-bcmd,test
1.5610112,0.53060234,0.7892569,2.0297525,0,normal,Preprocessed_Dataset/kau-bcmd/kau-bcmd_1023.jpg,kau-bcmd,test
1.4789834,1.8295949,0.48915866,2.2316098,0,normal,Preprocessed_Dataset/kau-bcmd/kau-bcmd_268.jpg,kau-bcmd,test
1.7108946,2.0340111,0.41182435,2.670767,0,normal,Preprocessed_Dataset/kau-bcmd/kau-bcmd_607.jpg,kau-bcmd,test
1.5510588,1.9996165,0.7930134,2.202768,0,normal,Preprocessed_Dataset/kau-bcmd/kau-bcmd_225.jpg,kau-bcmd,test
1.1753999,2.1407938,0.28533465,2.3090584,2,malignant,Preprocessed_Dataset/kau-bcmd/kau-bcmd_819.jpg,kau-bcmd,test
1.5957783,0.30570555,1.0652765,1.8453383,0,normal,Preprocessed_Dataset/kau-bcmd/kau-bcmd_1995.jpg,kau-bcmd,test
1.6175528,0.96147835,0.8833889,2.3156753,0,normal,Preprocessed_Dataset/kau-bcmd/kau-bcmd_511.jpg,kau-bcmd,test
2.3892238,2.4776802,1.2300649,1.8215765,0,normal,Preprocessed_Dataset/kau-bcmd/kau-bcmd_627.jpg,kau-bcmd,test
2.4961479,0.54489666,1.2144375,1.9168814,0,normal,Preprocessed_Dataset/kau-bcmd/kau-bcmd_2013.jpg,kau-bcmd,test
1.6039367,2.2849681,0.6491102,2.2497284,0,normal,Preprocessed_Dataset/kau-bcmd/kau-bcmd_2166.jpg,kau-bcmd,test
1.6692529,0.82351273,0.7326245,2.3062234,0,normal,Preprocessed_Dataset/kau-bcmd/kau-bcmd_30.jpg,kau-bcmd,test
1.6804812,0.9299943,0.8440556,2.5432749,0,normal,Preprocessed_Dataset/kau-bcmd/kau-bcmd_22.jpg,kau-bcmd,test
1.8864002,0.3535087,0.99459094,1.9194076,0,normal,Preprocessed_Dataset/kau-bcmd/kau-bcmd_1217.jpg,kau-bcmd,test
2.0555582,0.20749283,1.3315649,1.2606289,0,normal,Preprocessed_Dataset/kau-bcmd/kau-bcmd_1379.jpg,kau-bcmd,test
2.2587366,1.996021,0.8336291,2.3545513,0,normal,Preprocessed_Dataset/kau-bcmd/kau-bcmd_1858.jpg,kau-bcmd,test
1.6289792,1.1009423,0.78956896,2.6685445,1,benign,Preprocessed_Dataset/kau-bcmd/kau-bcmd_935.jpg,kau-bcmd,test
1.8084497,2.0258367,0.6712541,2.4013097,0,normal,Preprocessed_Dataset/kau-bcmd/kau-bcmd_977.jpg,kau-bcmd,test
1.7559335,0.8510585,0.92409873,2.4681087,0,normal,Preprocessed_Dataset/kau-bcmd/kau-bcmd_48.jpg,kau-bcmd,test
2.2311988,2.09984,0.8601744,2.189334,0,normal,Preprocessed_Dataset/kau-bcmd/kau-bcmd_1218.jpg,kau-bcmd,test
2.2503667,2.4368215,0.9927209,2.0859,0,normal,Preprocessed_Dataset/kau-bcmd/kau-bcmd_1926.jpg,kau-bcmd,test
1.7076752,0.6923265,0.88061273,1.8943843,0,normal,Preprocessed_Dataset/kau-bcmd/kau-bcmd_1580.jpg,kau-bcmd,test
1.8769866,1.4121082,0.66532046,2.6778293,1,benign,Preprocessed_Dataset/kau-bcmd/kau-bcmd_691.jpg,kau-bcmd,test
1.1858404,2.370937,0.9270509,1.8250763,0,normal,Preprocessed_Dataset/kau-bcmd/kau-bcmd_484.jpg,kau-bcmd,test
