pc1,pc2,pc3,pc4,label,label_name,filename,source_dataset,split
2.5246534,0.08088267,1.3694866,1.7668924,0,normal,Preprocessed_Dataset/kau-bcmd/kau-bcmd_982.jpg,kau-bcmd,train
1.6799197,2.3097234,0.42881137,2.5062516,0,normal,Preprocessed_Dataset/kau-bcmd/kau-bcmd_815.jpg,kau-bcmd,train
0.65870905,2.02965,0.5401427,1.8941461,0,normal,Preprocessed_Dataset/ddsm/ddsm_487.jpg,ddsm,train
1.741161,1.743544,0.41703945,2.3350441,0,normal,Preprocessed_Dataset/inbreast/inbreast_393.jpg,inbreast,train
0.0,1.1442498,1.0699078,1.324474,2,malignant,Preprocessed_Dataset/ddsm/ddsm_4056.jpg,ddsm,train
0.76140827,1.1460145,0.42132705,1.9027374,1,benign,Preprocessed_Dataset/ddsm/ddsm_7181.jpg,ddsm,train
0.83632684,2.546135,0.5074624,2.0687387,2,malignant,Preprocessed_Dataset/ddsm/ddsm_3343.jpg,ddsm,train
2.4844365,0.47497106,0.9822443,2.4201365,2,malignant,Preprocessed_Dataset/cmmd/cmmd_1846.jpg,cmmd,train
0.8310837,2.451841,1.7084386,2.1870804,1,benign,Preprocessed_Dataset/ddsm/ddsm_7991.jpg,ddsm,train
2.4160004,0.5165193,1.0923834,2.0339072,2,malignant,Preprocessed_Dataset/cmmd/cmmd_3000.jpg,cmmd,train
0.6195038,2.0946574,1.5320663,3.1345427,1,benign,Preprocessed_Dataset/ddsm/ddsm_9126.jpg,ddsm,train
1.6042374,1.3748087,0.3806513,2.9740808,0,normal,Preprocessed_Dataset/kau-bcmd/kau-bcmd_210.jpg,kau-bcmd,train
0.75623155,1.6878633,0.31514883,1.5931236,0,normal,Preprocessed_Dataset/ddsm/ddsm_2121.jpg,ddsm,train
0.7383207,1.1794299,0.7100637,2.371805,0,normal,Preprocessed_Dataset/ddsm/ddsm_38.jpg,ddsm,train
0.6829493,2.185049,0.38720936,2.1190052,0,normal,Preprocessed_Dataset/ddsm/ddsm_1251.jpg,ddsm,train
1.7457998,1.3631023,0.44738615,3.1415927,0,normal,Preprocessed_Dataset/kau-bcmd/kau-bcmd_591.jpg,kau-bcmd,train
1.0040519,1.8756918,0.49556568,1.7187362,1,benign,Preprocessed_Dataset/ddsm/ddsm_7369.jpg,ddsm,train
2.0170097,2.5809412,0.9873172,1.3191919,0,normal,Preprocessed_Dataset/cdd-cesm/cdd-cesm_157.jpg,cdd-cesm,train
2.0933433,2.9111738,1.3744332,1.3069856,1,benign,Preprocessed_Dataset/cdd-cesm/cdd-cesm_7.jpg,cdd-cesm,train
1.6101092,1.4568905,1.7237995,0.7235993,2,malignant,Preprocessed_Dataset/cdd-cesm/cdd-cesm_300.jpg,cdd-cesm,train
0.31473768,1.0507805,2.1096637,2.9845076,1,benign,Preprocessed_Dataset/ddsm/ddsm_8817.jpg,ddsm,train
0.51497364,1.7242837,1.7177813,3.0262055,1,benign,Preprocessed_Dataset/ddsm/ddsm_6571.jpg,ddsm,train
2.3775282,0.5490507,1.1437548,2.390113,1,benign,Preprocessed_Dataset/cmmd/cmmd_2411.jpg,cmmd,train
0.65970397,1.7944369,0.9838449,0.6011125,0,normal,Preprocessed_Dataset/ddsm/ddsm_660.jpg,ddsm,train
0.61418176,1.9801071,1.1783524,3.052914,1,benign,Preprocessed_Dataset/ddsm/ddsm_6770.jpg,ddsm,train
0.6965727,1.4093529,1.7513806,2.0820017,1,benign,Preprocessed_Dataset/ddsm/ddsm_8921.jpg,ddsm,train
0.53294426,2.6585536,1.8637433,2.9435163,1,benign,Preprocessed_Dataset/ddsm/ddsm_9330.jpg,ddsm,train
0.3376633,1.5823941,2.020006,2.8242705,1,benign,Preprocessed_Dataset/ddsm/ddsm_8646.jpg,ddsm,train
2.6559813,2.1332965,1.6537814,2.080771,2,malignant,Preprocessed_Dataset/cmmd/cmmd_741.jpg,cmmd,train
0.4353459,1.7318165,2.3247833,2.9998841,1,benign,Preprocessed_Dataset/ddsm/ddsm_6501.jpg,ddsm,train
2.4249706,1.9838741,0.9909117,2.5523922,1,benign,Preprocessed_Dataset/cmmd/cmmd_358.jpg,cmmd,train
1.9584548,2.260619,0.584013,2.0884514,0,normal,Preprocessed_Dataset/kau-bcmd/kau-bcmd_659.jpg,kau-bcmd,train
0.8945892,2.1556587,1.8355939,2.1250923,2,malignant,Preprocessed_Dataset/ddsm/ddsm_5174.jpg,ddsm,train
2.5857787,1.0661637,1.0869538,2.1849368,2,malignant,Preprocessed_Dataset/cmmd/cmmd_2486.jpg,cmmd,train
0.87105334,1.1959493,1.34397,1.8433414,2,malignant,Preprocessed_Dataset/ddsm/ddsm_4917.jpg,ddsm,train
2.4015508,2.0299037,1.3310108,1.9638572,2,malignant,Preprocessed_Dataset/cmmd/cmmd_3828.jpg,cmmd,train
0.59123254,0.9078771,1.2763216,2.2693157,2,malignant,Preprocessed_Dataset/ddsm/ddsm_5885.jpg,ddsm,train
0.7894286,1.1834164,0.49266213,1.8549649,0,normal,Preprocessed_Dataset/ddsm/ddsm_2309.jpg,ddsm,train
0.71202934,1.9829382,0.4036954,1.8605711,1,benign,Preprocessed_Dataset/ddsm/ddsm_8627.jpg,ddsm,train
0.77386504,0.9147262,0.44069314,2.1340256,0,normal,Preprocessed_Dataset/ddsm/ddsm_2289.jpg,ddsm,train
1.072693,1.9808061,0.66969484,2.5207136,1,benign,Preprocessed_Dataset/ddsm/ddsm_7726.jpg,ddsm,train
0.4934044,1.6129119,2.116928,2.3567631,2,malignant,Preprocessed_Dataset/ddsm/ddsm_3501.jpg,ddsm,train
1.5826201,2.3287008,1.073017,1.2403622,0,normal,Preprocessed_Dataset/ddsm/ddsm_803.jpg,ddsm,train
1.7251754,1.2172365,0.8161701,2.152345,0,normal,Preprocessed_Dataset/kau-bcmd/kau-bcmd_1949.jpg,kau-bcmd,train
0.6446982,2.4527416,1.3866471,1.7100519,2,malignant,Preprocessed_Dataset/ddsm/ddsm_4711.jpg,ddsm,train
0.597439,1.9213791,0.41817915,2.0059955,0,normal,Preprocessed_Dataset/ddsm/ddsm_395.jpg,ddsm,train
1.482594,1.7024934,0.49818763,2.3961108,0,normal,Preprocessed_Dataset/kau-bcmd/kau-bcmd_2010.jpg,kau-bcmd,train
2.0782275,0.17131174,0.68940884,2.2234168,2,malignant,Preprocessed_Dataset/cmmd/cmmd_3161.jpg,cmmd,train
0.77392954,0.91632843,0.3976162,1.6270826,1,benign,Preprocessed_Dataset/ddsm/ddsm_9800.jpg,ddsm,train
2.5701308,1.6754544,0.7460249,2.2260466,2,malignant,Preprocessed_Dataset/cmmd/cmmd_1641.jpg,cmmd,train
1.2037536,1.9652789,0.8417015,1.2180276,1,benign,Preprocessed_Dataset/cdd-cesm/cdd-cesm_927.jpg,cdd-cesm,train
2.471812,0.7725468,0.8881527,2.6448889,1,benign,Preprocessed_Dataset/cmmd/cmmd_2289.jpg,cmmd,train
0.5125281,1.0746398,0.5636358,1.5373017,0,normal,Preprocessed_Dataset/ddsm/ddsm_2233.jpg,ddsm,train
2.4420915,2.3457341,0.7207266,2.5296865,2,malignant,Preprocessed_Dataset/cmmd/cmmd_3948.jpg,cmmd,train
1.577937,1.8668048,0.25879383,2.9593382,1,benign,Preprocessed_Dataset/inbreast/inbreast_395.jpg,inbreast,train
0.38626683,1.6932521,2.891665,2.2278078,1,benign,Preprocessed_Dataset/ddsm/ddsm_9882.jpg,ddsm,train
0.7851602,0.8151812,0.6338145,1.5074341,0,normal,Preprocessed_Dataset/ddsm/ddsm_309.jpg,ddsm,train
1.2105495,1.3894107,0.6847255,1.6464669,0,normal,Preprocessed_Dataset/ddsm/ddsm_1825.jpg,ddsm,train
1.2518361,2.684909,0.53492737,1.848515,0,normal,Preprocessed_Dataset/ddsm/ddsm_1775.jpg,ddsm,train
2.5252776,0.48796046,1.0669633,1.973044,2,malignant,Preprocessed_Dataset/cmmd/cmmd_2753.jpg,cmmd,train
2.3584466,0.794851,1.3682522,1.730948,0,normal,Preprocessed_Dataset/kau-bcmd/kau-bcmd_1791.jpg,kau-bcmd,train
1.7378721,0.64294094,0.7358818,2.3783836,0,normal,Preprocessed_Dataset/kau-bcmd/kau-bcmd_704.jpg,kau-bcmd,train
0.39581835,0.955964,2.741134,1.636627,2,malignant,Preprocessed_Dataset/ddsm/ddsm_4633.jpg,ddsm,train
1.1301961,1.3678896,0.25859725,2.7049136,1,benign,Preprocessed_Dataset/kau-bcmd/kau-bcmd_529.jpg,kau-bcmd,train
0.94304824,1.7231988,0.3018347,2.620285,1,benign,Preprocessed_Dataset/inbreast/inbreast_73.jpg,inbreast,train
2.167113,1.9336373,0.77101874,2.7190678,1,benign,Preprocessed_Dataset/dmid/dmid_459.jpg,dmid,train
1.0541335,1.059556,0.39885306,2.0888505,0,normal,Preprocessed_Dataset/ddsm/ddsm_1944.jpg,ddsm,train
2.598104,2.1898422,1.1566651,2.1764386,0,normal,Preprocessed_Dataset/kau-bcmd/kau-bcmd_1790.jpg,kau-bcmd,train
0.94395876,0.9093924,1.7007596,1.93463,2,malignant,Preprocessed_Dataset/ddsm/ddsm_5996.jpg,ddsm,train
2.327114,0.81688386,0.7245806,2.646492,2,malignant,Preprocessed_Dataset/cmmd/cmmd_5186.jpg,cmmd,train
0.41318154,1.3730679,1.5530902,2.834709,2,malignant,Preprocessed_Dataset/ddsm/ddsm_2897.jpg,ddsm,train
2.4910226,0.47461474,1.1678123,2.0635693,1,benign,Preprocessed_Dataset/cmmd/cmmd_4378.jpg,cmmd,train
2.552898,1.880255,0.9037523,2.2114842,2,malignant,Preprocessed_Dataset/cmmd/cmmd_4033.jpg,cmmd,train
0.8077377,2.3747547,0.24579251,2.5489087,2,malignant,Preprocessed_Dataset/ddsm/ddsm_5834.jpg,ddsm,train
2.085589,2.1151671,0.8655987,2.1165974,0,normal,Preprocessed_Dataset/kau-bcmd/kau-bcmd_1144.jpg,kau-bcmd,train
1.0517471,2.4465415,1.5985322,2.5217829,1,benign,Preprocessed_Dataset/ddsm/ddsm_10099.jpg,ddsm,train
2.2866383,1.2450378,1.3295128,2.7511582,1,benign,Preprocessed_Dataset/kau-bcmd/kau-bcmd_1338.jpg,kau-bcmd,train
2.1447647,1.53954,0.8555327,2.2975855,0,normal,Preprocessed_Dataset/kau-bcmd/kau-bcmd_2170.jpg,kau-bcmd,train
2.7307053,1.8831635,0.870128,2.4577882,2,malignant,Preprocessed_Dataset/cmmd/cmmd_57.jpg,cmmd,train
0.5420843,1.0204126,1.1658976,2.4985209,1,benign,Preprocessed_Dataset/ddsm/ddsm_8253.jpg,ddsm,train
0.5790065,2.4260736,0.37186825,1.9999607,0,normal,Preprocessed_Dataset/ddsm/ddsm_670.jpg,ddsm,train
0.38984048,1.3953499,0.78749394,1.3324609,0,normal,Preprocessed_Dataset/ddsm/ddsm_1888.jpg,ddsm,train
1.0281818,1.4019573,0.26778823,2.1711926,0,normal,Preprocessed_Dataset/ddsm/ddsm_2625.jpg,ddsm,train
2.9422958,0.49678147,1.3464926,1.7831858,2,malignant,Preprocessed_Dataset/cmmd/cmmd_3314.jpg,cmmd,train
2.7240515,2.9007945,1.5978633,1.0303525,2,malignant,Preprocessed_Dataset/cdd-cesm/cdd-cesm_1001.jpg,cdd-cesm,train
0.53086865,0.8972554,0.40865833,1.7152606,0,normal,Preprocessed_Dataset/ddsm/ddsm_2356.jpg,ddsm,train
0.48986667,0.72978497,1.729526,2.06997,1,benign,Preprocessed_Dataset/ddsm/ddsm_7208.jpg,ddsm,train
0.4118955,1.0882165,1.3097609,2.2535627,1,benign,Preprocessed_Dataset/ddsm/ddsm_7745.jpg,ddsm,train
2.386895,2.363612,0.668063,2.4530396,2,malignant,Preprocessed_Dataset/cmmd/cmmd_3937.jpg,cmmd,train
2.1155455,2.5078552,1.345356,1.0162677,1,benign,Preprocessed_Dataset/cdd-cesm/cdd-cesm_189.jpg,cdd-cesm,train
0.38621223,1.8252895,1.8545532,1.3210467,2,malignant,Preprocessed_Dataset/ddsm/ddsm_3306.jpg,ddsm,train
0.5411848,1.7458284,0.77828896,1.5634077,0,normal,Preprocessed_Dataset/ddsm/ddsm_2514.jpg,ddsm,train
0.83294183,1.6812894,0.6403173,1.7023982,0,normal,Preprocessed_Dataset/ddsm/ddsm_1866.jpg,ddsm,train
1.1305975,0.69919986,0.6844528,1.7513328,0,normal,Preprocessed_Dataset/kau-bcmd/kau-bcmd_1381.jpg,kau-bcmd,train
2.5918565,2.1171014,0.9242569,2.1455004,2,malignant,Preprocessed_Dataset/cmmd/cmmd_292.jpg,cmmd,train
1.27131,2.3106833,1.4198447,2.0222044,1,benign,Preprocessed_Dataset/ddsm/ddsm_9547.jpg,ddsm,train
2.298717,0.7406929,0.81885344,2.6422763,2,malignant,Preprocessed_Dataset/cmmd/cmmd_4976.jpg,cmmd,train
2.8024302,1.8931156,0.90110457,2.1986146,2,malignant,Preprocessed_Dataset/cmmd/cmmd_1721.jpg,cmmd,train
1.4645703,0.5291108,0.5426502,2.0630152,0,normal,Preprocessed_Dataset/dmid/dmid_237.jpg,dmid,train
0.72116315,1.5532005,0.5399627,1.9253658,2,malignant,Preprocessed_Dataset/ddsm/ddsm_3576.jpg,ddsm,train
2.3753083,3.141593,1.4729925,1.1127456,1,benign,Preprocessed_Dataset/cdd-cesm/cdd-cesm_999.jpg,cdd-cesm,train
0.5275316,1.8226234,0.38975924,2.1490815,2,malignant,Preprocessed_Dataset/ddsm/ddsm_4995.jpg,ddsm,train
1.7252167,1.9738574,0.9117969,1.3053508,0,normal,Preprocessed_Dataset/cdd-cesm/cdd-cesm_827.jpg,cdd-cesm,train
2.5478585,2.161782,0.7463989,2.3973818,2,malignant,Preprocessed_Dataset/cmmd/cmmd_3783.jpg,cmmd,train
2.9538555,2.2645535,1.4275062,2.1835847,2,malignant,Preprocessed_Dataset/cmmd/cmmd_1460.jpg,cmmd,train
0.17023683,1.0298539,0.68744373,1.1573744,2,malignant,Preprocessed_Dataset/ddsm/ddsm_4968.jpg,ddsm,train
0.70623827,1.8940232,1.8863345,2.8791966,2,malignant,Preprocessed_Dataset/ddsm/ddsm_5723.jpg,ddsm,train
0.2550906,1.3144841,1.4971981,2.1129696,1,benign,Preprocessed_Dataset/ddsm/ddsm_7736.jpg,ddsm,train
1.1466014,2.0001862,0.4369554,1.9033988,0,normal,Preprocessed_Dataset/ddsm/ddsm_1999.jpg,ddsm,train
2.7860298,2.1252127,1.0336338,2.253259,2,malignant,Preprocessed_Dataset/cmmd/cmmd_1106.jpg,cmmd,train
2.473268,1.6615422,1.4843645,1.8547062,2,malignant,Preprocessed_Dataset/cmmd/cmmd_4482.jpg,cmmd,train
0.5901552,1.7402542,1.1998644,1.9623584,1,benign,Preprocessed_Dataset/ddsm/ddsm_9845.jpg,ddsm,train
2.6314445,1.9076462,0.82316864,2.1585655,2,malignant,Preprocessed_Dataset/cmmd/cmmd_4018.jpg,cmmd,train
0.6702984,0.71812296,0.43320054,1.9954555,0,normal,Preprocessed_Dataset/ddsm/ddsm_1240.jpg,ddsm,train
2.2113488,0.89649963,1.1934314,1.6590116,0,normal,Preprocessed_Dataset/kau-bcmd/kau-bcmd_86.jpg,kau-bcmd,train
2.5995934,0.8285057,1.1054201,2.0162802,2,malignant,Preprocessed_Dataset/cmmd/cmmd_3154.jpg,cmmd,train
1.6012192,0.6575393,0.9111611,1.8823596,0,normal,Preprocessed_Dataset/kau-bcmd/kau-bcmd_1983.jpg,kau-bcmd,train
2.1053643,0.51404023,1.0273322,1.817633,0,normal,Preprocessed_Dataset/kau-bcmd/kau-bcmd_1769.jpg,kau-bcmd,train
1.8554506,1.325884,0.9822568,1.5055633,0,normal,Preprocessed_Dataset/dmid/dmid_156.jpg,dmid,train
0.4899683,0.9884464,2.0070715,2.2712772,1,benign,Preprocessed_Dataset/ddsm/ddsm_7053.jpg,ddsm,train
1.5744041,0.80683273,0.919513,1.3020629,0,normal,Preprocessed_Dataset/cdd-cesm/cdd-cesm_604.jpg,cdd-cesm,train
1.1931193,2.1786058,0.5844544,1.4775925,0,normal,Preprocessed_Dataset/ddsm/ddsm_1643.jpg,ddsm,train
0.31445038,1.2024027,0.65978634,1.6466638,0,normal,Preprocessed_Dataset/ddsm/ddsm_2748.jpg,ddsm,train
2.330311,2.6579618,1.2841974,1.2696116,2,malignant,Preprocessed_Dataset/cdd-cesm/cdd-cesm_406.jpg,cdd-cesm,train
2.359756,0.40764832,1.1565,1.5297588,0,normal,Preprocessed_Dataset/kau-bcmd/kau-bcmd_1711.jpg,kau-bcmd,train
2.019678,1.2899495,0.9467506,2.7545052,0,normal,Preprocessed_Dataset/kau-bcmd/kau-bcmd_115.jpg,kau-bcmd,train
0.40489298,2.5904002,1.1910758,1.6608318,1,benign,Preprocessed_Dataset/ddsm/ddsm_10359.jpg,ddsm,train
0.87577885,0.4088403,1.6946402,1.9390912,2,malignant,Preprocessed_Dataset/ddsm/ddsm_3088.jpg,ddsm,train
2.534021,1.8635669,1.0643458,2.1634345,2,malignant,Preprocessed_Dataset/cmmd/cmmd_3883.jpg,cmmd,train
2.670351,1.8823766,1.1006935,2.1877058,2,malignant,Preprocessed_Dataset/cmmd/cmmd_1019.jpg,cmmd,train
2.0861778,2.2008727,0.5007796,2.4918897,0,normal,Preprocessed_Dataset/kau-bcmd/kau-bcmd_769.jpg,kau-bcmd,train
1.595362,1.8277141,1.0352949,1.0294511,1,benign,Preprocessed_Dataset/dmid/dmid_47.jpg,dmid,train
3.0691757,2.144261,1.3232757,1.924591,2,malignant,Preprocessed_Dataset/cmmd/cmmd_1159.jpg,cmmd,train
1.3777404,2.1369843,0.80954623,1.5459677,1,benign,Preprocessed_Dataset/ddsm/ddsm_7583.jpg,ddsm,train
2.0357676,0.9412242,2.0168405,0.39980173,2,malignant,Preprocessed_Dataset/cdd-cesm/cdd-cesm_627.jpg,cdd-cesm,train
1.7051249,0.9584425,1.3880491,0.89349866,0,normal,Preprocessed_Dataset/cdd-cesm/cdd-cesm_911.jpg,cdd-cesm,train
0.46508592,1.4808288,2.2076406,2.1286476,2,malignant,Preprocessed_Dataset/ddsm/ddsm_4424.jpg,ddsm,train
0.8831301,1.1192355,0.21522176,1.9971706,2,malignant,Preprocessed_Dataset/ddsm/ddsm_4653.jpg,ddsm,train
2.1952376,0.64347637,0.76991355,2.5926816,2,malignant,Preprocessed_Dataset/cmmd/cmmd_5050.jpg,cmmd,train
2.7835686,2.2741609,1.1538852,1.8738502,2,malignant,Preprocessed_Dataset/cmmd/cmmd_1712.jpg,cmmd,train
2.6705613,1.877473,0.9220739,2.0147054,1,benign,Preprocessed_Dataset/cmmd/cmmd_3608.jpg,cmmd,train
1.225199,1.4910697,0.74560726,1.6824622,1,benign,Preprocessed_Dataset/ddsm/ddsm_9669.jpg,ddsm,train
2.7391124,2.2321,1.2535703,2.065915,2,malignant,Preprocessed_Dataset/cmmd/cmmd_251.jpg,cmmd,train
1.0824099,1.4312656,0.29591846,1.8795097,1,benign,Preprocessed_Dataset/ddsm/ddsm_9937.jpg,ddsm,train
0.6942117,0.9568357,0.944633,1.1632773,0,normal,Preprocessed_Dataset/ddsm/ddsm_148.jpg,ddsm,train
0.4613201,0.9602661,2.2703924,1.3073308,2,malignant,Preprocessed_Dataset/ddsm/ddsm_3804.jpg,ddsm,train
2.6106436,1.6692479,1.2001283,2.2890162,2,malignant,Preprocessed_Dataset/cmmd/cmmd_98.jpg,cmmd,train
0.5856634,0.91779387,0.337362,1.9509813,0,normal,Preprocessed_Dataset/ddsm/ddsm_2288.jpg,ddsm,train
2.4285965,2.2792938,0.8431204,2.2414083,2,malignant,Preprocessed_Dataset/cmmd/cmmd_1483.jpg,cmmd,train
2.239964,0.5680338,0.75121146,2.1067212,2,malignant,Preprocessed_Dataset/cmmd/cmmd_4745.jpg,cmmd,train
2.4327188,0.6354099,0.8590064,2.4574342,1,benign,Preprocessed_Dataset/cmmd/cmmd_2291.jpg,cmmd,train
0.56213117,2.071507,0.71444917,1.4915432,2,malignant,Preprocessed_Dataset/ddsm/ddsm_3954.jpg,ddsm,train
1.4007969,2.4281974,0.44160497,1.888502,0,normal,Preprocessed_Dataset/ddsm/ddsm_523.jpg,ddsm,train
2.5783143,1.749204,0.70804167,2.2986963,2,malignant,Preprocessed_Dataset/cmmd/cmmd_4365.jpg,cmmd,train
1.0552282,0.51720417,1.1256411,1.4324131,2,malignant,Preprocessed_Dataset/ddsm/ddsm_4952.jpg,ddsm,train
0.3914318,1.4437332,0.319641,1.6173009,1,benign,Preprocessed_Dataset/ddsm/ddsm_10237.jpg,ddsm,train
2.1871388,2.24031,0.5750159,2.5204337,0,normal,Preprocessed_Dataset/kau-bcmd/kau-bcmd_1392.jpg,kau-bcmd,train
0.7367791,1.7789793,0.10046852,2.6821456,0,normal,Preprocessed_Dataset/ddsm/ddsm_1579.jpg,ddsm,train
0.8709229,1.8893363,0.66345996,1.6419245,1,benign,Preprocessed_Dataset/ddsm/ddsm_7166.jpg,ddsm,train
2.1503386,2.6288204,0.6419606,2.1444843,2,malignant,Preprocessed_Dataset/cmmd/cmmd_911.jpg,cmmd,train
1.878839,2.715028,1.2892467,1.557381,2,malignant,Preprocessed_Dataset/cdd-cesm/cdd-cesm_569.jpg,cdd-cesm,train
1.3156376,2.5599053,0.8692033,2.5589557,1,benign,Preprocessed_Dataset/inbreast/inbreast_149.jpg,inbreast,train
0.43358886,0.86454225,1.2652481,2.320221,1,benign,Preprocessed_Dataset/ddsm/ddsm_7640.jpg,ddsm,train
0.5104853,1.4922417,0.20822525,1.8222553,1,benign,Preprocessed_Dataset/ddsm/ddsm_8752.jpg,ddsm,train
0.770537,1.4685448,0.55309343,1.084835,0,normal,Preprocessed_Dataset/ddsm/ddsm_513.jpg,ddsm,train
0.5535444,1.2200378,0.3857817,2.1097217,0,normal,Preprocessed_Dataset/ddsm/ddsm_2317.jpg,ddsm,train
1.7729523,2.2159827,0.996408,1.9727153,0,normal,Preprocessed_Dataset/dmid/dmid_395.jpg,dmid,train
1.0425557,0.5593874,0.8516882,2.0315151,1,benign,Preprocessed_Dataset/ddsm/ddsm_7020.jpg,ddsm,train
0.76000595,1.3772235,1.1266074,1.9421221,2,malignant,Preprocessed_Dataset/ddsm/ddsm_2839.jpg,ddsm,train
0.56376535,2.2136924,1.5952775,2.9899673,1,benign,Preprocessed_Dataset/ddsm/ddsm_6494.jpg,ddsm,train
0.95168924,2.4689503,0.40164942,2.0490186,2,malignant,Preprocessed_Dataset/ddsm/ddsm_4935.jpg,ddsm,train
0.6408564,0.75909054,0.46616018,2.0605438,0,normal,Preprocessed_Dataset/ddsm/ddsm_393.jpg,ddsm,train
2.9503644,0.9242022,1.4482067,1.5664935,1,benign,Preprocessed_Dataset/cmmd/cmmd_2263.jpg,cmmd,train
0.91975236,2.322206,0.71176106,1.8082052,2,malignant,Preprocessed_Dataset/ddsm/ddsm_5138.jpg,ddsm,train
2.3390112,1.5028927,1.1327124,1.9195007,2,malignant,Preprocessed_Dataset/cmmd/cmmd_4308.jpg,cmmd,train
0.41690254,1.1277708,2.1397293,2.4850173,2,malignant,Preprocessed_Dataset/ddsm/ddsm_3385.jpg,ddsm,train
1.4216391,0.71009284,0.5685837,2.131914,1,benign,Preprocessed_Dataset/inbreast/inbreast_57.jpg,inbreast,train
2.6581352,1.9722359,1.2300115,1.7432401,1,benign,Preprocessed_Dataset/cmmd/cmmd_3614.jpg,cmmd,train
0.33173156,1.4027754,0.55655146,2.3567495,1,benign,Preprocessed_Dataset/ddsm/ddsm_8229.jpg,ddsm,train
0.6240198,1.2355193,2.0114903,1.3304341,1,benign,Preprocessed_Dataset/ddsm/ddsm_8856.jpg,ddsm,train
2.2234802,2.2365704,0.8182571,2.2975314,0,normal,Preprocessed_Dataset/kau-bcmd/kau-bcmd_1523.jpg,kau-bcmd,train
0.7803793,2.306706,1.1128067,1.4380286,2,malignant,Preprocessed_Dataset/ddsm/ddsm_4967.jpg,ddsm,train
2.5671926,2.0410628,0.73527586,2.470496,2,malignant,Preprocessed_Dataset/cmmd/cmmd_3830.jpg,cmmd,train
1.5910853,1.2340906,0.9372818,1.3236777,0,normal,Preprocessed_Dataset/cdd-cesm/cdd-cesm_568.jpg,cdd-cesm,train
0.8389816,2.1923296,0.58661693,1.5032816,2,malignant,Preprocessed_Dataset/ddsm/ddsm_3726.jpg,ddsm,train
0.6627382,1.8490555,0.3428014,2.1953835,0,normal,Preprocessed_Dataset/ddsm/ddsm_2302.jpg,ddsm,train
0.90278494,2.013462,2.9114056,2.47711,1,benign,Preprocessed_Dataset/ddsm/ddsm_10111.jpg,ddsm,train
0.6359503,1.9896936,3.0710664,1.7024727,1,benign,Preprocessed_Dataset/ddsm/ddsm_7370.jpg,ddsm,train
2.8703308,0.67211276,1.6313365,1.6973528,2,malignant,Preprocessed_Dataset/cmmd/cmmd_3190.jpg,cmmd,train
2.284803,0.7719626,0.80515254,2.3002057,2,malignant,Preprocessed_Dataset/cmmd/cmmd_1883.jpg,cmmd,train
2.4888096,1.9993116,1.0922638,2.6522632,2,malignant,Preprocessed_Dataset/cmmd/cmmd_1643.jpg,cmmd,train
1.5397736,1.0116866,0.299307,2.2072148,1,benign,Preprocessed_Dataset/inbreast/inbreast_371.jpg,inbreast,train
0.3815626,1.3119825,2.1927269,2.6160207,1,benign,Preprocessed_Dataset/ddsm/ddsm_7961.jpg,ddsm,train
2.8035798,2.2506063,1.1535811,2.0849738,2,malignant,Preprocessed_Dataset/cmmd/cmmd_1456.jpg,cmmd,train
0.64723146,1.9699063,1.4444172,2.654125,2,malignant,Preprocessed_Dataset/ddsm/ddsm_6163.jpg,ddsm,train
0.7251695,2.6851497,0.56545985,2.0883837,0,normal,Preprocessed_Dataset/ddsm/ddsm_2166.jpg,ddsm,train
0.2546456,0.9247236,2.1215715,2.8010936,1,benign,Preprocessed_Dataset/ddsm/ddsm_7677.jpg,ddsm,train
2.690154,0.0042738914,1.2481693,1.8874344,1,benign,Preprocessed_Dataset/cmmd/cmmd_2349.jpg,cmmd,train
2.511981,0.45850194,0.9608218,2.153348,2,malignant,Preprocessed_Dataset/cmmd/cmmd_4779.jpg,cmmd,train
1.7012653,0.9789623,0.8381362,2.6555285,0,normal,Preprocessed_Dataset/kau-bcmd/kau-bcmd_511.jpg,kau-bcmd,train
0.55277866,2.6188893,0.4595003,1.7174149,0,normal,Preprocessed_Dataset/ddsm/ddsm_591.jpg,ddsm,train
0.42280912,1.1416605,1.910666,2.809105,1,benign,Preprocessed_Dataset/ddsm/ddsm_6804.jpg,ddsm,train
2.7568898,1.7760911,1.1802622,2.2945507,2,malignant,Preprocessed_Dataset/cmmd/cmmd_3640.jpg,cmmd,train
0.7940059,1.8424084,0.89007556,1.9623543,2,malignant,Preprocessed_Dataset/ddsm/ddsm_5095.jpg,ddsm,train
0.67714983,1.0746357,0.33695894,1.5002933,0,normal,Preprocessed_Dataset/ddsm/ddsm_409.jpg,ddsm,train
2.330187,2.2175791,0.7541449,2.470282,0,normal,Preprocessed_Dataset/kau-bcmd/kau-bcmd_1176.jpg,kau-bcmd,train
2.4515169,0.6036706,0.7814717,2.2509062,1,benign,Preprocessed_Dataset/cmmd/cmmd_2323.jpg,cmmd,train
2.297185,0.31762147,0.97213924,1.9288509,2,malignant,Preprocessed_Dataset/cmmd/cmmd_4748.jpg,cmmd,train
0.40663815,1.8475779,1.601324,2.6696277,1,benign,Preprocessed_Dataset/ddsm/ddsm_10270.jpg,ddsm,train
2.7498295,0.10467136,1.2252152,1.9973317,1,benign,Preprocessed_Dataset/cmmd/cmmd_2343.jpg,cmmd,train
2.3772573,1.5229746,0.9202592,2.2086046,1,benign,Preprocessed_Dataset/cmmd/cmmd_537.jpg,cmmd,train
3.106656,0.6947086,1.47887,1.7533922,2,malignant,Preprocessed_Dataset/cmmd/cmmd_3450.jpg,cmmd,train
0.67642987,1.1374948,1.7386472,2.4149232,1,benign,Preprocessed_Dataset/ddsm/ddsm_9597.jpg,ddsm,train
0.42818844,1.7079226,1.8806236,2.8963335,1,benign,Preprocessed_Dataset/ddsm/ddsm_6834.jpg,ddsm,train
1.3111174,2.467165,0.85946715,1.961867,0,normal,Preprocessed_Dataset/ddsm/ddsm_1235.jpg,ddsm,train
1.8573722,2.424251,1.0386925,1.5608965,0,normal,Preprocessed_Dataset/cdd-cesm/cdd-cesm_241.jpg,cdd-cesm,train
1.501678,0.57942355,0.90346,1.7464865,0,normal,Preprocessed_Dataset/kau-bcmd/kau-bcmd_836.jpg,kau-bcmd,train
1.846198,2.1758232,0.29154623,2.727803,0,normal,Preprocessed_Dataset/kau-bcmd/kau-bcmd_607.jpg,kau-bcmd,train
0.77095747,2.2748065,0.5604371,1.695063,2,malignant,Preprocessed_Dataset/ddsm/ddsm_4155.jpg,ddsm,train
2.4012713,0.15668344,1.0413713,2.2508037,1,benign,Preprocessed_Dataset/cmmd/cmmd_2385.jpg,cmmd,train
2.60178,1.2676207,0.9234227,2.1373305,2,malignant,Preprocessed_Dataset/cmmd/cmmd_1875.jpg,cmmd,train
0.45520908,2.218417,0.48640826,1.9206744,0,normal,Preprocessed_Dataset/ddsm/ddsm_2031.jpg,ddsm,train
0.6309942,1.1864715,1.4804354,2.0897388,2,malignant,Preprocessed_Dataset/ddsm/ddsm_3313.jpg,ddsm,train
1.7693676,1.655837,0.6873127,1.2687813,2,malignant,Preprocessed_Dataset/cdd-cesm/cdd-cesm_746.jpg,cdd-cesm,train
0.73287827,2.0542324,0.42059416,2.575237,0,normal,Preprocessed_Dataset/ddsm/ddsm_1975.jpg,ddsm,train
2.5514207,1.4544353,1.0421122,1.9235376,2,malignant,Preprocessed_Dataset/cmmd/cmmd_2114.jpg,cmmd,train
0.59788424,0.5652194,0.23501211,2.308331,1,benign,Preprocessed_Dataset/ddsm/ddsm_7760.jpg,ddsm,train
1.0015476,2.279442,1.9315083,0.7860155,2,malignant,Preprocessed_Dataset/ddsm/ddsm_6322.jpg,ddsm,train
1.4289654,2.399525,0.8506521,1.4227086,2,malignant,Preprocessed_Dataset/ddsm/ddsm_3283.jpg,ddsm,train
0.25200582,1.2227631,2.4602046,2.705865,1,benign,Preprocessed_Dataset/ddsm/ddsm_10392.jpg,ddsm,train
0.99098974,1.8482873,0.35540205,1.7331452,1,benign,Preprocessed_Dataset/ddsm/ddsm_7909.jpg,ddsm,train
2.1616497,0.6093208,1.3513037,1.9346977,1,benign,Preprocessed_Dataset/cmmd/cmmd_1902.jpg,cmmd,train
0.060183167,1.7963865,1.5098249,1.0882968,0,normal,Preprocessed_Dataset/ddsm/ddsm_925.jpg,ddsm,train
1.801431,2.244938,0.7443931,1.393911,2,malignant,Preprocessed_Dataset/cdd-cesm/cdd-cesm_797.jpg,cdd-cesm,train
2.6535783,0.11167073,1.1756043,1.7705251,2,malignant,Preprocessed_Dataset/cmmd/cmmd_2053.jpg,cmmd,train
1.8823586,2.550119,0.5824256,2.2561524,0,normal,Preprocessed_Dataset/kau-bcmd/kau-bcmd_1724.jpg,kau-bcmd,train
1.1537507,2.397196,0.20059341,2.2823558,0,normal,Preprocessed_Dataset/ddsm/ddsm_2698.jpg,ddsm,train
1.1150432,2.6738772,0.24776739,1.6199741,1,benign,Preprocessed_Dataset/ddsm/ddsm_10042.jpg,ddsm,train
0.54162157,0.8163449,1.3695037,1.2230523,0,normal,Preprocessed_Dataset/ddsm/ddsm_2608.jpg,ddsm,train
1.4399124,2.2459686,0.63524985,2.4301891,1,benign,Preprocessed_Dataset/inbreast/inbreast_51.jpg,inbreast,train
1.2424163,2.5841596,0.52947855,2.012832,0,normal,Preprocessed_Dataset/ddsm/ddsm_1147.jpg,ddsm,train
0.6273616,1.146533,1.854763,2.772914,2,malignant,Preprocessed_Dataset/ddsm/ddsm_3796.jpg,ddsm,train
2.1420693,2.675917,1.1917641,1.1172543,1,benign,Preprocessed_Dataset/cdd-cesm/cdd-cesm_791.jpg,cdd-cesm,train
0.34244394,2.7021036,2.32098,2.8263302,1,benign,Preprocessed_Dataset/ddsm/ddsm_8726.jpg,ddsm,train
1.7121855,1.1846106,0.52463853,2.0985103,1,benign,Preprocessed_Dataset/inbreast/inbreast_37.jpg,inbreast,train
0.6487624,1.8127741,0.35994315,2.0683155,2,malignant,Preprocessed_Dataset/ddsm/ddsm_3415.jpg,ddsm,train
2.3717346,0.43951583,1.2004333,1.9909562,2,malignant,Preprocessed_Dataset/cmmd/cmmd_2813.jpg,cmmd,train
1.0725125,1.5421189,0.09242231,2.0988903,1,benign,Preprocessed_Dataset/ddsm/ddsm_8920.jpg,ddsm,train
0.18591464,2.4025888,2.018999,2.470594,1,benign,Preprocessed_Dataset/ddsm/ddsm_6946.jpg,ddsm,train
1.3022461,0.8135756,0.7081507,2.0006766,0,normal,Preprocessed_Dataset/kau-bcmd/kau-bcmd_2038.jpg,kau-bcmd,train
1.9810858,2.664256,1.0640275,0.9712107,2,malignant,Preprocessed_Dataset/cdd-cesm/cdd-cesm_601.jpg,cdd-cesm,train
0.4140743,2.0910954,1.3002708,1.8240776,1,benign,Preprocessed_Dataset/ddsm/ddsm_10382.jpg,ddsm,train
2.0401993,0.895951,0.85246104,1.9161725,2,malignant,Preprocessed_Dataset/cmmd/cmmd_2103.jpg,cmmd,train
1.2726794,1.5702579,0.54053795,1.512928,1,benign,Preprocessed_Dataset/ddsm/ddsm_7905.jpg,ddsm,train
0.70273036,2.404319,1.7061682,3.081396,1,benign,Preprocessed_Dataset/ddsm/ddsm_7123.jpg,ddsm,train
0.57211834,1.1287241,0.11143583,2.36917,1,benign,Preprocessed_Dataset/ddsm/ddsm_8200.jpg,ddsm,train
1.9648604,0.9509243,1.3440977,1.1698033,1,benign,Preprocessed_Dataset/cdd-cesm/cdd-cesm_699.jpg,cdd-cesm,train
0.9029492,2.301471,0.37731576,1.9327718,2,malignant,Preprocessed_Dataset/ddsm/ddsm_3919.jpg,ddsm,train
0.66966003,1.5719838,2.3628209,2.1783936,1,benign,Preprocessed_Dataset/ddsm/ddsm_9796.jpg,ddsm,train
0.20146632,1.0711404,0.51213944,1.6642143,0,normal,Preprocessed_Dataset/ddsm/ddsm_921.jpg,ddsm,train
2.762279,0.3117447,1.4223146,1.9336443,2,malignant,Preprocessed_Dataset/cmmd/cmmd_3007.jpg,cmmd,train
0.9614995,1.2676184,0.4837868,1.6035889,0,normal,Preprocessed_Dataset/ddsm/ddsm_124.jpg,ddsm,train
0.35809064,1.8197874,2.1872835,2.6152887,2,malignant,Preprocessed_Dataset/ddsm/ddsm_3086.jpg,ddsm,train
2.6192627,1.9207848,0.9589498,2.0594435,2,malignant,Preprocessed_Dataset/cmmd/cmmd_1416.jpg,cmmd,train
1.7604101,1.6763897,0.6855334,1.8171017,1,benign,Preprocessed_Dataset/dmid/dmid_393.jpg,dmid,train
1.7147403,2.3198109,0.43760926,2.7283707,0,normal,Preprocessed_Dataset/kau-bcmd/kau-bcmd_1352.jpg,kau-bcmd,train
1.2695435,2.5083337,0.26576644,2.115037,0,normal,Preprocessed_Dataset/ddsm/ddsm_2434.jpg,ddsm,train
0.5626735,2.0648742,1.3298278,2.7080157,1,benign,Preprocessed_Dataset/ddsm/ddsm_7691.jpg,ddsm,train
2.4419622,0.76157767,0.9762727,2.3701906,2,malignant,Preprocessed_Dataset/cmmd/cmmd_5007.jpg,cmmd,train
0.5955866,1.0866872,1.3814322,1.4682627,1,benign,Preprocessed_Dataset/ddsm/ddsm_10012.jpg,ddsm,train
2.6832266,2.1620884,1.4509525,1.2395252,2,malignant,Preprocessed_Dataset/cmmd/cmmd_3967.jpg,cmmd,train
2.4368072,1.8537301,0.7963789,2.5583725,2,malignant,Preprocessed_Dataset/cmmd/cmmd_709.jpg,cmmd,train
0.8087001,2.1337347,1.7245783,2.5870712,2,malignant,Preprocessed_Dataset/ddsm/ddsm_2978.jpg,ddsm,train
1.2676053,0.4682392,1.2325596,1.9257944,0,normal,Preprocessed_Dataset/kau-bcmd/kau-bcmd_1512.jpg,kau-bcmd,train
1.6095204,1.9324176,0.3796543,2.4693646,0,normal,Preprocessed_Dataset/kau-bcmd/kau-bcmd_268.jpg,kau-bcmd,train
0.765368,0.5161396,0.7260818,1.7844656,0,normal,Preprocessed_Dataset/ddsm/ddsm_472.jpg,ddsm,train
0.5768408,0.4553318,0.9017877,1.6376753,0,normal,Preprocessed_Dataset/ddsm/ddsm_1364.jpg,ddsm,train
1.7882106,0.8273458,0.71425855,2.8795822,0,normal,Preprocessed_Dataset/kau-bcmd/kau-bcmd_22.jpg,kau-bcmd,train
0.32992923,1.3262216,1.164999,2.5479617,1,benign,Preprocessed_Dataset/ddsm/ddsm_9997.jpg,ddsm,train
0.8896624,2.3201668,0.2089724,1.6113963,0,normal,Preprocessed_Dataset/ddsm/ddsm_279.jpg,ddsm,train
1.6883869,0.8193415,0.8813605,2.6024222,1,benign,Preprocessed_Dataset/kau-bcmd/kau-bcmd_80.jpg,kau-bcmd,train
1.5926567,2.5254002,0.3138364,2.2821507,1,benign,Preprocessed_Dataset/inbreast/inbreast_107.jpg,inbreast,train
1.4159042,2.858448,0.62970126,1.532147,2,malignant,Preprocessed_Dataset/ddsm/ddsm_6231.jpg,ddsm,train
0.6788461,0.80257404,0.32965797,2.0544946,0,normal,Preprocessed_Dataset/ddsm/ddsm_1593.jpg,ddsm,train
2.4166567,0.4513589,1.1906227,1.9037808,0,normal,Preprocessed_Dataset/kau-bcmd/kau-bcmd_367.jpg,kau-bcmd,train
2.3389404,2.117452,0.7452209,2.453657,2,malignant,Preprocessed_Dataset/cmmd/cmmd_4023.jpg,cmmd,train
0.7391215,1.1356256,0.43228376,1.7345792,2,malignant,Preprocessed_Dataset/ddsm/ddsm_4485.jpg,ddsm,train
0.7670953,1.8817075,2.3175063,2.4425683,1,benign,Preprocessed_Dataset/ddsm/ddsm_9803.jpg,ddsm,train
0.84326714,0.928378,0.40610313,1.7431707,2,malignant,Preprocessed_Dataset/ddsm/ddsm_4617.jpg,ddsm,train
2.0595884,0.5421432,1.4846082,0.89339495,1,benign,Preprocessed_Dataset/cdd-cesm/cdd-cesm_313.jpg,cdd-cesm,train
0.7380463,2.3556995,0.09326118,2.056038,1,benign,Preprocessed_Dataset/ddsm/ddsm_8390.jpg,ddsm,train
0.36981082,0.93821603,1.1058575,1.4365323,1,benign,Preprocessed_Dataset/ddsm/ddsm_7396.jpg,ddsm,train
2.248465,2.1429472,0.7796002,2.516843,0,normal,Preprocessed_Dataset/kau-bcmd/kau-bcmd_414.jpg,kau-bcmd,train
0.44935387,1.8839933,2.4047325,2.373176,2,malignant,Preprocessed_Dataset/ddsm/ddsm_3247.jpg,ddsm,train
1.695654,0.9923132,1.1840209,1.4237243,0,normal,Preprocessed_Dataset/kau-bcmd/kau-bcmd_1530.jpg,kau-bcmd,train
1.9592259,0.17243624,0.8033296,2.7092462,1,benign,Preprocessed_Dataset/cmmd/cmmd_2249.jpg,cmmd,train
2.5786095,1.0504493,1.359175,1.7088046,1,benign,Preprocessed_Dataset/cmmd/cmmd_4453.jpg,cmmd,train
2.47606,1.9357871,1.1603224,2.1041124,1,benign,Preprocessed_Dataset/cmmd/cmmd_163.jpg,cmmd,train
2.7378623,2.087459,0.92330056,2.0177424,2,malignant,Preprocessed_Dataset/cmmd/cmmd_1139.jpg,cmmd,train
0.7274435,1.381558,1.0213014,2.0574572,1,benign,Preprocessed_Dataset/ddsm/ddsm_6681.jpg,ddsm,train
0.60384536,0.88416874,0.25489765,2.2137792,0,normal,Preprocessed_Dataset/ddsm/ddsm_2532.jpg,ddsm,train
0.7776203,1.2940476,0.27007705,2.0727234,1,benign,Preprocessed_Dataset/ddsm/ddsm_8277.jpg,ddsm,train
1.2917641,2.7783995,0.3869971,1.922409,2,malignant,Preprocessed_Dataset/ddsm/ddsm_5402.jpg,ddsm,train
1.1564348,0.9447161,0.93128455,1.9257935,0,normal,Preprocessed_Dataset/kau-bcmd/kau-bcmd_1779.jpg,kau-bcmd,train
2.4734259,2.5079634,0.9071058,2.1828117,0,normal,Preprocessed_Dataset/kau-bcmd/kau-bcmd_336.jpg,kau-bcmd,train
1.0675215,1.9137464,0.024575174,2.2138743,1,benign,Preprocessed_Dataset/ddsm/ddsm_9354.jpg,ddsm,train
1.2820655,2.7882996,0.74841785,1.4976336,0,normal,Preprocessed_Dataset/ddsm/ddsm_1803.jpg,ddsm,train
1.8324982,0.75751466,0.8534271,2.760263,0,normal,Preprocessed_Dataset/kau-bcmd/kau-bcmd_48.jpg,kau-bcmd,train
0.22066379,1.333914,1.6272514,1.8508376,1,benign,Preprocessed_Dataset/ddsm/ddsm_10224.jpg,ddsm,train
0.9266548,2.3102705,0.57954115,1.5451488,2,malignant,Preprocessed_Dataset/ddsm/ddsm_4158.jpg,ddsm,train
1.9249308,2.044327,0.5660732,2.50921,2,malignant,Preprocessed_Dataset/cmmd/cmmd_3964.jpg,cmmd,train
0.8625072,2.7014737,2.5524502,2.576898,1,benign,Preprocessed_Dataset/ddsm/ddsm_9611.jpg,ddsm,train
1.4300892,1.7557834,0.6416049,1.5531778,1,benign,Preprocessed_Dataset/cdd-cesm/cdd-cesm_871.jpg,cdd-cesm,train
0.53836346,1.7877598,0.4308619,1.9725618,0,normal,Preprocessed_Dataset/ddsm/ddsm_455.jpg,ddsm,train
0.46654862,0.6758664,0.64031684,1.8829654,0,normal,Preprocessed_Dataset/ddsm/ddsm_1712.jpg,ddsm,train
1.6741183,0.35188425,1.0240602,1.9489843,0,normal,Preprocessed_Dataset/kau-bcmd/kau-bcmd_1995.jpg,kau-bcmd,train
2.4051785,2.3127065,1.2062491,2.0799003,0,normal,Preprocessed_Dataset/kau-bcmd/kau-bcmd_1509.jpg,kau-bcmd,train
1.3445127,2.535983,2.5374084,1.7418351,1,benign,Preprocessed_Dataset/ddsm/ddsm_9623.jpg,ddsm,train
0.75449324,1.48427,0.59617215,1.2258635,0,normal,Preprocessed_Dataset/ddsm/ddsm_2328.jpg,ddsm,train
2.5870829,2.0777495,1.0663817,2.0467894,2,malignant,Preprocessed_Dataset/cmmd/cmmd_1186.jpg,cmmd,train
0.53262603,0.77233505,0.6900222,1.6366942,0,normal,Preprocessed_Dataset/ddsm/ddsm_2636.jpg,ddsm,train
0.3687185,1.0232536,1.7419407,1.3972685,2,malignant,Preprocessed_Dataset/ddsm/ddsm_2908.jpg,ddsm,train
2.1245382,0.03764522,1.3343519,1.5855329,0,normal,Preprocessed_Dataset/kau-bcmd/kau-bcmd_1379.jpg,kau-bcmd,train
2.205492,2.2728214,0.61424696,2.476471,0,normal,Preprocessed_Dataset/kau-bcmd/kau-bcmd_2150.jpg,kau-bcmd,train
1.553669,1.5501634,1.3598578,1.933245,0,normal,Preprocessed_Dataset/kau-bcmd/kau-bcmd_1759.jpg,kau-bcmd,train
1.3856499,2.0306396,0.17767388,2.5373735,2,malignant,Preprocessed_Dataset/inbreast/inbreast_257.jpg,inbreast,train
2.2399127,2.4388268,1.4035523,2.4103127,0,normal,Preprocessed_Dataset/kau-bcmd/kau-bcmd_1728.jpg,kau-bcmd,train
0.7923859,2.2023041,0.49725288,2.3687875,1,benign,Preprocessed_Dataset/ddsm/ddsm_8311.jpg,ddsm,train
0.6294864,0.64584523,0.49603477,2.054639,2,malignant,Preprocessed_Dataset/ddsm/ddsm_5348.jpg,ddsm,train
2.6410728,1.9578065,1.059324,2.5967584,1,benign,Preprocessed_Dataset/cmmd/cmmd_3599.jpg,cmmd,train
0.8755921,2.1452723,0.5114633,1.9103268,1,benign,Preprocessed_Dataset/ddsm/ddsm_6807.jpg,ddsm,train
0.6585446,1.2101941,0.734078,1.457864,1,benign,Preprocessed_Dataset/ddsm/ddsm_9300.jpg,ddsm,train
0.36075568,1.3724846,1.5600815,1.786595,1,benign,Preprocessed_Dataset/ddsm/ddsm_7537.jpg,ddsm,train
0.57199556,0.6202967,0.71373975,1.5912869,2,malignant,Preprocessed_Dataset/ddsm/ddsm_3513.jpg,ddsm,train
0.9703915,1.978934,0.4639721,1.5990928,2,malignant,Preprocessed_Dataset/ddsm/ddsm_3803.jpg,ddsm,train
0.0031687021,1.4199783,1.8319868,2.4274797,1,benign,Preprocessed_Dataset/ddsm/ddsm_8264.jpg,ddsm,train
1.1311362,2.2708676,0.34097338,2.2432978,0,normal,Preprocessed_Dataset/ddsm/ddsm_2599.jpg,ddsm,train
0.29881,1.0252936,1.9716783,2.2295718,2,malignant,Preprocessed_Dataset/ddsm/ddsm_4185.jpg,ddsm,train
1.4354979,2.3122885,0.42855042,1.8783809,1,benign,Preprocessed_Dataset/ddsm/ddsm_7866.jpg,ddsm,train
2.083582,0.207991,0.9658453,1.789472,0,normal,Preprocessed_Dataset/kau-bcmd/kau-bcmd_1115.jpg,kau-bcmd,train
2.8662515,0.22801173,1.5648575,1.4207494,1,benign,Preprocessed_Dataset/cmmd/cmmd_2147.jpg,cmmd,train
2.7387953,1.9503391,1.0691117,2.0160472,2,malignant,Preprocessed_Dataset/cmmd/cmmd_4336.jpg,cmmd,train
0.6793837,1.6013917,0.85799336,1.5843797,2,malignant,Preprocessed_Dataset/ddsm/ddsm_6328.jpg,ddsm,train
2.7012315,2.2255151,0.8293233,2.1274288,2,malignant,Preprocessed_Dataset/cmmd/cmmd_1424.jpg,cmmd,train
0.7565767,2.1121235,0.31409055,2.309106,2,malignant,Preprocessed_Dataset/ddsm/ddsm_4730.jpg,ddsm,train
0.85416156,0.9574812,0.79830635,1.2598329,0,normal,Preprocessed_Dataset/ddsm/ddsm_1137.jpg,ddsm,train
1.1630602,2.183065,0.5484039,1.8231316,1,benign,Preprocessed_Dataset/ddsm/ddsm_7515.jpg,ddsm,train
1.5856435,3.0380125,1.1404918,1.0156243,0,normal,Preprocessed_Dataset/cdd-cesm/cdd-cesm_828.jpg,cdd-cesm,train
2.4150295,2.3552039,0.86672544,2.3641496,0,normal,Preprocessed_Dataset/kau-bcmd/kau-bcmd_855.jpg,kau-bcmd,train
1.1829762,2.1021373,0.55385566,1.7210164,1,benign,Preprocessed_Dataset/ddsm/ddsm_9786.jpg,ddsm,train
2.5656052,2.044198,0.92759776,2.4427073,2,malignant,Preprocessed_Dataset/cmmd/cmmd_1126.jpg,cmmd,train
3.0168006,1.6746899,1.3201052,1.8862641,1,benign,Preprocessed_Dataset/cmmd/cmmd_495.jpg,cmmd,train
1.9907938,1.1764827,0.82449466,2.64682,0,normal,Preprocessed_Dataset/kau-bcmd/kau-bcmd_593.jpg,kau-bcmd,train
1.400717,2.2100973,0.18983483,2.4724355,1,benign,Preprocessed_Dataset/inbreast/inbreast_28.jpg,inbreast,train
2.6402462,1.5434455,0.9236864,2.0950286,2,malignant,Preprocessed_Dataset/cmmd/cmmd_1486.jpg,cmmd,train
2.291629,2.8631973,1.7831992,0.56603765,1,benign,Preprocessed_Dataset/cdd-cesm/cdd-cesm_920.jpg,cdd-cesm,train
0.6966484,1.7976344,0.5423789,2.1536677,0,normal,Preprocessed_Dataset/ddsm/ddsm_298.jpg,ddsm,train
1.1972854,2.4186954,0.4936127,1.8826542,0,normal,Preprocessed_Dataset/ddsm/ddsm_1155.jpg,ddsm,train
2.5596828,2.1110709,1.4092721,2.3449786,1,benign,Preprocessed_Dataset/cmmd/cmmd_27.jpg,cmmd,train
2.238922,2.2452908,1.207029,1.1242712,2,malignant,Preprocessed_Dataset/cdd-cesm/cdd-cesm_731.jpg,cdd-cesm,train
1.0550932,2.6921692,0.59955716,1.5942684,0,normal,Preprocessed_Dataset/ddsm/ddsm_1659.jpg,ddsm,train
0.28011656,1.509878,1.4404596,2.3630111,2,malignant,Preprocessed_Dataset/ddsm/ddsm_5833.jpg,ddsm,train
0.57507133,1.8991044,1.970896,2.7096474,1,benign,Preprocessed_Dataset/ddsm/ddsm_10206.jpg,ddsm,train
0.42509264,1.1318375,1.9170034,2.337164,1,benign,Preprocessed_Dataset/ddsm/ddsm_9728.jpg,ddsm,train
3.044923,1.9756932,1.394623,1.6032825,2,malignant,Preprocessed_Dataset/cmmd/cmmd_1660.jpg,cmmd,train
0.35046554,1.3141953,0.48282126,1.699001,0,normal,Preprocessed_Dataset/ddsm/ddsm_2196.jpg,ddsm,train
1.4965471,1.4518025,0.8296928,1.6492132,1,benign,Preprocessed_Dataset/dmid/dmid_20.jpg,dmid,train
2.6442153,2.075261,1.0032744,2.0421653,1,benign,Preprocessed_Dataset/cmmd/cmmd_3555.jpg,cmmd,train
0.9847308,0.8971255,0.8740299,1.5015709,0,normal,Preprocessed_Dataset/ddsm/ddsm_1764.jpg,ddsm,train
2.0334978,0.70639485,1.3833978,1.2202598,0,normal,Preprocessed_Dataset/kau-bcmd/kau-bcmd_856.jpg,kau-bcmd,train
2.0026402,0.83677346,0.98194975,2.7161894,1,benign,Preprocessed_Dataset/kau-bcmd/kau-bcmd_588.jpg,kau-bcmd,train
2.394223,1.9961874,1.211009,2.2644086,2,malignant,Preprocessed_Dataset/cmmd/cmmd_846.jpg,cmmd,train
2.388092,1.0611577,1.1470075,2.4269774,2,malignant,Preprocessed_Dataset/cmmd/cmmd_4955.jpg,cmmd,train
1.031646,0.8490323,0.46406776,1.4020219,2,malignant,Preprocessed_Dataset/ddsm/ddsm_2789.jpg,ddsm,train
2.4972036,0.6319974,1.0753345,2.0675428,1,benign,Preprocessed_Dataset/cmmd/cmmd_2170.jpg,cmmd,train
1.2102827,1.1944675,1.6203761,2.1148474,2,malignant,Preprocessed_Dataset/ddsm/ddsm_4532.jpg,ddsm,train
2.7518878,0.68618816,1.2125058,2.1911664,1,benign,Preprocessed_Dataset/cmmd/cmmd_2227.jpg,cmmd,train
0.68387127,2.3169122,0.25421935,1.9956785,2,malignant,Preprocessed_Dataset/ddsm/ddsm_5846.jpg,ddsm,train
2.8546226,1.6117127,1.1266425,2.3234496,1,benign,Preprocessed_Dataset/cmmd/cmmd_148.jpg,cmmd,train
2.6448717,0.5532876,1.079531,2.2505903,1,benign,Preprocessed_Dataset/cmmd/cmmd_1969.jpg,cmmd,train
0.5375932,0.6451794,0.50165915,1.6562082,0,normal,Preprocessed_Dataset/ddsm/ddsm_321.jpg,ddsm,train
2.0861228,0.4957868,0.9024321,2.2983382,2,malignant,Preprocessed_Dataset/cmmd/cmmd_5177.jpg,cmmd,train
2.1341105,2.4048169,1.6232979,0.9844731,0,normal,Preprocessed_Dataset/cdd-cesm/cdd-cesm_579.jpg,cdd-cesm,train
2.494545,1.2700021,0.8097962,1.9322957,2,malignant,Preprocessed_Dataset/cmmd/cmmd_2611.jpg,cmmd,train
1.0722505,2.055406,0.71152055,2.3705149,1,benign,Preprocessed_Dataset/inbreast/inbreast_43.jpg,inbreast,train
0.43305153,1.1081506,0.11308855,2.085707,2,malignant,Preprocessed_Dataset/ddsm/ddsm_5061.jpg,ddsm,train
2.6011379,2.9090314,2.0450716,0.700191,0,normal,Preprocessed_Dataset/cdd-cesm/cdd-cesm_301.jpg,cdd-cesm,train
2.5378194,0.5645711,0.9614018,2.1856995,2,malignant,Preprocessed_Dataset/cmmd/cmmd_3282.jpg,cmmd,train
1.3561975,2.0987973,0.53877604,1.5855947,0,normal,Preprocessed_Dataset/cdd-cesm/cdd-cesm_831.jpg,cdd-cesm,train
2.9574342,1.822417,1.6252903,1.2892329,1,benign,Preprocessed_Dataset/cmmd/cmmd_26.jpg,cmmd,train
2.6538577,0.65814716,1.0146112,2.3067272,2,malignant,Preprocessed_Dataset/cmmd/cmmd_4560.jpg,cmmd,train
0.8481703,1.1000408,0.3335818,2.0446606,0,normal,Preprocessed_Dataset/ddsm/ddsm_1548.jpg,ddsm,train
2.7527065,1.61013,0.9315186,2.5421433,1,benign,Preprocessed_Dataset/cmmd/cmmd_354.jpg,cmmd,train
0.6999254,1.6089318,1.4575641,1.5113996,2,malignant,Preprocessed_Dataset/ddsm/ddsm_4909.jpg,ddsm,train
0.5402096,0.94941807,0.50336385,2.4443138,1,benign,Preprocessed_Dataset/ddsm/ddsm_9268.jpg,ddsm,train
0.39439094,0.74437845,0.6219815,1.8837795,1,benign,Preprocessed_Dataset/ddsm/ddsm_10397.jpg,ddsm,train
0.9243877,2.5364952,0.30052197,1.9308503,1,benign,Preprocessed_Dataset/ddsm/ddsm_6902.jpg,ddsm,train
2.2293966,0.77009565,1.0344615,2.0460043,0,normal,Preprocessed_Dataset/kau-bcmd/kau-bcmd_1075.jpg,kau-bcmd,train
0.57024556,2.1325746,1.6948769,2.4773655,1,benign,Preprocessed_Dataset/ddsm/ddsm_8475.jpg,ddsm,train
1.7402661,2.6008406,0.4931083,2.3697746,0,normal,Preprocessed_Dataset/dmid/dmid_136.jpg,dmid,train
1.1045886,1.9732349,0.44660944,2.0467505,1,benign,Preprocessed_Dataset/ddsm/ddsm_9450.jpg,ddsm,train
0.5299272,2.1835685,0.36134988,2.120371,2,malignant,Preprocessed_Dataset/ddsm/ddsm_3019.jpg,ddsm,train
1.8741133,0.943144,1.0041363,2.993576,1,benign,Preprocessed_Dataset/kau-bcmd/kau-bcmd_55.jpg,kau-bcmd,train
2.4711242,1.1630061,0.7155372,2.2504532,1,benign,Preprocessed_Dataset/cmmd/cmmd_1922.jpg,cmmd,train
2.1783283,2.0401042,1.1089408,2.3035855,1,benign,Preprocessed_Dataset/cmmd/cmmd_3592.jpg,cmmd,train
2.1676378,0.93584687,1.0372359,2.158638,0,normal,Preprocessed_Dataset/kau-bcmd/kau-bcmd_918.jpg,kau-bcmd,train
0.87964565,1.1275389,0.46232396,1.8563485,2,malignant,Preprocessed_Dataset/ddsm/ddsm_3932.jpg,ddsm,train
0.6371378,1.138647,0.6615378,1.7689439,2,malignant,Preprocessed_Dataset/ddsm/ddsm_4328.jpg,ddsm,train
0.261436,2.0412343,0.757871,1.7601174,2,malignant,Preprocessed_Dataset/ddsm/ddsm_2926.jpg,ddsm,train
0.48000878,2.0700152,0.32761735,1.9843702,1,benign,Preprocessed_Dataset/ddsm/ddsm_7354.jpg,ddsm,train
1.3664498,2.3376303,0.7874854,2.036214,2,malignant,Preprocessed_Dataset/ddsm/ddsm_2915.jpg,ddsm,train
0.6874005,0.81523407,0.75674886,1.4578239,0,normal,Preprocessed_Dataset/ddsm/ddsm_88.jpg,ddsm,train
2.3544679,2.0906,1.018501,2.2315814,0,normal,Preprocessed_Dataset/kau-bcmd/kau-bcmd_507.jpg,kau-bcmd,train
0.27428365,0.5668355,0.43665987,1.9276292,1,benign,Preprocessed_Dataset/ddsm/ddsm_8384.jpg,ddsm,train
0.68371195,1.5338006,0.4301384,2.1923165,0,normal,Preprocessed_Dataset/ddsm/ddsm_1406.jpg,ddsm,train
0.3749584,2.1349626,1.2018257,2.3983932,1,benign,Preprocessed_Dataset/ddsm/ddsm_9319.jpg,ddsm,train
0.5838448,1.7945088,1.3594006,0.7694435,1,benign,Preprocessed_Dataset/ddsm/ddsm_9502.jpg,ddsm,train
1.0875993,1.9270844,0.34494966,2.7681878,1,benign,Preprocessed_Dataset/inbreast/inbreast_300.jpg,inbreast,train
1.278836,1.0157396,0.7945498,1.5992976,0,normal,Preprocessed_Dataset/kau-bcmd/kau-bcmd_1887.jpg,kau-bcmd,train
0.37112415,2.266591,1.7503848,2.4869719,1,benign,Preprocessed_Dataset/ddsm/ddsm_8518.jpg,ddsm,train
0.84015346,2.0289738,0.45126748,1.8043311,2,malignant,Preprocessed_Dataset/ddsm/ddsm_4282.jpg,ddsm,train
2.0431585,2.1685038,0.5457798,2.4403384,0,normal,Preprocessed_Dataset/dmid/dmid_238.jpg,dmid,train
0.76720256,1.4573848,0.5341377,1.5531454,2,malignant,Preprocessed_Dataset/ddsm/ddsm_4100.jpg,ddsm,train
2.1413336,1.1140256,1.2610912,1.5897111,0,normal,Preprocessed_Dataset/kau-bcmd/kau-bcmd_564.jpg,kau-bcmd,train
0.42899013,1.0266557,2.9941502,1.7512608,1,benign,Preprocessed_Dataset/ddsm/ddsm_8213.jpg,ddsm,train
0.9403871,1.9603729,0.49877787,1.9996302,1,benign,Preprocessed_Dataset/ddsm/ddsm_9331.jpg,ddsm,train
0.5554886,1.7252165,0.113057435,2.000822,0,normal,Preprocessed_Dataset/ddsm/ddsm_2237.jpg,ddsm,train
2.6773767,2.0326605,0.9608183,2.212325,2,malignant,Preprocessed_Dataset/cmmd/cmmd_1408.jpg,cmmd,train
0.77032995,1.1916648,0.43191075,1.4632196,0,normal,Preprocessed_Dataset/ddsm/ddsm_1977.jpg,ddsm,train
2.216215,2.3220334,0.948464,2.2259424,0,normal,Preprocessed_Dataset/kau-bcmd/kau-bcmd_1581.jpg,kau-bcmd,train
0.6305936,1.0671268,1.0332361,1.7767713,2,malignant,Preprocessed_Dataset/ddsm/ddsm_5572.jpg,ddsm,train
0.2550397,2.062365,2.024033,2.910806,1,benign,Preprocessed_Dataset/ddsm/ddsm_8638.jpg,ddsm,train
2.724647,1.1301904,1.1293094,2.0826104,1,benign,Preprocessed_Dataset/cmmd/cmmd_2373.jpg,cmmd,train
0.38406992,2.2417035,2.434461,2.7194245,2,malignant,Preprocessed_Dataset/ddsm/ddsm_4974.jpg,ddsm,train
2.722313,1.6922286,1.3121405,1.9982977,1,benign,Preprocessed_Dataset/cmmd/cmmd_437.jpg,cmmd,train
1.3043759,2.4381726,0.2520895,2.0854404,0,normal,Preprocessed_Dataset/ddsm/ddsm_771.jpg,ddsm,train
2.5703235,0.8247416,1.0910493,2.2801414,2,malignant,Preprocessed_Dataset/cmmd/cmmd_3060.jpg,cmmd,train
1.317392,2.2696614,0.7102237,2.5464728,0,normal,Preprocessed_Dataset/inbreast/inbreast_208.jpg,inbreast,train
0.7030151,2.568389,0.6638474,1.4137166,1,benign,Preprocessed_Dataset/ddsm/ddsm_10054.jpg,ddsm,train
2.4636993,0.62872314,1.0923934,2.135211,0,normal,Preprocessed_Dataset/kau-bcmd/kau-bcmd_275.jpg,kau-bcmd,train
0.59481317,1.0712893,0.13635361,2.3442554,0,normal,Preprocessed_Dataset/ddsm/ddsm_2020.jpg,ddsm,train
2.642756,1.9072007,1.3380189,1.8775234,2,malignant,Preprocessed_Dataset/cmmd/cmmd_947.jpg,cmmd,train
0.722004,1.0813398,0.39104342,2.3265495,0,normal,Preprocessed_Dataset/ddsm/ddsm_2145.jpg,ddsm,train
1.5940007,0.43869638,0.5664575,2.1098313,0,normal,Preprocessed_Dataset/kau-bcmd/kau-bcmd_1939.jpg,kau-bcmd,train
0.6018753,2.007353,2.352027,2.2870214,1,benign,Preprocessed_Dataset/ddsm/ddsm_6751.jpg,ddsm,train
1.1842525,2.2146435,0.5673775,1.7217473,0,normal,Preprocessed_Dataset/ddsm/ddsm_175.jpg,ddsm,train
2.604172,1.1446091,1.0426023,2.037614,2,malignant,Preprocessed_Dataset/cmmd/cmmd_3319.jpg,cmmd,train
0.6604376,1.1090679,0.17899531,2.295696,2,malignant,Preprocessed_Dataset/ddsm/ddsm_6261.jpg,ddsm,train
0.6061424,1.5539782,0.11321187,2.7621853,1,benign,Preprocessed_Dataset/ddsm/ddsm_7014.jpg,ddsm,train
0.77564156,1.2746056,0.75727516,2.2006865,1,benign,Preprocessed_Dataset/ddsm/ddsm_8964.jpg,ddsm,train
2.782485,2.1094136,0.97643924,2.3972955,1,benign,Preprocessed_Dataset/cmmd/cmmd_532.jpg,cmmd,train
1.922118,1.1652447,0.65229625,3.0333047,0,normal,Preprocessed_Dataset/kau-bcmd/kau-bcmd_21.jpg,kau-bcmd,train
2.6481507,0.67917526,1.0435961,2.0352488,2,malignant,Preprocessed_Dataset/cmmd/cmmd_2988.jpg,cmmd,train
0.8583643,2.4801068,0.7798616,1.6383946,0,normal,Preprocessed_Dataset/ddsm/ddsm_1262.jpg,ddsm,train
0.795067,0.9797035,1.826391,2.3887057,1,benign,Preprocessed_Dataset/ddsm/ddsm_8089.jpg,ddsm,train
0.44313222,1.0071067,0.55374956,1.6746995,2,malignant,Preprocessed_Dataset/ddsm/ddsm_5445.jpg,ddsm,train
0.38829505,1.1503632,1.5534413,1.619982,1,benign,Preprocessed_Dataset/ddsm/ddsm_9720.jpg,ddsm,train
0.7882454,0.8408072,0.8088724,1.9018008,1,benign,Preprocessed_Dataset/ddsm/ddsm_9520.jpg,ddsm,train
0.099543214,1.4798101,1.6853423,2.219051,1,benign,Preprocessed_Dataset/ddsm/ddsm_10317.jpg,ddsm,train
1.6535484,2.3680935,0.57913244,1.7743186,0,normal,Preprocessed_Dataset/cdd-cesm/cdd-cesm_733.jpg,cdd-cesm,train
2.6331716,2.0615892,1.0418925,2.4393852,1,benign,Preprocessed_Dataset/cmmd/cmmd_611.jpg,cmmd,train
1.1931466,2.5513258,0.7324087,1.8335847,0,normal,Preprocessed_Dataset/ddsm/ddsm_1291.jpg,ddsm,train
2.0708792,0.51032555,1.3693417,2.3130476,0,normal,Preprocessed_Dataset/kau-bcmd/kau-bcmd_737.jpg,kau-bcmd,train
0.96487874,0.48873258,0.74653006,1.7748592,0,normal,Preprocessed_Dataset/ddsm/ddsm_2552.jpg,ddsm,train
0.45643526,1.8978947,0.97361726,1.5877844,1,benign,Preprocessed_Dataset/ddsm/ddsm_6670.jpg,ddsm,train
2.7853718,0.27900672,1.3040754,1.858546,2,malignant,Preprocessed_Dataset/cmmd/cmmd_3427.jpg,cmmd,train
0.33315694,2.0104108,3.019287,2.1578555,2,malignant,Preprocessed_Dataset/ddsm/ddsm_4943.jpg,ddsm,train
2.35481,1.80769,0.9752341,1.900898,1,benign,Preprocessed_Dataset/cmmd/cmmd_122.jpg,cmmd,train
1.9008,0.5418823,1.0859734,1.501445,0,normal,Preprocessed_Dataset/dmid/dmid_193.jpg,dmid,train
0.8303947,1.7701046,0.4039451,1.9635476,0,normal,Preprocessed_Dataset/ddsm/ddsm_2263.jpg,ddsm,train
0.80720377,2.3651078,0.308331,2.1829133,0,normal,Preprocessed_Dataset/ddsm/ddsm_2318.jpg,ddsm,train
0.85735106,2.4032798,0.8740859,1.3164551,0,normal,Preprocessed_Dataset/ddsm/ddsm_423.jpg,ddsm,train
0.753838,2.3295784,1.380103,2.3238282,1,benign,Preprocessed_Dataset/ddsm/ddsm_10018.jpg,ddsm,train
1.7754791,1.03332,1.0849639,2.5780263,1,benign,Preprocessed_Dataset/kau-bcmd/kau-bcmd_804.jpg,kau-bcmd,train
2.704474,0.59290487,1.3184639,1.7720517,2,malignant,Preprocessed_Dataset/cmmd/cmmd_4615.jpg,cmmd,train
0.24954903,1.6681428,1.4485732,2.1504347,2,malignant,Preprocessed_Dataset/ddsm/ddsm_5068.jpg,ddsm,train
1.9613628,3.096058,1.4515198,0.631711,2,malignant,Preprocessed_Dataset/cdd-cesm/cdd-cesm_467.jpg,cdd-cesm,train
1.0611801,1.1821575,0.5407095,1.4554939,0,normal,Preprocessed_Dataset/ddsm/ddsm_1088.jpg,ddsm,train
0.9474757,2.3067975,0.5315455,2.028772,1,benign,Preprocessed_Dataset/ddsm/ddsm_9443.jpg,ddsm,train
0.5214254,1.3047599,0.72219336,1.4185734,0,normal,Preprocessed_Dataset/ddsm/ddsm_425.jpg,ddsm,train
0.9847553,2.22926,1.4065342,2.298126,1,benign,Preprocessed_Dataset/ddsm/ddsm_7534.jpg,ddsm,train
2.371938,0.058184624,0.94656867,1.8666158,0,normal,Preprocessed_Dataset/kau-bcmd/kau-bcmd_305.jpg,kau-bcmd,train
1.9643385,2.4145005,0.63662183,2.3021054,0,normal,Preprocessed_Dataset/kau-bcmd/kau-bcmd_298.jpg,kau-bcmd,train
1.0826011,1.3465369,0.3977095,2.1198041,1,benign,Preprocessed_Dataset/ddsm/ddsm_8359.jpg,ddsm,train
1.6032106,1.9979157,0.30004054,2.6676133,0,normal,Preprocessed_Dataset/kau-bcmd/kau-bcmd_2035.jpg,kau-bcmd,train
2.6404014,0.738657,0.9849577,2.5078213,2,malignant,Preprocessed_Dataset/cmmd/cmmd_1871.jpg,cmmd,train
2.6488252,1.5610043,0.8870259,1.9742279,2,malignant,Preprocessed_Dataset/cmmd/cmmd_1132.jpg,cmmd,train
1.2659535,1.3882854,0.7547232,2.512068,1,benign,Preprocessed_Dataset/kau-bcmd/kau-bcmd_597.jpg,kau-bcmd,train
0.8550611,2.1046524,1.9489063,1.9297577,1,benign,Preprocessed_Dataset/ddsm/ddsm_7539.jpg,ddsm,train
2.6511145,0.48529792,1.2155836,2.189648,2,malignant,Preprocessed_Dataset/cmmd/cmmd_3067.jpg,cmmd,train
0.03576207,0.99382085,1.5511806,1.7734673,1,benign,Preprocessed_Dataset/ddsm/ddsm_7224.jpg,ddsm,train
0.28343606,1.0401545,2.1406674,2.8685844,1,benign,Preprocessed_Dataset/ddsm/ddsm_8636.jpg,ddsm,train
2.5027132,2.04243,1.1704898,2.2326167,2,malignant,Preprocessed_Dataset/cmmd/cmmd_850.jpg,cmmd,train
0.90025926,1.252459,0.778731,1.6488171,0,normal,Preprocessed_Dataset/ddsm/ddsm_1608.jpg,ddsm,train
2.6480012,1.7792903,1.4055668,1.8905369,1,benign,Preprocessed_Dataset/cmmd/cmmd_462.jpg,cmmd,train
1.4743215,0.65154535,0.9053516,2.305442,0,normal,Preprocessed_Dataset/kau-bcmd/kau-bcmd_1127.jpg,kau-bcmd,train
0.6409417,1.5211923,0.32302153,2.1008873,1,benign,Preprocessed_Dataset/ddsm/ddsm_10255.jpg,ddsm,train
1.3071035,2.405257,0.61572456,1.9428103,1,benign,Preprocessed_Dataset/ddsm/ddsm_10219.jpg,ddsm,train
2.6320972,2.024638,0.7637477,2.1566114,2,malignant,Preprocessed_Dataset/cmmd/cmmd_933.jpg,cmmd,train
0.4676754,1.6335455,2.5071316,2.8878508,1,benign,Preprocessed_Dataset/ddsm/ddsm_8667.jpg,ddsm,train
1.0484326,2.3810854,1.2143531,2.451709,1,benign,Preprocessed_Dataset/ddsm/ddsm_6802.jpg,ddsm,train
0.7062534,0.791064,2.531789,2.0524452,1,benign,Preprocessed_Dataset/ddsm/ddsm_8405.jpg,ddsm,train
0.8772527,1.7597722,1.1017747,2.088105,1,benign,Preprocessed_Dataset/ddsm/ddsm_8039.jpg,ddsm,train
1.1345652,2.3176708,2.1003647,2.2814798,1,benign,Preprocessed_Dataset/ddsm/ddsm_9562.jpg,ddsm,train
0.67760926,2.589067,0.39132905,2.0983024,1,benign,Preprocessed_Dataset/ddsm/ddsm_8894.jpg,ddsm,train
0.5902832,1.2185713,0.6141157,1.7611271,1,benign,Preprocessed_Dataset/ddsm/ddsm_7149.jpg,ddsm,train
2.729658,2.1661906,1.6571672,1.9424751,1,benign,Preprocessed_Dataset/cmmd/cmmd_478.jpg,cmmd,train
2.1050336,0.1492939,0.77445275,2.2732232,1,benign,Preprocessed_Dataset/cmmd/cmmd_2221.jpg,cmmd,train
1.2234228,1.5313809,0.56873083,1.638483,0,normal,Preprocessed_Dataset/ddsm/ddsm_1993.jpg,ddsm,train
1.7890141,0.90524876,0.78764427,2.572296,1,benign,Preprocessed_Dataset/kau-bcmd/kau-bcmd_728.jpg,kau-bcmd,train
2.447866,2.2172146,0.67124903,2.5583503,2,malignant,Preprocessed_Dataset/cmmd/cmmd_4134.jpg,cmmd,train
0.6094354,2.2315068,0.9110785,2.865393,1,benign,Preprocessed_Dataset/ddsm/ddsm_6782.jpg,ddsm,train
0.6473707,1.4944685,0.24481434,2.2752504,0,normal,Preprocessed_Dataset/ddsm/ddsm_2655.jpg,ddsm,train
0.77058685,2.1838148,0.19569975,2.105889,0,normal,Preprocessed_Dataset/ddsm/ddsm_51.jpg,ddsm,train
0.46812755,1.0524871,0.6264671,2.0967655,2,malignant,Preprocessed_Dataset/ddsm/ddsm_4321.jpg,ddsm,train
1.370077,2.3658643,0.86707217,1.1768501,0,normal,Preprocessed_Dataset/ddsm/ddsm_2322.jpg,ddsm,train
2.126302,0.74144757,0.63005817,2.5516756,1,benign,Preprocessed_Dataset/cmmd/cmmd_2338.jpg,cmmd,train
2.3528233,2.451441,0.7389233,2.3931878,2,malignant,Preprocessed_Dataset/cmmd/cmmd_1307.jpg,cmmd,train
1.2338811,1.0855134,1.1932666,1.2121013,0,normal,Preprocessed_Dataset/ddsm/ddsm_2336.jpg,ddsm,train
0.56043327,1.24494,0.24896431,1.9942427,2,malignant,Preprocessed_Dataset/ddsm/ddsm_3837.jpg,ddsm,train
2.6825624,0.3459617,1.1213238,2.3613276,2,malignant,Preprocessed_Dataset/cmmd/cmmd_2818.jpg,cmmd,train
0.86278313,1.4261816,2.4757905,2.4252503,1,benign,Preprocessed_Dataset/ddsm/ddsm_10076.jpg,ddsm,train
2.6910315,2.15497,1.0839807,1.8132817,2,malignant,Preprocessed_Dataset/cmmd/cmmd_1090.jpg,cmmd,train
2.5860615,0.5769734,1.2180965,2.0165508,0,normal,Preprocessed_Dataset/kau-bcmd/kau-bcmd_2013.jpg,kau-bcmd,train
0.59063643,1.14518,0.5180762,1.5741146,1,benign,Preprocessed_Dataset/ddsm/ddsm_7308.jpg,ddsm,train
2.218334,2.3316116,0.78787386,2.3633509,0,normal,Preprocessed_Dataset/kau-bcmd/kau-bcmd_1226.jpg,kau-bcmd,train
0.6405187,0.9826586,0.32827997,1.9114478,0,normal,Preprocessed_Dataset/ddsm/ddsm_968.jpg,ddsm,train
0.43259943,0.9110881,0.19137579,2.0802176,1,benign,Preprocessed_Dataset/ddsm/ddsm_9341.jpg,ddsm,train
2.258371,2.2692525,0.72863746,2.302206,0,normal,Preprocessed_Dataset/kau-bcmd/kau-bcmd_2030.jpg,kau-bcmd,train
2.4918618,1.4265515,1.3696383,1.8602165,2,malignant,Preprocessed_Dataset/cmmd/cmmd_3798.jpg,cmmd,train
1.3358473,0.65400547,0.5252252,2.175157,0,normal,Preprocessed_Dataset/kau-bcmd/kau-bcmd_2036.jpg,kau-bcmd,train
1.720656,2.4082458,0.57085407,2.3371756,0,normal,Preprocessed_Dataset/kau-bcmd/kau-bcmd_2166.jpg,kau-bcmd,train
0.8235552,0.7875968,0.48492464,1.8999151,1,benign,Preprocessed_Dataset/ddsm/ddsm_9977.jpg,ddsm,train
0.7370264,1.9447863,0.67953026,1.8601156,1,benign,Preprocessed_Dataset/ddsm/ddsm_6975.jpg,ddsm,train
0.68625826,0.9147748,0.5221794,1.7920233,0,normal,Preprocessed_Dataset/ddsm/ddsm_1304.jpg,ddsm,train
0.93226516,1.8283017,2.082754,2.5257552,1,benign,Preprocessed_Dataset/ddsm/ddsm_9402.jpg,ddsm,train
0.5656409,2.1970148,1.65116,1.4165049,1,benign,Preprocessed_Dataset/ddsm/ddsm_6594.jpg,ddsm,train
0.7602117,0.957186,0.75105095,1.4939029,0,normal,Preprocessed_Dataset/ddsm/ddsm_1445.jpg,ddsm,train
0.87296236,2.3876753,1.0144422,2.1461775,1,benign,Preprocessed_Dataset/ddsm/ddsm_9946.jpg,ddsm,train
1.1240025,1.6960319,1.1618505,1.3252773,1,benign,Preprocessed_Dataset/dmid/dmid_27.jpg,dmid,train
2.801811,2.296199,1.3987997,1.3815734,2,malignant,Preprocessed_Dataset/cmmd/cmmd_726.jpg,cmmd,train
0.7392165,0.75687844,0.3078733,2.0201275,0,normal,Preprocessed_Dataset/ddsm/ddsm_1816.jpg,ddsm,train
2.4098873,2.1740353,1.3001258,2.1831083,0,normal,Preprocessed_Dataset/kau-bcmd/kau-bcmd_1663.jpg,kau-bcmd,train
2.1714454,2.6378345,1.4048629,0.75809455,0,normal,Preprocessed_Dataset/cdd-cesm/cdd-cesm_62.jpg,cdd-cesm,train
0.956458,2.1629944,1.5787233,2.4444852,2,malignant,Preprocessed_Dataset/ddsm/ddsm_4510.jpg,ddsm,train
1.8052435,1.1598861,0.61743784,2.674735,0,normal,Preprocessed_Dataset/kau-bcmd/kau-bcmd_387.jpg,kau-bcmd,train
2.313556,0.88270044,0.8867684,2.1782823,1,benign,Preprocessed_Dataset/cmmd/cmmd_2136.jpg,cmmd,train
1.5684726,1.1842008,0.7844076,1.270659,2,malignant,Preprocessed_Dataset/cdd-cesm/cdd-cesm_885.jpg,cdd-cesm,train
2.377626,2.5338864,1.1814513,1.383035,1,benign,Preprocessed_Dataset/cdd-cesm/cdd-cesm_181.jpg,cdd-cesm,train
0.8949497,1.0331495,0.37074077,1.8366768,1,benign,Preprocessed_Dataset/ddsm/ddsm_7089.jpg,ddsm,train
1.9246166,1.055548,1.5336366,0.7820511,2,malignant,Preprocessed_Dataset/cdd-cesm/cdd-cesm_617.jpg,cdd-cesm,train
0.74716735,0.8373468,0.8246058,1.3360826,0,normal,Preprocessed_Dataset/ddsm/ddsm_256.jpg,ddsm,train
1.7753953,1.1628323,1.2926108,1.0561478,1,benign,Preprocessed_Dataset/cdd-cesm/cdd-cesm_507.jpg,cdd-cesm,train
0.5160185,1.1451138,0.97881985,2.4348683,2,malignant,Preprocessed_Dataset/ddsm/ddsm_6021.jpg,ddsm,train
2.6397772,1.780499,1.1435263,2.1653862,2,malignant,Preprocessed_Dataset/cmmd/cmmd_4114.jpg,cmmd,train
1.3247762,2.5506988,0.66064894,1.8215998,2,malignant,Preprocessed_Dataset/ddsm/ddsm_5663.jpg,ddsm,train
0.67096287,2.2555697,0.49177998,1.6990757,0,normal,Preprocessed_Dataset/ddsm/ddsm_427.jpg,ddsm,train
2.4676926,1.3784304,0.91882664,1.7736276,2,malignant,Preprocessed_Dataset/cmmd/cmmd_4646.jpg,cmmd,train
0.71781325,0.3078966,2.4180782,1.9918026,1,benign,Preprocessed_Dataset/ddsm/ddsm_7668.jpg,ddsm,train
0.71025974,1.5938857,0.327213,2.408955,0,normal,Preprocessed_Dataset/ddsm/ddsm_943.jpg,ddsm,train
0.7814026,2.3545704,2.3723164,2.8763437,1,benign,Preprocessed_Dataset/ddsm/ddsm_9087.jpg,ddsm,train
2.0813134,0.8161786,0.93396324,2.1364903,0,normal,Preprocessed_Dataset/kau-bcmd/kau-bcmd_1652.jpg,kau-bcmd,train
2.3000371,2.3426654,0.5178276,2.2607818,2,malignant,Preprocessed_Dataset/cmmd/cmmd_3859.jpg,cmmd,train
2.5309603,2.3947992,0.9971446,1.9045149,0,normal,Preprocessed_Dataset/kau-bcmd/kau-bcmd_1912.jpg,kau-bcmd,train
2.5231242,1.7876744,0.80274355,2.6492193,1,benign,Preprocessed_Dataset/cmmd/cmmd_438.jpg,cmmd,train
0.4546612,1.8959706,2.1973817,3.0587816,1,benign,Preprocessed_Dataset/ddsm/ddsm_8778.jpg,ddsm,train
0.59998435,1.2742114,0.0,1.7961404,1,benign,Preprocessed_Dataset/ddsm/ddsm_6949.jpg,ddsm,train
0.94568264,2.053987,0.44550765,2.2308936,2,malignant,Preprocessed_Dataset/ddsm/ddsm_4978.jpg,ddsm,train
2.761767,1.6621244,1.5382264,1.7771914,2,malignant,Preprocessed_Dataset/cmmd/cmmd_1393.jpg,cmmd,train
0.5755875,1.140905,0.6212771,1.7902441,1,benign,Preprocessed_Dataset/ddsm/ddsm_7785.jpg,ddsm,train
0.7554604,1.241106,0.3968252,1.5491697,1,benign,Preprocessed_Dataset/ddsm/ddsm_8165.jpg,ddsm,train
0.45817244,1.8048223,1.3747257,1.4203491,0,normal,Preprocessed_Dataset/ddsm/ddsm_1379.jpg,ddsm,train
2.374973,2.1639688,0.80848634,2.3947506,0,normal,Preprocessed_Dataset/kau-bcmd/kau-bcmd_1858.jpg,kau-bcmd,train
0.6019676,1.7936939,0.16774541,2.550395,0,normal,Preprocessed_Dataset/ddsm/ddsm_1030.jpg,ddsm,train
0.8334026,1.2438326,0.12473452,2.0691602,0,normal,Preprocessed_Dataset/ddsm/ddsm_1904.jpg,ddsm,train
0.5111737,2.276341,1.278692,2.4662483,2,malignant,Preprocessed_Dataset/ddsm/ddsm_6219.jpg,ddsm,train
2.2421155,2.0057495,0.7747365,2.8141286,2,malignant,Preprocessed_Dataset/cmmd/cmmd_3856.jpg,cmmd,train
0.4514168,0.9755252,1.3138926,2.2504802,1,benign,Preprocessed_Dataset/ddsm/ddsm_9948.jpg,ddsm,train
2.5260913,0.6516478,0.9859324,2.1918418,2,malignant,Preprocessed_Dataset/cmmd/cmmd_2521.jpg,cmmd,train
2.3979654,1.5776764,0.58506644,2.6020093,0,normal,Preprocessed_Dataset/kau-bcmd/kau-bcmd_1908.jpg,kau-bcmd,train
1.5913701,2.110927,0.6227817,1.3120282,0,normal,Preprocessed_Dataset/cdd-cesm/cdd-cesm_716.jpg,cdd-cesm,train
0.6038495,1.0466443,0.2499435,2.2059922,1,benign,Preprocessed_Dataset/ddsm/ddsm_7617.jpg,ddsm,train
0.72404975,1.6730442,0.36774337,1.7987015,1,benign,Preprocessed_Dataset/ddsm/ddsm_6469.jpg,ddsm,train
1.4051342,2.0776322,0.32087195,2.514793,2,malignant,Preprocessed_Dataset/inbreast/inbreast_184.jpg,inbreast,train
0.9652431,1.6315331,0.38428253,1.986055,0,normal,Preprocessed_Dataset/ddsm/ddsm_450.jpg,ddsm,train
0.31897485,0.98279256,2.8129756,2.5650187,2,malignant,Preprocessed_Dataset/ddsm/ddsm_5260.jpg,ddsm,train
0.70452917,2.3192098,0.26551545,2.1561995,0,normal,Preprocessed_Dataset/ddsm/ddsm_2679.jpg,ddsm,train
0.9281901,2.4547606,0.5794203,1.6236942,1,benign,Preprocessed_Dataset/ddsm/ddsm_9263.jpg,ddsm,train
0.6833205,1.3704679,0.39248693,1.7987223,0,normal,Preprocessed_Dataset/ddsm/ddsm_1109.jpg,ddsm,train
0.52498925,2.0711596,1.6796141,1.8002156,2,malignant,Preprocessed_Dataset/ddsm/ddsm_2998.jpg,ddsm,train
1.9250495,1.3716105,0.9080463,2.6267166,1,benign,Preprocessed_Dataset/kau-bcmd/kau-bcmd_929.jpg,kau-bcmd,train
0.45268363,1.2044644,2.182198,2.463307,1,benign,Preprocessed_Dataset/ddsm/ddsm_8064.jpg,ddsm,train
1.7519436,0.75110143,0.77644503,2.5966806,1,benign,Preprocessed_Dataset/kau-bcmd/kau-bcmd_1463.jpg,kau-bcmd,train
2.384059,1.378211,1.0890033,2.0337105,2,malignant,Preprocessed_Dataset/cmmd/cmmd_2573.jpg,cmmd,train
0.5243931,0.87750447,0.6694847,1.4798257,0,normal,Preprocessed_Dataset/ddsm/ddsm_1116.jpg,ddsm,train
1.1208532,2.4531395,0.782981,1.621702,0,normal,Preprocessed_Dataset/ddsm/ddsm_2319.jpg,ddsm,train
2.7606,0.4083532,1.3128068,2.1697104,2,malignant,Preprocessed_Dataset/cmmd/cmmd_3298.jpg,cmmd,train
2.3865316,1.8500202,0.7736846,2.5301385,2,malignant,Preprocessed_Dataset/cmmd/cmmd_3940.jpg,cmmd,train
0.71291,2.1621125,0.674386,2.2382207,0,normal,Preprocessed_Dataset/ddsm/ddsm_2482.jpg,ddsm,train
0.79624194,2.068287,0.3285882,2.3087518,2,malignant,Preprocessed_Dataset/ddsm/ddsm_5238.jpg,ddsm,train
0.90977687,2.2080362,0.94709545,1.4050369,0,normal,Preprocessed_Dataset/ddsm/ddsm_1334.jpg,ddsm,train
1.8857834,1.305807,0.72337264,2.230752,2,malignant,Preprocessed_Dataset/cmmd/cmmd_4783.jpg,cmmd,train
1.9954343,0.41895723,0.5887861,2.5967727,1,benign,Preprocessed_Dataset/cmmd/cmmd_1790.jpg,cmmd,train
2.4820108,1.8939757,0.71820915,2.519212,2,malignant,Preprocessed_Dataset/cmmd/cmmd_3745.jpg,cmmd,train
0.49644566,1.4641953,1.7226143,2.2880523,2,malignant,Preprocessed_Dataset/ddsm/ddsm_6310.jpg,ddsm,train
1.6079438,2.3818393,0.33638,2.3862758,0,normal,Preprocessed_Dataset/kau-bcmd/kau-bcmd_833.jpg,kau-bcmd,train
0.6028314,2.067725,0.23927265,2.0783331,1,benign,Preprocessed_Dataset/ddsm/ddsm_6927.jpg,ddsm,train
2.2608304,2.670405,1.4211766,0.9550307,2,malignant,Preprocessed_Dataset/cdd-cesm/cdd-cesm_257.jpg,cdd-cesm,train
0.5567044,1.9987444,1.1172409,2.6494725,1,benign,Preprocessed_Dataset/ddsm/ddsm_6659.jpg,ddsm,train
0.5896924,0.9946303,0.37828815,2.201864,2,malignant,Preprocessed_Dataset/ddsm/ddsm_2952.jpg,ddsm,train
1.1996764,1.46244,0.33421773,1.5512543,2,malignant,Preprocessed_Dataset/cdd-cesm/cdd-cesm_851.jpg,cdd-cesm,train
2.6332734,1.825311,1.5619888,1.5793368,1,benign,Preprocessed_Dataset/cmmd/cmmd_1929.jpg,cmmd,train
2.2874207,0.23876369,1.1728102,2.2742338,2,malignant,Preprocessed_Dataset/cmmd/cmmd_4599.jpg,cmmd,train
0.58003914,2.197958,2.0328417,2.7164416,1,benign,Preprocessed_Dataset/ddsm/ddsm_8870.jpg,ddsm,train
2.150327,2.9244463,2.1525726,0.82137024,0,normal,Preprocessed_Dataset/cdd-cesm/cdd-cesm_129.jpg,cdd-cesm,train
0.7067216,0.9908534,0.9468067,1.9871914,1,benign,Preprocessed_Dataset/ddsm/ddsm_7924.jpg,ddsm,train
2.1918871,0.77048635,0.7619839,2.3559406,2,malignant,Preprocessed_Dataset/cmmd/cmmd_3388.jpg,cmmd,train
1.7587312,0.4532416,0.9249155,1.5047314,1,benign,Preprocessed_Dataset/inbreast/inbreast_317.jpg,inbreast,train
1.7989677,2.3552635,0.5494604,2.383686,0,normal,Preprocessed_Dataset/kau-bcmd/kau-bcmd_531.jpg,kau-bcmd,train
2.0873222,0.5366268,0.89170134,1.7064694,1,benign,Preprocessed_Dataset/inbreast/inbreast_406.jpg,inbreast,train
0.52358705,1.5346804,2.1725023,2.8659134,1,benign,Preprocessed_Dataset/ddsm/ddsm_7930.jpg,ddsm,train
2.030409,0.45052612,1.014124,1.9961567,0,normal,Preprocessed_Dataset/kau-bcmd/kau-bcmd_1083.jpg,kau-bcmd,train
1.2951931,2.9313073,0.48147422,1.7866664,0,normal,Preprocessed_Dataset/ddsm/ddsm_687.jpg,ddsm,train
1.2288102,0.9982854,0.6511091,2.0999506,0,normal,Preprocessed_Dataset/kau-bcmd/kau-bcmd_1725.jpg,kau-bcmd,train
2.562786,1.9394137,0.67380434,2.3635998,2,malignant,Preprocessed_Dataset/cmmd/cmmd_1774.jpg,cmmd,train
2.2045515,0.26622236,0.9225048,2.1905317,2,malignant,Preprocessed_Dataset/cmmd/cmmd_4721.jpg,cmmd,train
0.58438915,1.0330154,1.7777402,1.5864532,1,benign,Preprocessed_Dataset/ddsm/ddsm_10049.jpg,ddsm,train
0.597986,0.8179388,0.65399456,1.8796707,0,normal,Preprocessed_Dataset/ddsm/ddsm_1300.jpg,ddsm,train
2.7342186,2.1370397,1.2315043,2.011738,2,malignant,Preprocessed_Dataset/cmmd/cmmd_1745.jpg,cmmd,train
2.563418,2.0589085,0.73125184,2.4641457,2,malignant,Preprocessed_Dataset/cmmd/cmmd_66.jpg,cmmd,train
0.88688076,1.1340153,1.8121346,2.9342194,2,malignant,Preprocessed_Dataset/ddsm/ddsm_5083.jpg,ddsm,train
2.574955,2.27745,1.1691295,1.9153864,1,benign,Preprocessed_Dataset/cmmd/cmmd_423.jpg,cmmd,train
2.391458,1.9824618,0.72328556,2.6286788,0,normal,Preprocessed_Dataset/kau-bcmd/kau-bcmd_2124.jpg,kau-bcmd,train
2.7760224,1.9782926,1.2301116,2.2961257,2,malignant,Preprocessed_Dataset/cmmd/cmmd_1225.jpg,cmmd,train
0.9136442,0.6761033,0.39257032,2.25989,1,benign,Preprocessed_Dataset/ddsm/ddsm_7172.jpg,ddsm,train
0.20028567,1.1326066,3.066729,2.2243183,2,malignant,Preprocessed_Dataset/ddsm/ddsm_5508.jpg,ddsm,train
2.548417,1.0406239,1.0277784,1.8245182,1,benign,Preprocessed_Dataset/cmmd/cmmd_2125.jpg,cmmd,train
0.7802815,1.3718656,1.9850615,1.2874385,2,malignant,Preprocessed_Dataset/ddsm/ddsm_6202.jpg,ddsm,train
1.1095575,0.9839204,0.23579717,2.1182861,0,normal,Preprocessed_Dataset/kau-bcmd/kau-bcmd_722.jpg,kau-bcmd,train
1.8224765,2.5539522,0.5732131,2.2099202,0,normal,Preprocessed_Dataset/kau-bcmd/kau-bcmd_1772.jpg,kau-bcmd,train
0.40032107,0.7766056,1.6612167,2.27458,2,malignant,Preprocessed_Dataset/ddsm/ddsm_4260.jpg,ddsm,train
0.76996934,2.0832036,2.3307614,2.4689877,2,malignant,Preprocessed_Dataset/ddsm/ddsm_5423.jpg,ddsm,train
0.66561306,2.1764755,0.48452976,1.7269591,1,benign,Preprocessed_Dataset/ddsm/ddsm_9139.jpg,ddsm,train
1.9409132,0.5406443,0.871937,2.2765503,0,normal,Preprocessed_Dataset/kau-bcmd/kau-bcmd_341.jpg,kau-bcmd,train
0.59863424,2.1016545,1.4548628,1.4796016,1,benign,Preprocessed_Dataset/ddsm/ddsm_7806.jpg,ddsm,train
0.6884651,0.8984297,0.24964237,2.3877385,0,normal,Preprocessed_Dataset/ddsm/ddsm_1713.jpg,ddsm,train
0.86939186,2.4969368,0.30549872,2.3037221,0,normal,Preprocessed_Dataset/ddsm/ddsm_1195.jpg,ddsm,train
0.6020975,1.3743532,0.19789201,2.0824401,0,normal,Preprocessed_Dataset/ddsm/ddsm_2056.jpg,ddsm,train
0.46151483,1.9907718,2.385818,2.800889,1,benign,Preprocessed_Dataset/ddsm/ddsm_9167.jpg,ddsm,train
2.7121482,0.3003379,1.0335029,1.9394531,2,malignant,Preprocessed_Dataset/cmmd/cmmd_5052.jpg,cmmd,train
2.1699061,0.11694467,1.0665138,1.7408211,0,normal,Preprocessed_Dataset/kau-bcmd/kau-bcmd_1099.jpg,kau-bcmd,train
0.503555,1.0901964,1.6335125,1.8060708,1,benign,Preprocessed_Dataset/ddsm/ddsm_8957.jpg,ddsm,train
1.6504526,2.5189981,0.47046834,2.4418964,0,normal,Preprocessed_Dataset/kau-bcmd/kau-bcmd_109.jpg,kau-bcmd,train
1.8114175,2.0193465,0.41719186,2.615438,0,normal,Preprocessed_Dataset/kau-bcmd/kau-bcmd_1818.jpg,kau-bcmd,train
0.3017807,0.9370264,0.49849448,1.8795617,0,normal,Preprocessed_Dataset/ddsm/ddsm_2480.jpg,ddsm,train
2.7505822,0.68875,1.1033741,2.2117755,2,malignant,Preprocessed_Dataset/cmmd/cmmd_2707.jpg,cmmd,train
0.9441551,0.7040818,0.4917503,1.5757169,0,normal,Preprocessed_Dataset/ddsm/ddsm_2568.jpg,ddsm,train
2.2192438,2.2969003,1.0235001,2.063594,1,benign,Preprocessed_Dataset/inbreast/inbreast_120.jpg,inbreast,train
1.0352739,1.1233381,0.5324817,1.4762653,2,malignant,Preprocessed_Dataset/ddsm/ddsm_3713.jpg,ddsm,train
1.2392672,2.6585534,0.5023633,2.156397,0,normal,Preprocessed_Dataset/ddsm/ddsm_2458.jpg,ddsm,train
2.74406,2.3268504,1.117311,2.2618966,2,malignant,Preprocessed_Dataset/cmmd/cmmd_1579.jpg,cmmd,train
2.815106,2.087978,1.0453134,2.1769173,2,malignant,Preprocessed_Dataset/cmmd/cmmd_1433.jpg,cmmd,train
1.2195851,2.5250962,0.17729521,2.1747255,0,normal,Preprocessed_Dataset/ddsm/ddsm_715.jpg,ddsm,train
1.0697688,2.359386,0.38148052,2.1991408,2,malignant,Preprocessed_Dataset/ddsm/ddsm_5571.jpg,ddsm,train
0.9349942,0.5460773,1.0100988,1.184566,0,normal,Preprocessed_Dataset/ddsm/ddsm_485.jpg,ddsm,train
0.46840948,0.4129486,0.39987344,2.212552,0,normal,Preprocessed_Dataset/ddsm/ddsm_1576.jpg,ddsm,train
2.8623931,2.1609724,0.9494412,2.3084323,2,malignant,Preprocessed_Dataset/cmmd/cmmd_1144.jpg,cmmd,train
0.46325153,0.8245231,0.463201,1.9803406,2,malignant,Preprocessed_Dataset/ddsm/ddsm_4196.jpg,ddsm,train
1.9064305,2.3919926,0.9805566,1.038553,2,malignant,Preprocessed_Dataset/cdd-cesm/cdd-cesm_793.jpg,cdd-cesm,train
1.9462795,1.4660581,0.5716188,2.0476303,2,malignant,Preprocessed_Dataset/dmid/dmid_60.jpg,dmid,train
2.217093,0.9753441,0.8533268,2.121445,1,benign,Preprocessed_Dataset/cmmd/cmmd_2388.jpg,cmmd,train
2.2448802,0.41060233,0.8275754,2.2428591,2,malignant,Preprocessed_Dataset/cmmd/cmmd_4631.jpg,cmmd,train
2.5953245,2.186393,1.1270425,1.9766605,2,malignant,Preprocessed_Dataset/cmmd/cmmd_880.jpg,cmmd,train
0.8389624,0.8341994,0.7575345,1.4063199,0,normal,Preprocessed_Dataset/ddsm/ddsm_180.jpg,ddsm,train
0.41015154,1.3803748,1.6479226,2.150612,2,malignant,Preprocessed_Dataset/ddsm/ddsm_3149.jpg,ddsm,train
0.77330667,2.6361055,1.0207525,2.1538496,1,benign,Preprocessed_Dataset/ddsm/ddsm_9199.jpg,ddsm,train
2.525245,1.6644647,1.144547,2.4324973,0,normal,Preprocessed_Dataset/kau-bcmd/kau-bcmd_145.jpg,kau-bcmd,train
0.7623243,2.019856,1.4900815,2.4674423,2,malignant,Preprocessed_Dataset/ddsm/ddsm_5119.jpg,ddsm,train
0.51825017,1.4187572,0.058217824,2.2609096,0,normal,Preprocessed_Dataset/ddsm/ddsm_156.jpg,ddsm,train
1.8974187,2.2808735,0.52842605,2.4861877,0,normal,Preprocessed_Dataset/kau-bcmd/kau-bcmd_1683.jpg,kau-bcmd,train
2.535953,2.432211,1.0445752,2.0544488,0,normal,Preprocessed_Dataset/kau-bcmd/kau-bcmd_1716.jpg,kau-bcmd,train
1.6966765,0.90767944,0.892082,1.7546637,0,normal,Preprocessed_Dataset/kau-bcmd/kau-bcmd_2161.jpg,kau-bcmd,train
0.82418454,1.1136181,0.5770074,1.9301909,2,malignant,Preprocessed_Dataset/ddsm/ddsm_6109.jpg,ddsm,train
1.155502,0.9695759,0.3252653,2.1845021,1,benign,Preprocessed_Dataset/inbreast/inbreast_321.jpg,inbreast,train
0.5108951,1.0797985,1.9460604,1.6720474,1,benign,Preprocessed_Dataset/ddsm/ddsm_10248.jpg,ddsm,train
1.9776068,1.1769075,0.8130113,3.034772,1,benign,Preprocessed_Dataset/kau-bcmd/kau-bcmd_488.jpg,kau-bcmd,train
0.39988834,1.2106292,0.45482397,1.7878972,2,malignant,Preprocessed_Dataset/ddsm/ddsm_4976.jpg,ddsm,train
1.4209465,2.5052972,2.6975837,2.1959867,1,benign,Preprocessed_Dataset/ddsm/ddsm_9983.jpg,ddsm,train
0.90215987,2.2513762,0.4284112,2.0538588,0,normal,Preprocessed_Dataset/ddsm/ddsm_1227.jpg,ddsm,train
0.647208,0.9980614,0.45527685,2.2381034,0,normal,Preprocessed_Dataset/ddsm/ddsm_1377.jpg,ddsm,train
2.1588695,2.8972864,2.1391513,0.66205525,1,benign,Preprocessed_Dataset/cdd-cesm/cdd-cesm_32.jpg,cdd-cesm,train
2.348803,2.7009141,2.0125113,1.1526875,1,benign,Preprocessed_Dataset/cdd-cesm/cdd-cesm_539.jpg,cdd-cesm,train
0.8381123,1.033294,0.35236543,1.7217174,2,malignant,Preprocessed_Dataset/ddsm/ddsm_5493.jpg,ddsm,train
2.7506447,0.7056926,1.125556,1.9237261,2,malignant,Preprocessed_Dataset/cmmd/cmmd_2665.jpg,cmmd,train
1.6612791,2.6326709,1.1176382,1.146508,0,normal,Preprocessed_Dataset/ddsm/ddsm_1134.jpg,ddsm,train
1.9576684,2.0210834,0.69664717,2.115991,0,normal,Preprocessed_Dataset/dmid/dmid_208.jpg,dmid,train
2.9593472,1.6652513,1.1563818,2.030767,2,malignant,Preprocessed_Dataset/cmmd/cmmd_1070.jpg,cmmd,train
1.6922292,0.8086898,0.9180148,2.6852791,0,normal,Preprocessed_Dataset/kau-bcmd/kau-bcmd_578.jpg,kau-bcmd,train
0.6156886,2.2029066,0.763952,1.4178374,0,normal,Preprocessed_Dataset/ddsm/ddsm_166.jpg,ddsm,train
0.7397481,2.4966547,0.66384816,1.5495167,0,normal,Preprocessed_Dataset/ddsm/ddsm_66.jpg,ddsm,train
2.4736981,1.966464,0.93913615,2.447194,1,benign,Preprocessed_Dataset/cmmd/cmmd_692.jpg,cmmd,train
2.1739655,1.8676193,0.70527536,2.3315043,0,normal,Preprocessed_Dataset/kau-bcmd/kau-bcmd_1884.jpg,kau-bcmd,train
0.90955365,1.1508691,0.40308732,2.0152018,1,benign,Preprocessed_Dataset/ddsm/ddsm_8361.jpg,ddsm,train
2.602418,0.5995482,0.90935785,2.4478583,1,benign,Preprocessed_Dataset/cmmd/cmmd_2281.jpg,cmmd,train
2.2242494,2.042269,1.0655292,2.3268702,0,normal,Preprocessed_Dataset/kau-bcmd/kau-bcmd_1898.jpg,kau-bcmd,train
0.19714594,1.9095678,2.663269,2.480264,2,malignant,Preprocessed_Dataset/ddsm/ddsm_5718.jpg,ddsm,train
0.7826712,2.0978756,0.64675474,2.010683,2,malignant,Preprocessed_Dataset/ddsm/ddsm_5322.jpg,ddsm,train
0.9056952,2.466239,0.37161887,2.1661022,0,normal,Preprocessed_Dataset/ddsm/ddsm_2143.jpg,ddsm,train
2.6771512,0.9732075,1.455885,1.8285295,2,malignant,Preprocessed_Dataset/cmmd/cmmd_4460.jpg,cmmd,train
2.4828827,1.9047434,1.0315362,2.1421556,2,malignant,Preprocessed_Dataset/cmmd/cmmd_3645.jpg,cmmd,train
1.2521883,0.9869973,0.86422133,1.1382636,0,normal,Preprocessed_Dataset/kau-bcmd/kau-bcmd_1961.jpg,kau-bcmd,train
1.412609,1.1996129,0.874192,1.3096876,1,benign,Preprocessed_Dataset/dmid/dmid_319.jpg,dmid,train
0.817792,2.1106808,0.4165833,2.2834668,2,malignant,Preprocessed_Dataset/ddsm/ddsm_6062.jpg,ddsm,train
0.5282127,0.9368542,0.51938653,1.6573768,0,normal,Preprocessed_Dataset/ddsm/ddsm_2592.jpg,ddsm,train
2.3859851,0.109360576,0.95201427,2.2006059,2,malignant,Preprocessed_Dataset/cmmd/cmmd_4914.jpg,cmmd,train
2.0408292,0.6345025,0.9558954,1.7198389,0,normal,Preprocessed_Dataset/dmid/dmid_349.jpg,dmid,train
0.72398645,1.299674,0.19151068,2.6279573,2,malignant,Preprocessed_Dataset/ddsm/ddsm_6297.jpg,ddsm,train
2.5077379,0.7620326,1.3627257,2.3485913,2,malignant,Preprocessed_Dataset/cmmd/cmmd_5188.jpg,cmmd,train
2.295603,2.1488948,0.57891977,2.7029886,2,malignant,Preprocessed_Dataset/cmmd/cmmd_1369.jpg,cmmd,train
0.76246613,2.23903,0.71448773,2.1382537,2,malignant,Preprocessed_Dataset/ddsm/ddsm_6382.jpg,ddsm,train
3.1415925,1.7766796,1.8254433,1.4597132,1,benign,Preprocessed_Dataset/cmmd/cmmd_442.jpg,cmmd,train
0.7324045,0.9919758,1.4526746,2.133654,1,benign,Preprocessed_Dataset/ddsm/ddsm_10056.jpg,ddsm,train
2.0240197,1.754,0.96788365,2.2963183,0,normal,Preprocessed_Dataset/dmid/dmid_350.jpg,dmid,train
1.6165916,0.91838384,0.595196,2.8257651,0,normal,Preprocessed_Dataset/kau-bcmd/kau-bcmd_199.jpg,kau-bcmd,train
2.3854918,1.6780505,0.83185786,2.2404215,2,malignant,Preprocessed_Dataset/cmmd/cmmd_280.jpg,cmmd,train
2.089064,2.3472357,0.47433814,2.5049295,0,normal,Preprocessed_Dataset/kau-bcmd/kau-bcmd_1430.jpg,kau-bcmd,train
0.7111603,2.6874418,0.73443806,1.4724919,0,normal,Preprocessed_Dataset/ddsm/ddsm_639.jpg,ddsm,train
0.58393025,0.6862227,0.52216566,1.7678878,0,normal,Preprocessed_Dataset/ddsm/ddsm_2000.jpg,ddsm,train
1.8435311,2.2655528,0.62126136,2.0903397,2,malignant,Preprocessed_Dataset/cmmd/cmmd_1455.jpg,cmmd,train
2.7096815,0.6962916,1.3139946,1.5836194,2,malignant,Preprocessed_Dataset/cmmd/cmmd_3040.jpg,cmmd,train
0.783775,1.0799389,0.6306709,1.5958142,0,normal,Preprocessed_Dataset/ddsm/ddsm_2553.jpg,ddsm,train
0.42632985,1.0868177,0.6755948,1.4161742,1,benign,Preprocessed_Dataset/ddsm/ddsm_8116.jpg,ddsm,train
2.5491855,2.4014468,1.8333507,1.525896,2,malignant,Preprocessed_Dataset/cmmd/cmmd_3719.jpg,cmmd,train
1.1515499,1.9677391,0.41742653,2.0160072,1,benign,Preprocessed_Dataset/ddsm/ddsm_7579.jpg,ddsm,train
0.2863078,0.7095755,2.0766249,2.6126606,2,malignant,Preprocessed_Dataset/ddsm/ddsm_4829.jpg,ddsm,train
0.7341666,1.0578767,0.22262424,1.9074185,1,benign,Preprocessed_Dataset/ddsm/ddsm_6633.jpg,ddsm,train
1.7924075,1.1645241,1.2492182,1.0865576,2,malignant,Preprocessed_Dataset/cdd-cesm/cdd-cesm_701.jpg,cdd-cesm,train
2.83605,2.0156047,1.2911252,1.8729258,2,malignant,Preprocessed_Dataset/cmmd/cmmd_3744.jpg,cmmd,train
2.2576852,0.7591842,0.79303473,2.1263387,2,malignant,Preprocessed_Dataset/cmmd/cmmd_2630.jpg,cmmd,train
0.58603674,0.68176264,0.7115712,1.6831102,0,normal,Preprocessed_Dataset/ddsm/ddsm_392.jpg,ddsm,train
2.488851,1.0677541,0.9856104,2.4020464,2,malignant,Preprocessed_Dataset/cmmd/cmmd_3980.jpg,cmmd,train
0.7446785,1.447778,0.5540523,1.2484517,0,normal,Preprocessed_Dataset/ddsm/ddsm_1004.jpg,ddsm,train
0.5057626,0.84727985,0.12304956,2.350386,1,benign,Preprocessed_Dataset/ddsm/ddsm_8820.jpg,ddsm,train
0.9841721,1.6841681,0.3714906,1.8990092,0,normal,Preprocessed_Dataset/ddsm/ddsm_127.jpg,ddsm,train
0.35043454,0.9125897,1.1865194,2.176612,1,benign,Preprocessed_Dataset/ddsm/ddsm_9212.jpg,ddsm,train
0.9157864,0.76720166,0.7009497,1.8096203,1,benign,Preprocessed_Dataset/ddsm/ddsm_8076.jpg,ddsm,train
2.581991,2.943069,1.7011888,1.08673,0,normal,Preprocessed_Dataset/cdd-cesm/cdd-cesm_95.jpg,cdd-cesm,train
0.41574907,2.3448458,0.35818303,1.9143231,2,malignant,Preprocessed_Dataset/ddsm/ddsm_3682.jpg,ddsm,train
0.3003447,1.1854701,1.0119865,2.545013,1,benign,Preprocessed_Dataset/ddsm/ddsm_6736.jpg,ddsm,train
2.912922,2.0111527,1.661057,1.7599409,2,malignant,Preprocessed_Dataset/cmmd/cmmd_268.jpg,cmmd,train
0.64389753,1.139169,0.20926726,2.2228734,1,benign,Preprocessed_Dataset/ddsm/ddsm_7657.jpg,ddsm,train
0.7265343,1.3687625,0.28110754,1.8693733,1,benign,Preprocessed_Dataset/ddsm/ddsm_7485.jpg,ddsm,train
1.7102171,1.4615241,0.6037367,1.98904,0,normal,Preprocessed_Dataset/dmid/dmid_377.jpg,dmid,train
0.57226884,2.1858733,1.4876778,1.4428053,2,malignant,Preprocessed_Dataset/ddsm/ddsm_5806.jpg,ddsm,train
0.663665,2.109849,0.807153,1.770674,0,normal,Preprocessed_Dataset/ddsm/ddsm_1407.jpg,ddsm,train
0.43644136,1.5817356,0.46765023,1.7055249,1,benign,Preprocessed_Dataset/ddsm/ddsm_10174.jpg,ddsm,train
1.7966286,2.094995,0.57052934,2.5347745,0,normal,Preprocessed_Dataset/kau-bcmd/kau-bcmd_2039.jpg,kau-bcmd,train
1.8326827,2.2618065,0.8190282,2.2715988,0,normal,Preprocessed_Dataset/kau-bcmd/kau-bcmd_49.jpg,kau-bcmd,train
1.3960278,0.41653383,0.84375465,1.9703528,0,normal,Preprocessed_Dataset/kau-bcmd/kau-bcmd_1775.jpg,kau-bcmd,train
0.33086526,2.2266326,1.5968957,2.2930474,1,benign,Preprocessed_Dataset/ddsm/ddsm_7959.jpg,ddsm,train
2.8035364,1.0289707,1.2526922,1.9647552,2,malignant,Preprocessed_Dataset/cmmd/cmmd_2851.jpg,cmmd,train
2.747981,2.6137848,1.237671,1.919537,1,benign,Preprocessed_Dataset/cmmd/cmmd_597.jpg,cmmd,train
2.1565254,0.5354873,0.5879804,2.6754615,2,malignant,Preprocessed_Dataset/cmmd/cmmd_3180.jpg,cmmd,train
1.1162336,2.513843,0.4482106,1.8661275,1,benign,Preprocessed_Dataset/ddsm/ddsm_8011.jpg,ddsm,train
0.68459153,1.0231862,0.20679194,2.3015106,2,malignant,Preprocessed_Dataset/ddsm/ddsm_4604.jpg,ddsm,train
1.6766521,1.4491019,0.5042796,1.8709115,1,benign,Preprocessed_Dataset/ddsm/ddsm_10277.jpg,ddsm,train
1.2433567,2.5348177,0.20598829,2.315285,2,malignant,Preprocessed_Dataset/ddsm/ddsm_4615.jpg,ddsm,train
0.7208531,2.4268787,0.37766755,2.2065246,0,normal,Preprocessed_Dataset/ddsm/ddsm_1530.jpg,ddsm,train
0.90272474,1.9914224,1.818586,1.5432466,1,benign,Preprocessed_Dataset/ddsm/ddsm_9626.jpg,ddsm,train
1.0628443,2.2494764,0.6634754,2.008995,1,benign,Preprocessed_Dataset/ddsm/ddsm_6619.jpg,ddsm,train
2.290657,0.63634664,0.7476924,2.5054662,1,benign,Preprocessed_Dataset/cmmd/cmmd_2251.jpg,cmmd,train
0.44008607,2.3917828,1.492709,2.149263,2,malignant,Preprocessed_Dataset/ddsm/ddsm_6407.jpg,ddsm,train
0.9212941,2.566505,0.40430456,1.9459362,2,malignant,Preprocessed_Dataset/ddsm/ddsm_3242.jpg,ddsm,train
2.3580482,1.8644966,1.0643265,1.9095521,0,normal,Preprocessed_Dataset/kau-bcmd/kau-bcmd_1712.jpg,kau-bcmd,train
1.5462241,0.7211223,0.4685644,2.006493,1,benign,Preprocessed_Dataset/inbreast/inbreast_241.jpg,inbreast,train
2.3784983,0.5671301,1.0190561,2.4264019,2,malignant,Preprocessed_Dataset/cmmd/cmmd_4527.jpg,cmmd,train
0.42303604,0.9556799,0.6325455,1.444157,2,malignant,Preprocessed_Dataset/ddsm/ddsm_5868.jpg,ddsm,train
0.45286953,2.0399592,2.534699,1.7884665,1,benign,Preprocessed_Dataset/ddsm/ddsm_9675.jpg,ddsm,train
1.1668608,2.4096975,0.99445,1.294554,2,malignant,Preprocessed_Dataset/ddsm/ddsm_6047.jpg,ddsm,train
1.1805874,1.3057777,0.4766846,1.9869989,1,benign,Preprocessed_Dataset/ddsm/ddsm_7316.jpg,ddsm,train
0.64313924,1.0835702,0.38842142,2.2011347,0,normal,Preprocessed_Dataset/ddsm/ddsm_776.jpg,ddsm,train
0.4677899,0.7544407,0.6772928,1.2797695,0,normal,Preprocessed_Dataset/ddsm/ddsm_557.jpg,ddsm,train
0.890344,1.2967873,1.9068587,2.872083,1,benign,Preprocessed_Dataset/ddsm/ddsm_7182.jpg,ddsm,train
0.8496404,1.0627993,0.67324144,1.4274251,0,normal,Preprocessed_Dataset/ddsm/ddsm_232.jpg,ddsm,train
0.8253291,1.2743783,1.4516666,1.811813,2,malignant,Preprocessed_Dataset/ddsm/ddsm_3676.jpg,ddsm,train
0.97634506,1.2130301,0.6431874,1.5049472,0,normal,Preprocessed_Dataset/ddsm/ddsm_325.jpg,ddsm,train
0.8654068,2.550416,0.33343136,1.8764985,0,normal,Preprocessed_Dataset/ddsm/ddsm_1187.jpg,ddsm,train
0.24730253,2.2622097,2.2849479,2.4751763,1,benign,Preprocessed_Dataset/ddsm/ddsm_6679.jpg,ddsm,train
0.953231,2.1082454,0.15523899,2.1108384,0,normal,Preprocessed_Dataset/ddsm/ddsm_1186.jpg,ddsm,train
1.37355,1.3901789,0.43704534,1.8016005,1,benign,Preprocessed_Dataset/ddsm/ddsm_10201.jpg,ddsm,train
2.6968775,2.148777,0.9165332,2.4843495,2,malignant,Preprocessed_Dataset/cmmd/cmmd_1255.jpg,cmmd,train
0.5753767,0.9352309,2.0763712,2.6105006,1,benign,Preprocessed_Dataset/ddsm/ddsm_9220.jpg,ddsm,train
2.152063,0.599442,1.0940307,1.9641821,0,normal,Preprocessed_Dataset/kau-bcmd/kau-bcmd_463.jpg,kau-bcmd,train
2.092419,0.8761732,1.0469798,2.1621947,0,normal,Preprocessed_Dataset/kau-bcmd/kau-bcmd_1361.jpg,kau-bcmd,train
1.108125,1.021033,0.5019975,1.2733458,0,normal,Preprocessed_Dataset/ddsm/ddsm_2172.jpg,ddsm,train
0.39394206,2.3191712,2.5347722,2.2864637,1,benign,Preprocessed_Dataset/ddsm/ddsm_8022.jpg,ddsm,train
0.8458548,2.437199,2.2569628,2.8993526,1,benign,Preprocessed_Dataset/ddsm/ddsm_8843.jpg,ddsm,train
0.54409593,0.72053504,2.1499696,2.3981152,1,benign,Preprocessed_Dataset/ddsm/ddsm_8660.jpg,ddsm,train
0.5142331,1.9440036,1.6647384,2.28514,1,benign,Preprocessed_Dataset/ddsm/ddsm_7715.jpg,ddsm,train
0.6801586,1.3908311,0.18819058,2.0128324,0,normal,Preprocessed_Dataset/ddsm/ddsm_1817.jpg,ddsm,train
1.77058,1.2853353,1.0918782,1.4497375,0,normal,Preprocessed_Dataset/dmid/dmid_207.jpg,dmid,train
0.90545136,1.2915473,1.8500161,1.9786218,1,benign,Preprocessed_Dataset/ddsm/ddsm_8927.jpg,ddsm,train
2.074693,0.7840374,0.49949235,2.3211687,2,malignant,Preprocessed_Dataset/cmmd/cmmd_3527.jpg,cmmd,train
0.72130495,2.3374183,0.33688104,2.2138145,1,benign,Preprocessed_Dataset/ddsm/ddsm_7035.jpg,ddsm,train
1.0665413,2.5117679,0.85362583,2.5237155,1,benign,Preprocessed_Dataset/ddsm/ddsm_6735.jpg,ddsm,train
0.49791533,1.2245089,1.1447412,2.5895548,1,benign,Preprocessed_Dataset/ddsm/ddsm_6741.jpg,ddsm,train
0.8299328,1.9963105,1.8924907,2.6860337,2,malignant,Preprocessed_Dataset/ddsm/ddsm_3963.jpg,ddsm,train
2.6027417,1.0290501,0.87942445,2.1699245,1,benign,Preprocessed_Dataset/cmmd/cmmd_2330.jpg,cmmd,train
1.367163,2.3678434,0.23395091,2.5480719,1,benign,Preprocessed_Dataset/inbreast/inbreast_256.jpg,inbreast,train
2.1062052,0.44260776,1.300339,1.340085,0,normal,Preprocessed_Dataset/kau-bcmd/kau-bcmd_1713.jpg,kau-bcmd,train
0.6314594,1.2088782,0.5576207,1.5350566,2,malignant,Preprocessed_Dataset/ddsm/ddsm_4753.jpg,ddsm,train
1.6719066,2.099467,0.7204065,2.3323228,0,normal,Preprocessed_Dataset/kau-bcmd/kau-bcmd_225.jpg,kau-bcmd,train
2.4343038,2.1920254,0.78773487,2.1144807,2,malignant,Preprocessed_Dataset/cmmd/cmmd_1404.jpg,cmmd,train
0.99426675,0.69541687,0.669965,1.494681,1,benign,Preprocessed_Dataset/ddsm/ddsm_9297.jpg,ddsm,train
1.1654698,1.1475903,0.6848668,1.3841279,2,malignant,Preprocessed_Dataset/ddsm/ddsm_3616.jpg,ddsm,train
0.8008299,1.3266693,0.51603895,1.6444256,0,normal,Preprocessed_Dataset/ddsm/ddsm_1569.jpg,ddsm,train
1.3243685,2.0696537,0.19283205,2.7900538,0,normal,Preprocessed_Dataset/inbreast/inbreast_115.jpg,inbreast,train
0.76361656,1.9278617,0.13051587,2.409599,0,normal,Preprocessed_Dataset/ddsm/ddsm_739.jpg,ddsm,train
2.3357103,0.95109445,0.80057144,2.2400956,2,malignant,Preprocessed_Dataset/cmmd/cmmd_1851.jpg,cmmd,train
2.8277688,2.1744666,1.2794335,2.1476655,2,malignant,Preprocessed_Dataset/cmmd/cmmd_1474.jpg,cmmd,train
2.0310385,0.016476989,1.2904902,1.6747437,0,normal,Preprocessed_Dataset/kau-bcmd/kau-bcmd_130.jpg,kau-bcmd,train
0.9892899,1.0522447,0.43683243,1.6598036,1,benign,Preprocessed_Dataset/ddsm/ddsm_6856.jpg,ddsm,train
0.6854187,1.7970946,1.4575042,2.5847318,1,benign,Preprocessed_Dataset/ddsm/ddsm_8998.jpg,ddsm,train
0.62373936,2.0585065,0.20678955,1.8564669,2,malignant,Preprocessed_Dataset/ddsm/ddsm_2782.jpg,ddsm,train
0.5429588,0.6905508,0.7757139,1.5278109,0,normal,Preprocessed_Dataset/ddsm/ddsm_1188.jpg,ddsm,train
2.2263649,2.0849547,0.51895666,2.4127173,0,normal,Preprocessed_Dataset/kau-bcmd/kau-bcmd_424.jpg,kau-bcmd,train
1.9256377,1.665122,1.0779068,1.1315234,2,malignant,Preprocessed_Dataset/cdd-cesm/cdd-cesm_770.jpg,cdd-cesm,train
0.41116208,2.0989265,2.1773305,2.6436145,2,malignant,Preprocessed_Dataset/ddsm/ddsm_3071.jpg,ddsm,train
0.5843108,0.8000973,0.25122416,2.288412,2,malignant,Preprocessed_Dataset/ddsm/ddsm_5188.jpg,ddsm,train
2.5892377,1.8756061,0.930177,2.1265042,2,malignant,Preprocessed_Dataset/cmmd/cmmd_926.jpg,cmmd,train
1.4618767,0.8787997,0.7450676,2.9002306,0,normal,Preprocessed_Dataset/kau-bcmd/kau-bcmd_738.jpg,kau-bcmd,train
2.2921534,1.7166384,0.6997268,2.612482,2,malignant,Preprocessed_Dataset/cmmd/cmmd_980.jpg,cmmd,train
2.0301507,1.9401249,0.9362785,1.433447,0,normal,Preprocessed_Dataset/cdd-cesm/cdd-cesm_242.jpg,cdd-cesm,train
1.8440894,2.4449565,0.3212552,2.49089,2,malignant,Preprocessed_Dataset/cmmd/cmmd_1452.jpg,cmmd,train
1.9336722,2.662033,1.0251596,1.4947242,2,malignant,Preprocessed_Dataset/cdd-cesm/cdd-cesm_960.jpg,cdd-cesm,train
2.3686247,0.97097355,0.63227147,2.2874827,2,malignant,Preprocessed_Dataset/cmmd/cmmd_4679.jpg,cmmd,train
0.4226321,2.2524548,0.40748364,1.6357294,2,malignant,Preprocessed_Dataset/ddsm/ddsm_4306.jpg,ddsm,train
1.5897704,2.0592113,0.6175055,2.3549106,0,normal,Preprocessed_Dataset/dmid/dmid_41.jpg,dmid,train
0.3536924,0.83337736,1.3179786,2.3082078,2,malignant,Preprocessed_Dataset/ddsm/ddsm_6217.jpg,ddsm,train
1.019842,2.5603309,0.5197854,1.9651235,0,normal,Preprocessed_Dataset/ddsm/ddsm_1071.jpg,ddsm,train
0.86099625,1.1482253,0.33732122,2.1335208,2,malignant,Preprocessed_Dataset/ddsm/ddsm_3665.jpg,ddsm,train
0.571527,0.805553,1.4191109,2.5929255,1,benign,Preprocessed_Dataset/ddsm/ddsm_7221.jpg,ddsm,train
0.76510483,1.7653346,0.6426841,2.0045986,0,normal,Preprocessed_Dataset/ddsm/ddsm_1479.jpg,ddsm,train
0.80051476,2.3220894,0.2992519,2.0522134,0,normal,Preprocessed_Dataset/ddsm/ddsm_1306.jpg,ddsm,train
0.5251456,1.8853755,0.8808318,1.972023,0,normal,Preprocessed_Dataset/ddsm/ddsm_2566.jpg,ddsm,train
2.5477204,0.6367232,0.8092415,2.2984145,2,malignant,Preprocessed_Dataset/cmmd/cmmd_3014.jpg,cmmd,train
0.72747433,1.4535884,1.2407982,1.1830897,0,normal,Preprocessed_Dataset/ddsm/ddsm_869.jpg,ddsm,train
2.0906618,0.12457979,0.97002393,2.4293563,2,malignant,Preprocessed_Dataset/cmmd/cmmd_2514.jpg,cmmd,train
1.5584106,0.7271731,0.72434944,2.0291548,0,normal,Preprocessed_Dataset/kau-bcmd/kau-bcmd_866.jpg,kau-bcmd,train
0.85092485,2.0521054,0.77157086,1.6437818,0,normal,Preprocessed_Dataset/ddsm/ddsm_259.jpg,ddsm,train
0.71607804,1.0622644,0.36100745,2.492313,1,benign,Preprocessed_Dataset/ddsm/ddsm_6504.jpg,ddsm,train
2.0859275,2.00215,0.7860092,2.599823,0,normal,Preprocessed_Dataset/kau-bcmd/kau-bcmd_129.jpg,kau-bcmd,train
0.31859672,2.217952,0.4171692,1.6471646,0,normal,Preprocessed_Dataset/ddsm/ddsm_2410.jpg,ddsm,train
0.99337924,0.89544386,0.74264705,1.6459789,0,normal,Preprocessed_Dataset/ddsm/ddsm_1573.jpg,ddsm,train
0.6104828,2.2463698,1.6967117,2.2484455,2,malignant,Preprocessed_Dataset/ddsm/ddsm_5551.jpg,ddsm,train
1.9906292,0.3700415,1.4080849,1.3756703,0,normal,Preprocessed_Dataset/kau-bcmd/kau-bcmd_1903.jpg,kau-bcmd,train
0.69093454,2.21102,0.4042989,2.2460268,2,malignant,Preprocessed_Dataset/ddsm/ddsm_3662.jpg,ddsm,train
1.3483545,0.94188046,0.98137254,2.136384,0,normal,Preprocessed_Dataset/kau-bcmd/kau-bcmd_26.jpg,kau-bcmd,train
0.82659125,1.5967569,0.4858887,1.9954573,0,normal,Preprocessed_Dataset/ddsm/ddsm_2607.jpg,ddsm,train
2.5519962,1.4031643,1.4463501,1.5213239,1,benign,Preprocessed_Dataset/cmmd/cmmd_2347.jpg,cmmd,train
1.5688,1.11983,0.5118742,2.134309,0,normal,Preprocessed_Dataset/dmid/dmid_204.jpg,dmid,train
2.340374,1.9513487,0.6052468,2.4346914,2,malignant,Preprocessed_Dataset/cmmd/cmmd_822.jpg,cmmd,train
1.4142863,0.70018744,0.53662026,2.418372,1,benign,Preprocessed_Dataset/ddsm/ddsm_6644.jpg,ddsm,train
2.5100846,1.6918564,0.69269156,2.2610798,2,malignant,Preprocessed_Dataset/cmmd/cmmd_1381.jpg,cmmd,train
0.7220308,2.2598562,0.14964825,1.9581463,0,normal,Preprocessed_Dataset/ddsm/ddsm_1410.jpg,ddsm,train
0.79495156,1.960264,0.5501677,2.185315,0,normal,Preprocessed_Dataset/ddsm/ddsm_1666.jpg,ddsm,train
2.090959,0.48545098,0.82355964,2.298185,2,malignant,Preprocessed_Dataset/cmmd/cmmd_5010.jpg,cmmd,train
1.041552,1.9605378,0.32337052,1.8420606,0,normal,Preprocessed_Dataset/ddsm/ddsm_2315.jpg,ddsm,train
0.45936197,2.060504,1.8321912,2.4678788,1,benign,Preprocessed_Dataset/ddsm/ddsm_9550.jpg,ddsm,train
1.8773274,2.0563052,1.1661009,1.8166227,1,benign,Preprocessed_Dataset/inbreast/inbreast_91.jpg,inbreast,train
0.9946587,2.4564662,0.38284534,2.12268,1,benign,Preprocessed_Dataset/ddsm/ddsm_8663.jpg,ddsm,train
0.8828387,1.0792053,0.37320024,1.6863494,2,malignant,Preprocessed_Dataset/ddsm/ddsm_4901.jpg,ddsm,train
0.58879644,0.77973586,0.50785255,1.5909811,0,normal,Preprocessed_Dataset/ddsm/ddsm_617.jpg,ddsm,train
1.1374171,2.4873333,0.41762072,2.2153668,0,normal,Preprocessed_Dataset/ddsm/ddsm_2130.jpg,ddsm,train
0.7371226,0.93804675,3.001449,1.6408832,1,benign,Preprocessed_Dataset/ddsm/ddsm_7248.jpg,ddsm,train
1.1815373,1.3844168,1.5181649,1.9008659,1,benign,Preprocessed_Dataset/ddsm/ddsm_7492.jpg,ddsm,train
2.1029148,0.91462225,0.5096053,2.4830263,2,malignant,Preprocessed_Dataset/cmmd/cmmd_3508.jpg,cmmd,train
2.2594252,2.0278342,0.73154306,2.2734506,0,normal,Preprocessed_Dataset/kau-bcmd/kau-bcmd_420.jpg,kau-bcmd,train
0.635964,0.92481184,0.41715366,2.0091078,1,benign,Preprocessed_Dataset/ddsm/ddsm_10228.jpg,ddsm,train
0.6944152,1.3366622,0.111308396,2.471112,2,malignant,Preprocessed_Dataset/ddsm/ddsm_3469.jpg,ddsm,train
0.63859344,1.602821,0.44904572,2.1719732,1,benign,Preprocessed_Dataset/ddsm/ddsm_10222.jpg,ddsm,train
2.3098645,1.7915432,0.7555102,2.3442025,0,normal,Preprocessed_Dataset/kau-bcmd/kau-bcmd_408.jpg,kau-bcmd,train
0.6116695,1.2419033,1.6477348,2.3566723,1,benign,Preprocessed_Dataset/ddsm/ddsm_6556.jpg,ddsm,train
1.4356146,1.2056446,0.6032573,2.8437164,0,normal,Preprocessed_Dataset/kau-bcmd/kau-bcmd_219.jpg,kau-bcmd,train
0.6546949,1.856853,0.98720133,2.6705666,1,benign,Preprocessed_Dataset/ddsm/ddsm_6495.jpg,ddsm,train
0.7623393,1.1778512,0.5948801,1.6338019,0,normal,Preprocessed_Dataset/ddsm/ddsm_173.jpg,ddsm,train
0.7314216,1.928469,3.141593,2.8328424,1,benign,Preprocessed_Dataset/ddsm/ddsm_9123.jpg,ddsm,train
1.9358897,0.93718266,0.9138064,2.0241184,0,normal,Preprocessed_Dataset/kau-bcmd/kau-bcmd_98.jpg,kau-bcmd,train
0.6100863,1.3970004,0.30354637,2.051836,2,malignant,Preprocessed_Dataset/ddsm/ddsm_3493.jpg,ddsm,train
1.550921,1.3531647,1.397435,0.9009782,1,benign,Preprocessed_Dataset/cdd-cesm/cdd-cesm_451.jpg,cdd-cesm,train
0.73156345,2.0864525,0.944484,1.653954,0,normal,Preprocessed_Dataset/ddsm/ddsm_2550.jpg,ddsm,train
2.4351687,1.9764878,0.70849824,2.4552357,2,malignant,Preprocessed_Dataset/cmmd/cmmd_4184.jpg,cmmd,train
2.7461243,1.3677627,2.142601,0.0,1,benign,Preprocessed_Dataset/cdd-cesm/cdd-cesm_992.jpg,cdd-cesm,train
0.9568703,2.1207588,0.3837555,2.4338512,0,normal,Preprocessed_Dataset/ddsm/ddsm_2126.jpg,ddsm,train
1.5862097,1.6050744,1.194055,1.1464407,1,benign,Preprocessed_Dataset/ddsm/ddsm_9903.jpg,ddsm,train
0.43627834,0.94200903,1.5532837,2.2625592,1,benign,Preprocessed_Dataset/ddsm/ddsm_8488.jpg,ddsm,train
2.015856,2.488036,0.5576067,2.3967247,0,normal,Preprocessed_Dataset/kau-bcmd/kau-bcmd_809.jpg,kau-bcmd,train
1.9306977,0.042852163,1.2689531,2.0428703,0,normal,Preprocessed_Dataset/kau-bcmd/kau-bcmd_1835.jpg,kau-bcmd,train
1.866498,1.2033689,0.6989255,2.074263,0,normal,Preprocessed_Dataset/inbreast/inbreast_260.jpg,inbreast,train
0.6743924,1.0803872,0.6820067,1.5205784,0,normal,Preprocessed_Dataset/ddsm/ddsm_2764.jpg,ddsm,train
0.63244796,1.1560535,1.9692876,2.5272334,1,benign,Preprocessed_Dataset/ddsm/ddsm_6677.jpg,ddsm,train
0.31212378,0.97101957,0.65554523,1.6755993,0,normal,Preprocessed_Dataset/ddsm/ddsm_2613.jpg,ddsm,train
1.5225761,0.80660665,0.70989466,2.8156743,1,benign,Preprocessed_Dataset/kau-bcmd/kau-bcmd_1077.jpg,kau-bcmd,train
0.8869207,0.88803744,1.8640928,1.7971716,1,benign,Preprocessed_Dataset/ddsm/ddsm_7836.jpg,ddsm,train
0.9143757,0.79071,0.94876087,1.8238872,0,normal,Preprocessed_Dataset/ddsm/ddsm_864.jpg,ddsm,train
0.835022,1.2041351,0.25431585,2.2987578,0,normal,Preprocessed_Dataset/ddsm/ddsm_2624.jpg,ddsm,train
0.7714322,1.0268161,0.29175788,1.8852006,2,malignant,Preprocessed_Dataset/ddsm/ddsm_4224.jpg,ddsm,train
2.11721,2.276382,0.6712936,2.7256875,0,normal,Preprocessed_Dataset/kau-bcmd/kau-bcmd_274.jpg,kau-bcmd,train
1.7480527,2.3617506,0.5024806,2.4040785,0,normal,Preprocessed_Dataset/dmid/dmid_379.jpg,dmid,train
0.56518525,0.9179236,0.1613617,2.4475384,0,normal,Preprocessed_Dataset/ddsm/ddsm_2717.jpg,ddsm,train
0.6022069,1.9227998,2.4608393,2.7681975,1,benign,Preprocessed_Dataset/ddsm/ddsm_7786.jpg,ddsm,train
0.813265,2.3781865,0.53383875,2.0791268,1,benign,Preprocessed_Dataset/ddsm/ddsm_6767.jpg,ddsm,train
0.21194029,1.4613574,1.9384735,2.409592,2,malignant,Preprocessed_Dataset/ddsm/ddsm_4305.jpg,ddsm,train
0.29421592,0.8240566,2.1121955,2.837489,1,benign,Preprocessed_Dataset/ddsm/ddsm_6777.jpg,ddsm,train
2.123817,1.045863,0.9026132,2.2268705,2,malignant,Preprocessed_Dataset/dmid/dmid_412.jpg,dmid,train
0.49347812,1.0118991,2.1554127,2.7046764,1,benign,Preprocessed_Dataset/ddsm/ddsm_8236.jpg,ddsm,train
2.2104454,2.7028887,2.0796337,0.7968105,2,malignant,Preprocessed_Dataset/cdd-cesm/cdd-cesm_676.jpg,cdd-cesm,train
0.4222079,0.9354329,0.44736195,1.7712827,0,normal,Preprocessed_Dataset/ddsm/ddsm_604.jpg,ddsm,train
2.8066435,1.7596152,0.7809284,2.3097923,2,malignant,Preprocessed_Dataset/cmmd/cmmd_876.jpg,cmmd,train
2.3008704,2.5566945,1.2024044,1.8631881,0,normal,Preprocessed_Dataset/dmid/dmid_106.jpg,dmid,train
2.719662,0.8390045,1.1525037,2.3881326,1,benign,Preprocessed_Dataset/cmmd/cmmd_2240.jpg,cmmd,train
1.5915599,2.4026227,0.71063423,1.9236462,0,normal,Preprocessed_Dataset/kau-bcmd/kau-bcmd_2154.jpg,kau-bcmd,train
1.5860354,1.7904277,0.49956998,1.4948452,1,benign,Preprocessed_Dataset/ddsm/ddsm_9736.jpg,ddsm,train
0.94877005,1.6803637,0.70798576,2.2138612,0,normal,Preprocessed_Dataset/ddsm/ddsm_2642.jpg,ddsm,train
2.2455099,0.40027666,0.8080757,2.5411677,2,malignant,Preprocessed_Dataset/cmmd/cmmd_2799.jpg,cmmd,train
2.5317779,1.9583154,1.4448028,1.8486018,1,benign,Preprocessed_Dataset/cmmd/cmmd_712.jpg,cmmd,train
2.8069477,1.8392692,1.1475929,2.098362,2,malignant,Preprocessed_Dataset/cmmd/cmmd_3825.jpg,cmmd,train
0.56465566,1.2810203,1.7668446,2.647543,2,malignant,Preprocessed_Dataset/ddsm/ddsm_5520.jpg,ddsm,train
1.9994866,0.32626534,0.90165603,2.188119,0,normal,Preprocessed_Dataset/kau-bcmd/kau-bcmd_497.jpg,kau-bcmd,train
2.1967156,0.42153478,0.9157828,2.383266,2,malignant,Preprocessed_Dataset/cmmd/cmmd_4926.jpg,cmmd,train
0.599409,1.6002076,0.20404047,2.2580562,1,benign,Preprocessed_Dataset/ddsm/ddsm_8120.jpg,ddsm,train
2.4562602,0.44401503,0.7288955,2.2842824,1,benign,Preprocessed_Dataset/cmmd/cmmd_2129.jpg,cmmd,train
0.487549,1.72709,1.7208536,2.027347,2,malignant,Preprocessed_Dataset/ddsm/ddsm_6419.jpg,ddsm,train
1.5959216,1.0102248,0.5169035,2.05684,2,malignant,Preprocessed_Dataset/cmmd/cmmd_5001.jpg,cmmd,train
0.8039189,2.2865772,0.3632005,2.5396104,0,normal,Preprocessed_Dataset/ddsm/ddsm_2483.jpg,ddsm,train
0.5654603,2.1150568,1.6750482,2.6660886,1,benign,Preprocessed_Dataset/ddsm/ddsm_10114.jpg,ddsm,train
2.2002416,1.6736056,1.0925503,2.1278455,1,benign,Preprocessed_Dataset/cmmd/cmmd_415.jpg,cmmd,train
0.69785094,1.2149515,1.4157404,0.9773005,0,normal,Preprocessed_Dataset/ddsm/ddsm_52.jpg,ddsm,train
0.40331107,1.503924,1.6886121,2.6604838,1,benign,Preprocessed_Dataset/ddsm/ddsm_9885.jpg,ddsm,train
2.8277578,2.0559218,1.1432861,2.229281,1,benign,Preprocessed_Dataset/cmmd/cmmd_404.jpg,cmmd,train
0.8424548,0.7534428,0.696451,1.3431137,0,normal,Preprocessed_Dataset/ddsm/ddsm_1481.jpg,ddsm,train
2.61051,1.0133564,1.047467,2.1589463,1,benign,Preprocessed_Dataset/cmmd/cmmd_1973.jpg,cmmd,train
0.47588247,1.2091537,0.27656633,1.7755411,1,benign,Preprocessed_Dataset/ddsm/ddsm_6660.jpg,ddsm,train
0.92652047,2.2589326,0.38823318,1.8723867,2,malignant,Preprocessed_Dataset/ddsm/ddsm_5751.jpg,ddsm,train
0.98397946,0.7844523,0.6720469,2.0411613,0,normal,Preprocessed_Dataset/kau-bcmd/kau-bcmd_483.jpg,kau-bcmd,train
0.37865376,1.4204962,0.36383957,1.8572623,1,benign,Preprocessed_Dataset/ddsm/ddsm_9421.jpg,ddsm,train
2.3357975,0.56466573,0.9856688,2.4942508,2,malignant,Preprocessed_Dataset/cmmd/cmmd_2041.jpg,cmmd,train
2.4441185,2.2477357,0.91335714,2.2585075,0,normal,Preprocessed_Dataset/kau-bcmd/kau-bcmd_1030.jpg,kau-bcmd,train
0.6515176,1.9753458,1.0856493,1.589067,1,benign,Preprocessed_Dataset/ddsm/ddsm_7263.jpg,ddsm,train
2.6295705,0.3664255,1.2054176,1.899974,2,malignant,Preprocessed_Dataset/cmmd/cmmd_2541.jpg,cmmd,train
0.84770423,2.2477624,0.27428776,2.4334188,1,benign,Preprocessed_Dataset/ddsm/ddsm_7791.jpg,ddsm,train
2.6616883,2.1659365,0.98625946,2.0951118,2,malignant,Preprocessed_Dataset/cmmd/cmmd_1138.jpg,cmmd,train
0.6305384,1.662035,1.3584691,2.0312958,1,benign,Preprocessed_Dataset/ddsm/ddsm_7947.jpg,ddsm,train
0.70897985,1.4013497,0.32825375,1.6772075,1,benign,Preprocessed_Dataset/ddsm/ddsm_6709.jpg,ddsm,train
0.5372027,1.698285,1.6497657,2.768209,2,malignant,Preprocessed_Dataset/ddsm/ddsm_4434.jpg,ddsm,train
0.7346756,1.2288245,0.8131077,1.8208579,0,normal,Preprocessed_Dataset/ddsm/ddsm_1792.jpg,ddsm,train
0.7739199,0.78863245,0.6990168,1.84213,0,normal,Preprocessed_Dataset/ddsm/ddsm_544.jpg,ddsm,train
1.75648,1.131407,0.6671451,3.0782928,1,benign,Preprocessed_Dataset/kau-bcmd/kau-bcmd_935.jpg,kau-bcmd,train
2.1745348,1.2619001,1.6854436,0.556839,2,malignant,Preprocessed_Dataset/cdd-cesm/cdd-cesm_357.jpg,cdd-cesm,train
2.6401274,0.7014952,1.0494401,1.8624054,2,malignant,Preprocessed_Dataset/cmmd/cmmd_2675.jpg,cmmd,train
2.080551,2.7997823,1.3399904,0.67521214,2,malignant,Preprocessed_Dataset/cdd-cesm/cdd-cesm_854.jpg,cdd-cesm,train
0.81959367,2.1775064,0.28194863,2.289118,0,normal,Preprocessed_Dataset/ddsm/ddsm_886.jpg,ddsm,train
0.46762472,1.1500175,2.4630175,2.3362625,1,benign,Preprocessed_Dataset/ddsm/ddsm_7901.jpg,ddsm,train
0.3908385,1.1856488,0.5722957,1.4286184,0,normal,Preprocessed_Dataset/ddsm/ddsm_2460.jpg,ddsm,train
0.39533055,1.1566563,0.682953,2.4296074,1,benign,Preprocessed_Dataset/ddsm/ddsm_6953.jpg,ddsm,train
0.31880105,1.3450075,1.502199,2.6953168,2,malignant,Preprocessed_Dataset/ddsm/ddsm_5117.jpg,ddsm,train
1.0127854,2.1564193,0.5738876,1.8757336,1,benign,Preprocessed_Dataset/ddsm/ddsm_9314.jpg,ddsm,train
0.713504,2.346303,0.4080128,1.8952451,1,benign,Preprocessed_Dataset/ddsm/ddsm_7007.jpg,ddsm,train
2.789699,2.0900342,1.1894755,2.2775815,2,malignant,Preprocessed_Dataset/cmmd/cmmd_1719.jpg,cmmd,train
0.65238696,1.4967666,1.6568513,2.3985488,2,malignant,Preprocessed_Dataset/ddsm/ddsm_4880.jpg,ddsm,train
2.438105,1.7106687,0.95774794,2.2245917,2,malignant,Preprocessed_Dataset/cmmd/cmmd_858.jpg,cmmd,train
2.1000097,2.1486256,0.70943826,2.2553465,0,normal,Preprocessed_Dataset/kau-bcmd/kau-bcmd_470.jpg,kau-bcmd,train
1.3726909,0.96297103,0.8456162,1.6841242,0,normal,Preprocessed_Dataset/dmid/dmid_241.jpg,dmid,train
0.39532572,2.3194427,1.7098892,2.789126,1,benign,Preprocessed_Dataset/ddsm/ddsm_8419.jpg,ddsm,train
2.53829,1.8686817,1.2164881,1.9384661,1,benign,Preprocessed_Dataset/cmmd/cmmd_444.jpg,cmmd,train
0.95859385,2.26429,0.47805342,2.031489,2,malignant,Preprocessed_Dataset/ddsm/ddsm_2975.jpg,ddsm,train
0.62793356,0.9750838,0.22266036,1.4165353,0,normal,Preprocessed_Dataset/ddsm/ddsm_449.jpg,ddsm,train
2.6176722,1.7224504,1.0554851,1.9071969,2,malignant,Preprocessed_Dataset/cmmd/cmmd_745.jpg,cmmd,train
0.8467141,1.0461863,0.1224823,2.104713,1,benign,Preprocessed_Dataset/ddsm/ddsm_6808.jpg,ddsm,train
0.38283622,1.0751283,0.3854369,1.7500024,1,benign,Preprocessed_Dataset/ddsm/ddsm_6740.jpg,ddsm,train
2.464673,0.5942905,1.1645131,2.1929388,2,malignant,Preprocessed_Dataset/cmmd/cmmd_4528.jpg,cmmd,train
2.6640558,1.6944523,0.9694312,1.912883,2,malignant,Preprocessed_Dataset/cmmd/cmmd_4048.jpg,cmmd,train
1.854983,1.1265827,0.9599975,1.4839418,0,normal,Preprocessed_Dataset/dmid/dmid_108.jpg,dmid,train
0.6475584,1.7650299,2.126684,1.7744445,2,malignant,Preprocessed_Dataset/ddsm/ddsm_6194.jpg,ddsm,train
0.4511509,2.475703,2.2846074,2.986719,2,malignant,Preprocessed_Dataset/ddsm/ddsm_3519.jpg,ddsm,train
2.194792,0.40849936,1.2333277,1.7185729,0,normal,Preprocessed_Dataset/kau-bcmd/kau-bcmd_634.jpg,kau-bcmd,train
2.0671022,2.2666287,0.84075487,1.7852664,1,benign,Preprocessed_Dataset/inbreast/inbreast_384.jpg,inbreast,train
2.5565658,0.98493224,1.0153707,2.1793296,2,malignant,Preprocessed_Dataset/cmmd/cmmd_3215.jpg,cmmd,train
1.356875,1.5370426,0.63485813,1.6750852,0,normal,Preprocessed_Dataset/kau-bcmd/kau-bcmd_1269.jpg,kau-bcmd,train
0.5970551,2.586636,1.2689083,1.1032956,0,normal,Preprocessed_Dataset/ddsm/ddsm_750.jpg,ddsm,train
0.7600106,1.9738272,0.7385469,1.9624069,1,benign,Preprocessed_Dataset/ddsm/ddsm_7299.jpg,ddsm,train
1.0827777,1.2175083,0.18377101,2.0280545,2,malignant,Preprocessed_Dataset/ddsm/ddsm_6077.jpg,ddsm,train
2.473112,2.840155,2.2527528,0.5113679,0,normal,Preprocessed_Dataset/cdd-cesm/cdd-cesm_719.jpg,cdd-cesm,train
2.239323,0.5116466,0.87718296,2.5183043,2,malignant,Preprocessed_Dataset/cmmd/cmmd_2791.jpg,cmmd,train
1.3590596,0.8438852,1.1380249,2.2894106,1,benign,Preprocessed_Dataset/dmid/dmid_124.jpg,dmid,train
0.6360744,1.402127,0.8729275,1.3201463,0,normal,Preprocessed_Dataset/ddsm/ddsm_524.jpg,ddsm,train
2.2567036,2.5260963,0.71788484,2.3409219,0,normal,Preprocessed_Dataset/kau-bcmd/kau-bcmd_2057.jpg,kau-bcmd,train
1.4218107,1.7084659,0.900061,1.2597338,2,malignant,Preprocessed_Dataset/cdd-cesm/cdd-cesm_806.jpg,cdd-cesm,train
0.9091337,1.9730273,0.4004563,1.8659351,1,benign,Preprocessed_Dataset/ddsm/ddsm_7095.jpg,ddsm,train
0.82172066,1.560137,0.75811136,1.612594,2,malignant,Preprocessed_Dataset/ddsm/ddsm_3312.jpg,ddsm,train
2.251989,0.36513472,1.1839786,1.9482349,2,malignant,Preprocessed_Dataset/cmmd/cmmd_2712.jpg,cmmd,train
0.46491873,1.0027645,0.46878427,1.3559408,1,benign,Preprocessed_Dataset/ddsm/ddsm_7285.jpg,ddsm,train
1.0467061,0.90261847,0.177032,2.284129,1,benign,Preprocessed_Dataset/ddsm/ddsm_8685.jpg,ddsm,train
2.5705605,0.40704167,1.2534949,2.4147608,1,benign,Preprocessed_Dataset/cmmd/cmmd_2407.jpg,cmmd,train
2.3771422,2.4488025,0.72424096,2.3890514,2,malignant,Preprocessed_Dataset/cmmd/cmmd_1562.jpg,cmmd,train
2.098205,0.6141513,1.0837232,2.6959429,1,benign,Preprocessed_Dataset/kau-bcmd/kau-bcmd_1307.jpg,kau-bcmd,train
1.8517814,1.2279112,0.46451002,2.2145724,1,benign,Preprocessed_Dataset/dmid/dmid_70.jpg,dmid,train
0.34684682,0.612144,1.5847299,2.3901675,2,malignant,Preprocessed_Dataset/ddsm/ddsm_5800.jpg,ddsm,train
2.922676,2.032089,1.1924585,1.8187891,2,malignant,Preprocessed_Dataset/cmmd/cmmd_1253.jpg,cmmd,train
0.7748245,1.0406245,0.26685488,1.7732667,0,normal,Preprocessed_Dataset/ddsm/ddsm_1213.jpg,ddsm,train
2.051353,1.9561849,0.971998,2.1038678,2,malignant,Preprocessed_Dataset/cmmd/cmmd_865.jpg,cmmd,train
0.49169707,0.72766554,1.4323144,2.2337525,1,benign,Preprocessed_Dataset/ddsm/ddsm_9957.jpg,ddsm,train
1.6850789,0.5741404,0.69212615,2.1628387,0,normal,Preprocessed_Dataset/kau-bcmd/kau-bcmd_1023.jpg,kau-bcmd,train
0.24468815,2.4088168,2.5300932,1.4846934,2,malignant,Preprocessed_Dataset/ddsm/ddsm_3419.jpg,ddsm,train
0.304641,1.4607598,1.502052,2.5609636,2,malignant,Preprocessed_Dataset/ddsm/ddsm_3884.jpg,ddsm,train
2.0494928,0.92539537,2.1070435,0.28243852,2,malignant,Preprocessed_Dataset/cdd-cesm/cdd-cesm_284.jpg,cdd-cesm,train
0.6695795,2.3179128,0.2862239,2.233798,1,benign,Preprocessed_Dataset/ddsm/ddsm_8002.jpg,ddsm,train
1.3198057,1.0721498,0.7171204,1.8806593,0,normal,Preprocessed_Dataset/kau-bcmd/kau-bcmd_1697.jpg,kau-bcmd,train
2.3887348,0.76224136,0.8112764,2.3744614,2,malignant,Preprocessed_Dataset/cmmd/cmmd_3181.jpg,cmmd,train
0.64607584,1.8509771,0.31716818,2.244875,0,normal,Preprocessed_Dataset/ddsm/ddsm_2694.jpg,ddsm,train
0.63123,0.9114886,0.5285348,1.2681375,1,benign,Preprocessed_Dataset/ddsm/ddsm_9261.jpg,ddsm,train
1.9561784,2.8425448,0.939366,1.2536142,1,benign,Preprocessed_Dataset/cdd-cesm/cdd-cesm_210.jpg,cdd-cesm,train
0.6256444,2.1342154,1.4820096,1.9470015,1,benign,Preprocessed_Dataset/ddsm/ddsm_8774.jpg,ddsm,train
1.1319628,0.7510607,0.93606174,1.2029412,0,normal,Preprocessed_Dataset/ddsm/ddsm_645.jpg,ddsm,train
2.2679281,1.4670217,1.2185202,1.7723935,1,benign,Preprocessed_Dataset/cmmd/cmmd_428.jpg,cmmd,train
0.6198352,2.0383375,0.25436592,2.1327896,1,benign,Preprocessed_Dataset/ddsm/ddsm_6915.jpg,ddsm,train
0.7114014,0.9285091,0.7413489,1.5376744,0,normal,Preprocessed_Dataset/ddsm/ddsm_1521.jpg,ddsm,train
1.2248644,1.1188189,0.42669582,1.6749921,0,normal,Preprocessed_Dataset/ddsm/ddsm_1769.jpg,ddsm,train
0.4276709,2.1603975,1.3966016,2.2065325,1,benign,Preprocessed_Dataset/ddsm/ddsm_8614.jpg,ddsm,train
2.3522956,2.2943163,0.80529374,2.2932887,0,normal,Preprocessed_Dataset/kau-bcmd/kau-bcmd_1218.jpg,kau-bcmd,train
0.42235684,1.6358535,2.3755002,1.9049662,2,malignant,Preprocessed_Dataset/ddsm/ddsm_6288.jpg,ddsm,train
2.4290447,2.1450963,1.244077,1.9562292,2,malignant,Preprocessed_Dataset/cmmd/cmmd_4055.jpg,cmmd,train
0.66274476,1.7351176,0.18622434,2.216862,1,benign,Preprocessed_Dataset/ddsm/ddsm_8850.jpg,ddsm,train
2.0761347,1.8869364,1.1131233,1.5221725,2,malignant,Preprocessed_Dataset/cmmd/cmmd_4003.jpg,cmmd,train
2.7942972,1.9280206,0.9505681,2.2381804,1,benign,Preprocessed_Dataset/cmmd/cmmd_387.jpg,cmmd,train
1.8337276,2.420286,0.85121846,1.5511025,0,normal,Preprocessed_Dataset/cdd-cesm/cdd-cesm_410.jpg,cdd-cesm,train
0.7033694,1.5051721,0.15065849,2.7196512,1,benign,Preprocessed_Dataset/ddsm/ddsm_8210.jpg,ddsm,train
0.62951773,2.0048394,2.2803369,2.785153,1,benign,Preprocessed_Dataset/ddsm/ddsm_7207.jpg,ddsm,train
1.0743175,0.53956807,0.6921177,1.6522459,2,malignant,Preprocessed_Dataset/ddsm/ddsm_5017.jpg,ddsm,train
2.0137432,1.437582,1.0792469,1.0494108,0,normal,Preprocessed_Dataset/cdd-cesm/cdd-cesm_947.jpg,cdd-cesm,train
2.706819,2.3576777,1.1009362,2.021812,2,malignant,Preprocessed_Dataset/cmmd/cmmd_1602.jpg,cmmd,train
0.64301246,0.8788543,1.4847363,1.9978316,2,malignant,Preprocessed_Dataset/ddsm/ddsm_6133.jpg,ddsm,train
1.820294,0.69176894,0.8765306,2.0142128,0,normal,Preprocessed_Dataset/kau-bcmd/kau-bcmd_1496.jpg,kau-bcmd,train
0.34366417,1.2074542,1.8644769,1.7101331,1,benign,Preprocessed_Dataset/ddsm/ddsm_7948.jpg,ddsm,train
0.43823218,1.0245451,1.4917295,1.8220994,2,malignant,Preprocessed_Dataset/ddsm/ddsm_3392.jpg,ddsm,train
2.4277692,2.2114549,0.94397897,2.414941,1,benign,Preprocessed_Dataset/cmmd/cmmd_191.jpg,cmmd,train
2.8782573,1.8340209,1.6001928,1.3306236,2,malignant,Preprocessed_Dataset/cmmd/cmmd_347.jpg,cmmd,train
1.4478668,0.75279623,0.90574616,2.5291038,1,benign,Preprocessed_Dataset/kau-bcmd/kau-bcmd_1311.jpg,kau-bcmd,train
0.673346,0.7564594,0.5144168,1.9893044,2,malignant,Preprocessed_Dataset/ddsm/ddsm_5932.jpg,ddsm,train
0.6890517,1.2301975,0.30386204,1.8956325,1,benign,Preprocessed_Dataset/ddsm/ddsm_7213.jpg,ddsm,train
0.6417251,1.9003239,0.5133351,2.065113,0,normal,Preprocessed_Dataset/ddsm/ddsm_1887.jpg,ddsm,train
0.6089385,1.361638,1.1219923,1.2394712,2,malignant,Preprocessed_Dataset/ddsm/ddsm_4156.jpg,ddsm,train
1.8600774,1.1262286,0.9057072,2.7038631,1,benign,Preprocessed_Dataset/kau-bcmd/kau-bcmd_596.jpg,kau-bcmd,train
0.28495157,1.8006353,1.818187,1.9056392,2,malignant,Preprocessed_Dataset/ddsm/ddsm_5446.jpg,ddsm,train
2.5232058,0.3553375,1.2241096,2.2599635,2,malignant,Preprocessed_Dataset/cmmd/cmmd_2600.jpg,cmmd,train
0.68386716,1.6033576,1.5725057,1.0615683,0,normal,Preprocessed_Dataset/ddsm/ddsm_87.jpg,ddsm,train
1.5308136,2.6530814,0.4823103,1.9683771,0,normal,Preprocessed_Dataset/ddsm/ddsm_1535.jpg,ddsm,train
0.7078445,1.9383409,0.18730849,2.1860788,0,normal,Preprocessed_Dataset/ddsm/ddsm_2150.jpg,ddsm,train
0.76055485,1.6301724,0.9965846,1.5725497,1,benign,Preprocessed_Dataset/ddsm/ddsm_6958.jpg,ddsm,train
0.6725562,1.20441,0.60076416,1.6505994,2,malignant,Preprocessed_Dataset/ddsm/ddsm_3128.jpg,ddsm,train
1.7140361,0.70018554,0.7472975,2.0167556,0,normal,Preprocessed_Dataset/kau-bcmd/kau-bcmd_469.jpg,kau-bcmd,train
0.8794564,1.9888096,0.75757784,1.8356726,2,malignant,Preprocessed_Dataset/ddsm/ddsm_2934.jpg,ddsm,train
0.5929114,0.920667,2.3709195,1.8068229,1,benign,Preprocessed_Dataset/ddsm/ddsm_9496.jpg,ddsm,train
2.563631,2.1171188,0.956555,2.4566991,1,benign,Preprocessed_Dataset/cmmd/cmmd_186.jpg,cmmd,train
0.80099875,2.458217,0.89638406,2.1495616,1,benign,Preprocessed_Dataset/ddsm/ddsm_9371.jpg,ddsm,train
2.7406602,1.8571386,0.7270498,2.7326462,2,malignant,Preprocessed_Dataset/cmmd/cmmd_1730.jpg,cmmd,train
0.60993963,2.3062224,1.4330015,2.6388,1,benign,Preprocessed_Dataset/ddsm/ddsm_6907.jpg,ddsm,train
2.8124144,0.91644543,1.6732941,1.4834597,2,malignant,Preprocessed_Dataset/cmmd/cmmd_3284.jpg,cmmd,train
0.7951814,1.2898394,2.1624146,2.3879755,2,malignant,Preprocessed_Dataset/ddsm/ddsm_4055.jpg,ddsm,train
0.94449043,2.2920313,0.30346602,2.2560763,0,normal,Preprocessed_Dataset/ddsm/ddsm_1543.jpg,ddsm,train
0.9004297,1.0369035,0.64170647,1.5424765,0,normal,Preprocessed_Dataset/ddsm/ddsm_9.jpg,ddsm,train
0.591288,1.3890285,0.16861176,2.2494993,1,benign,Preprocessed_Dataset/ddsm/ddsm_7949.jpg,ddsm,train
2.6313958,2.0790513,0.88713634,2.0553126,1,benign,Preprocessed_Dataset/cmmd/cmmd_3572.jpg,cmmd,train
2.351142,2.6333623,1.0086435,2.1327238,0,normal,Preprocessed_Dataset/kau-bcmd/kau-bcmd_1926.jpg,kau-bcmd,train
0.98341274,0.7857742,1.2724963,1.0867645,0,normal,Preprocessed_Dataset/ddsm/ddsm_609.jpg,ddsm,train
0.5332916,1.4970822,2.0209537,2.2974463,1,benign,Preprocessed_Dataset/ddsm/ddsm_8858.jpg,ddsm,train
1.8517166,2.3576086,0.54191613,2.2553406,0,normal,Preprocessed_Dataset/kau-bcmd/kau-bcmd_639.jpg,kau-bcmd,train
0.8578557,1.9543211,0.5509561,2.1463306,2,malignant,Preprocessed_Dataset/ddsm/ddsm_4423.jpg,ddsm,train
0.99275035,1.4698063,2.4340475,2.6779735,2,malignant,Preprocessed_Dataset/ddsm/ddsm_5825.jpg,ddsm,train
0.8796568,1.9977957,1.0310988,2.7473507,1,benign,Preprocessed_Dataset/ddsm/ddsm_9034.jpg,ddsm,train
2.256201,1.4335862,2.0827947,0.65389836,0,normal,Preprocessed_Dataset/cdd-cesm/cdd-cesm_213.jpg,cdd-cesm,train
0.84987265,0.9915004,0.29745924,2.184644,0,normal,Preprocessed_Dataset/ddsm/ddsm_1241.jpg,ddsm,train
0.9720746,2.5892887,0.5582862,1.7021736,0,normal,Preprocessed_Dataset/ddsm/ddsm_1599.jpg,ddsm,train
0.070051074,2.1877618,1.4898379,2.1297245,2,malignant,Preprocessed_Dataset/ddsm/ddsm_3414.jpg,ddsm,train
0.2612437,1.3297753,1.7169516,2.595804,2,malignant,Preprocessed_Dataset/ddsm/ddsm_5565.jpg,ddsm,train
2.561298,0.49207735,0.99519867,2.347658,2,malignant,Preprocessed_Dataset/cmmd/cmmd_5155.jpg,cmmd,train
1.9439633,0.0,0.8689938,1.8402486,1,benign,Preprocessed_Dataset/dmid/dmid_145.jpg,dmid,train
1.7624066,0.729798,0.6620742,2.6246338,0,normal,Preprocessed_Dataset/kau-bcmd/kau-bcmd_30.jpg,kau-bcmd,train
0.63032913,1.6850604,0.35842478,1.5725012,0,normal,Preprocessed_Dataset/ddsm/ddsm_1856.jpg,ddsm,train
2.598228,1.1225516,1.0486473,1.9004198,2,malignant,Preprocessed_Dataset/cmmd/cmmd_3002.jpg,cmmd,train
0.6016393,1.0486012,0.41056675,1.9261142,0,normal,Preprocessed_Dataset/ddsm/ddsm_849.jpg,ddsm,train
2.6895828,2.1559196,0.9219184,1.9189711,2,malignant,Preprocessed_Dataset/cmmd/cmmd_124.jpg,cmmd,train
2.8563318,1.9861617,1.1486992,2.2631886,1,benign,Preprocessed_Dataset/cmmd/cmmd_519.jpg,cmmd,train
1.0871874,1.9677944,2.1432137,1.3392115,2,malignant,Preprocessed_Dataset/ddsm/ddsm_3142.jpg,ddsm,train
0.65810174,1.1839746,1.9113021,2.080605,1,benign,Preprocessed_Dataset/ddsm/ddsm_6984.jpg,ddsm,train
0.31986165,2.2123146,1.7501247,2.8803234,2,malignant,Preprocessed_Dataset/ddsm/ddsm_4006.jpg,ddsm,train
1.8235352,2.1552122,0.39442128,2.2548969,0,normal,Preprocessed_Dataset/kau-bcmd/kau-bcmd_466.jpg,kau-bcmd,train
0.36882007,2.1249065,2.1951547,2.2933319,1,benign,Preprocessed_Dataset/ddsm/ddsm_9187.jpg,ddsm,train
2.4772568,0.14720154,1.3857371,2.1085322,2,malignant,Preprocessed_Dataset/cmmd/cmmd_4538.jpg,cmmd,train
0.96037906,2.2787628,0.2805394,2.084666,0,normal,Preprocessed_Dataset/ddsm/ddsm_2715.jpg,ddsm,train
2.6207385,2.401146,1.4198055,2.3593714,0,normal,Preprocessed_Dataset/kau-bcmd/kau-bcmd_1924.jpg,kau-bcmd,train
1.0662881,2.2515419,2.4272172,2.0669649,2,malignant,Preprocessed_Dataset/ddsm/ddsm_3599.jpg,ddsm,train
2.3795218,0.58145773,0.6243634,2.3810475,2,malignant,Preprocessed_Dataset/cmmd/cmmd_2094.jpg,cmmd,train
0.53176206,0.8739132,0.59478545,1.7023883,2,malignant,Preprocessed_Dataset/ddsm/ddsm_2940.jpg,ddsm,train
0.9480002,2.1457477,0.32292932,2.4624143,0,normal,Preprocessed_Dataset/ddsm/ddsm_2535.jpg,ddsm,train
0.77159375,0.6911225,1.1671132,1.0798454,1,benign,Preprocessed_Dataset/ddsm/ddsm_8292.jpg,ddsm,train
1.6071912,0.7629546,0.56717014,2.768013,0,normal,Preprocessed_Dataset/kau-bcmd/kau-bcmd_42.jpg,kau-bcmd,train
0.6691745,2.3613715,2.20766,2.937802,1,benign,Preprocessed_Dataset/ddsm/ddsm_7326.jpg,ddsm,train
2.4556732,2.5420775,1.0286843,2.1623755,2,malignant,Preprocessed_Dataset/cmmd/cmmd_344.jpg,cmmd,train
1.9546618,0.7572607,0.87120265,2.3369083,2,malignant,Preprocessed_Dataset/cmmd/cmmd_2536.jpg,cmmd,train
2.5694551,2.2294545,0.9455513,1.929609,1,benign,Preprocessed_Dataset/cmmd/cmmd_613.jpg,cmmd,train
2.3754838,2.3345194,1.3414099,2.4434521,2,malignant,Preprocessed_Dataset/cmmd/cmmd_4333.jpg,cmmd,train
0.6237168,2.0555472,0.43225998,2.23852,1,benign,Preprocessed_Dataset/ddsm/ddsm_8650.jpg,ddsm,train
1.52851,2.8042717,0.6098386,1.300668,0,normal,Preprocessed_Dataset/cdd-cesm/cdd-cesm_870.jpg,cdd-cesm,train
0.3654822,1.1649792,0.33476877,1.9618449,2,malignant,Preprocessed_Dataset/ddsm/ddsm_5593.jpg,ddsm,train
0.36092257,1.5204856,1.9521179,2.637607,2,malignant,Preprocessed_Dataset/ddsm/ddsm_5905.jpg,ddsm,train
0.37628734,0.57361954,2.0329037,2.389114,1,benign,Preprocessed_Dataset/ddsm/ddsm_8304.jpg,ddsm,train
0.8529208,1.162153,0.19291216,1.9783341,0,normal,Preprocessed_Dataset/ddsm/ddsm_384.jpg,ddsm,train
0.699657,0.8539688,0.2602657,1.6024281,2,malignant,Preprocessed_Dataset/ddsm/ddsm_2780.jpg,ddsm,train
0.09815264,0.73004127,0.6649041,1.6806073,0,normal,Preprocessed_Dataset/ddsm/ddsm_737.jpg,ddsm,train
2.0703716,0.40029895,1.1131104,1.903605,0,normal,Preprocessed_Dataset/kau-bcmd/kau-bcmd_1287.jpg,kau-bcmd,train
0.9033983,2.1023257,0.4410696,1.963864,2,malignant,Preprocessed_Dataset/ddsm/ddsm_5447.jpg,ddsm,train
0.7063759,1.9195845,0.37686145,2.0758417,1,benign,Preprocessed_Dataset/ddsm/ddsm_6434.jpg,ddsm,train
0.6325407,0.9480103,0.32564884,1.7346197,1,benign,Preprocessed_Dataset/ddsm/ddsm_7813.jpg,ddsm,train
2.4621758,1.7767512,0.77380055,2.191496,2,malignant,Preprocessed_Dataset/cmmd/cmmd_4216.jpg,cmmd,train
2.7006426,2.2211897,1.1915785,2.0617602,2,malignant,Preprocessed_Dataset/cmmd/cmmd_1331.jpg,cmmd,train
1.7612447,0.74729294,0.93594146,2.799531,1,benign,Preprocessed_Dataset/kau-bcmd/kau-bcmd_906.jpg,kau-bcmd,train
1.7722267,0.2321719,0.7258724,1.7734137,1,benign,Preprocessed_Dataset/inbreast/inbreast_390.jpg,inbreast,train
1.463272,2.1611643,0.6571731,2.0248692,2,malignant,Preprocessed_Dataset/ddsm/ddsm_4603.jpg,ddsm,train
2.280251,0.09309995,1.3138727,1.6811621,0,normal,Preprocessed_Dataset/kau-bcmd/kau-bcmd_323.jpg,kau-bcmd,train
1.3675361,0.9824809,0.48996887,1.9328076,0,normal,Preprocessed_Dataset/dmid/dmid_264.jpg,dmid,train
0.90711397,1.4565237,0.28371453,2.0090694,1,benign,Preprocessed_Dataset/ddsm/ddsm_10305.jpg,ddsm,train
0.6866823,2.0614715,0.2837751,2.46517,1,benign,Preprocessed_Dataset/ddsm/ddsm_8470.jpg,ddsm,train
1.2635709,2.2660224,0.21138352,2.3183486,2,malignant,Preprocessed_Dataset/kau-bcmd/kau-bcmd_819.jpg,kau-bcmd,train
2.1996927,1.1556244,0.9831704,1.9916661,0,normal,Preprocessed_Dataset/kau-bcmd/kau-bcmd_1289.jpg,kau-bcmd,train
0.2818675,0.68467706,1.9050683,2.0558784,2,malignant,Preprocessed_Dataset/ddsm/ddsm_5385.jpg,ddsm,train
0.29948485,1.5253516,1.3669317,2.7874367,2,malignant,Preprocessed_Dataset/ddsm/ddsm_6122.jpg,ddsm,train
2.4432273,0.2590902,0.76061094,2.532488,2,malignant,Preprocessed_Dataset/cmmd/cmmd_3393.jpg,cmmd,train
2.3195977,0.5106989,0.806815,1.9164675,2,malignant,Preprocessed_Dataset/cmmd/cmmd_3464.jpg,cmmd,train
0.8009219,1.8884943,2.2793112,2.281289,1,benign,Preprocessed_Dataset/ddsm/ddsm_8567.jpg,ddsm,train
0.7675781,0.5927196,0.5663366,1.759975,1,benign,Preprocessed_Dataset/ddsm/ddsm_7753.jpg,ddsm,train
0.33239985,1.3732679,0.8607546,1.3312509,0,normal,Preprocessed_Dataset/ddsm/ddsm_2540.jpg,ddsm,train
2.6967752,0.3293612,1.141867,2.0410204,2,malignant,Preprocessed_Dataset/cmmd/cmmd_3317.jpg,cmmd,train
0.20854533,1.2116294,0.6178542,1.6529341,0,normal,Preprocessed_Dataset/ddsm/ddsm_1705.jpg,ddsm,train
2.400189,2.4997034,1.5014707,0.74508905,2,malignant,Preprocessed_Dataset/cdd-cesm/cdd-cesm_99.jpg,cdd-cesm,train
0.85373807,1.833977,1.0685713,1.9192297,1,benign,Preprocessed_Dataset/ddsm/ddsm_8949.jpg,ddsm,train
2.6703887,2.3895118,1.0197759,2.2268384,2,malignant,Preprocessed_Dataset/cmmd/cmmd_1076.jpg,cmmd,train
1.8140321,0.71109754,0.83091116,2.025512,0,normal,Preprocessed_Dataset/kau-bcmd/kau-bcmd_1580.jpg,kau-bcmd,train
1.4836888,2.5205462,0.31653756,2.0074856,0,normal,Preprocessed_Dataset/kau-bcmd/kau-bcmd_875.jpg,kau-bcmd,train
0.2648605,1.6740414,1.1809801,2.2667487,2,malignant,Preprocessed_Dataset/ddsm/ddsm_5069.jpg,ddsm,train
2.9943,2.1701264,1.6330123,1.6153022,2,malignant,Preprocessed_Dataset/cmmd/cmmd_1208.jpg,cmmd,train
1.1087977,0.8650021,0.4775067,2.1467378,0,normal,Preprocessed_Dataset/kau-bcmd/kau-bcmd_1548.jpg,kau-bcmd,train
1.2888474,1.6917564,0.8356044,1.2474841,1,benign,Preprocessed_Dataset/cdd-cesm/cdd-cesm_754.jpg,cdd-cesm,train
0.4111125,0.7338235,1.9517992,2.7044594,2,malignant,Preprocessed_Dataset/ddsm/ddsm_6232.jpg,ddsm,train
0.8850027,2.507027,0.13947248,1.898533,1,benign,Preprocessed_Dataset/ddsm/ddsm_7159.jpg,ddsm,train
2.7954924,0.6998904,1.2119815,1.9038681,1,benign,Preprocessed_Dataset/cmmd/cmmd_2479.jpg,cmmd,train
0.5433994,1.0872848,0.4369493,1.5272622,0,normal,Preprocessed_Dataset/ddsm/ddsm_292.jpg,ddsm,train
0.7940705,0.9451269,0.44879395,1.6838722,0,normal,Preprocessed_Dataset/ddsm/ddsm_1212.jpg,ddsm,train
0.839492,0.78383964,0.65364504,1.5962683,0,normal,Preprocessed_Dataset/ddsm/ddsm_1440.jpg,ddsm,train
2.1074004,2.1126351,0.5536823,2.2221534,0,normal,Preprocessed_Dataset/kau-bcmd/kau-bcmd_1856.jpg,kau-bcmd,train
0.5183301,1.927645,0.49438205,1.9071753,0,normal,Preprocessed_Dataset/ddsm/ddsm_2499.jpg,ddsm,train
2.7433784,2.319744,1.0838075,2.4966714,1,benign,Preprocessed_Dataset/cmmd/cmmd_36.jpg,cmmd,train
2.2649689,2.1730826,0.60760194,2.4071944,0,normal,Preprocessed_Dataset/kau-bcmd/kau-bcmd_765.jpg,kau-bcmd,train
1.2638683,2.3615406,0.69190645,2.2899556,0,normal,Preprocessed_Dataset/kau-bcmd/kau-bcmd_2204.jpg,kau-bcmd,train
2.5556645,0.90660286,1.1418728,2.379096,2,malignant,Preprocessed_Dataset/cmmd/cmmd_4961.jpg,cmmd,train
0.6990455,1.5553868,2.2136652,2.0988777,2,malignant,Preprocessed_Dataset/ddsm/ddsm_4204.jpg,ddsm,train
0.6800584,1.0890723,0.5449203,1.7685426,0,normal,Preprocessed_Dataset/ddsm/ddsm_856.jpg,ddsm,train
0.7315271,1.60082,0.519179,1.0341747,0,normal,Preprocessed_Dataset/ddsm/ddsm_1052.jpg,ddsm,train
1.0897369,1.790535,0.98237175,2.0203714,0,normal,Preprocessed_Dataset/ddsm/ddsm_1014.jpg,ddsm,train
0.6939593,2.5119832,0.98645383,2.1674666,1,benign,Preprocessed_Dataset/ddsm/ddsm_8250.jpg,ddsm,train
0.93983674,2.1520562,0.40391618,2.0456316,1,benign,Preprocessed_Dataset/ddsm/ddsm_7883.jpg,ddsm,train
0.5120972,0.9512456,0.13202262,2.3465533,0,normal,Preprocessed_Dataset/ddsm/ddsm_2260.jpg,ddsm,train
2.3638926,2.3910565,0.86755574,2.4467473,0,normal,Preprocessed_Dataset/kau-bcmd/kau-bcmd_166.jpg,kau-bcmd,train
1.8160846,0.6470181,1.5420566,1.9516468,1,benign,Preprocessed_Dataset/dmid/dmid_287.jpg,dmid,train
2.5968413,1.6853744,0.9513792,2.3089566,2,malignant,Preprocessed_Dataset/cmmd/cmmd_262.jpg,cmmd,train
1.6711316,1.3351022,0.34944868,3.1014466,0,normal,Preprocessed_Dataset/kau-bcmd/kau-bcmd_198.jpg,kau-bcmd,train
2.433444,2.7435234,1.5080948,0.9829625,2,malignant,Preprocessed_Dataset/cdd-cesm/cdd-cesm_626.jpg,cdd-cesm,train
0.7584191,2.1715097,0.25349718,2.1322901,2,malignant,Preprocessed_Dataset/ddsm/ddsm_4015.jpg,ddsm,train
1.3122579,1.4449643,0.31456083,2.2213104,2,malignant,Preprocessed_Dataset/ddsm/ddsm_5082.jpg,ddsm,train
1.1037565,0.60974604,0.63191104,2.042225,1,benign,Preprocessed_Dataset/ddsm/ddsm_7265.jpg,ddsm,train
1.9986981,0.34288728,0.9145918,2.0456161,0,normal,Preprocessed_Dataset/kau-bcmd/kau-bcmd_1217.jpg,kau-bcmd,train
1.100177,2.1173239,0.32567495,2.3555717,1,benign,Preprocessed_Dataset/inbreast/inbreast_277.jpg,inbreast,train
1.9987915,0.8524229,0.8036759,2.6761284,1,benign,Preprocessed_Dataset/kau-bcmd/kau-bcmd_1326.jpg,kau-bcmd,train
0.44131273,0.7981344,2.13161,2.3953004,1,benign,Preprocessed_Dataset/ddsm/ddsm_7464.jpg,ddsm,train
2.11726,2.1963625,0.5292007,2.3803978,0,normal,Preprocessed_Dataset/kau-bcmd/kau-bcmd_51.jpg,kau-bcmd,train
0.5636523,0.9206985,0.37870795,2.280785,2,malignant,Preprocessed_Dataset/ddsm/ddsm_5613.jpg,ddsm,train
2.540501,2.2974374,1.2498348,1.6329604,2,malignant,Preprocessed_Dataset/cmmd/cmmd_4241.jpg,cmmd,train
0.5151023,1.3677582,1.8568484,1.7231324,1,benign,Preprocessed_Dataset/ddsm/ddsm_9516.jpg,ddsm,train
0.4685853,1.196394,2.1052928,0.9661776,0,normal,Preprocessed_Dataset/ddsm/ddsm_380.jpg,ddsm,train
2.1553774,1.1821346,1.1923052,1.5168133,2,malignant,Preprocessed_Dataset/cmmd/cmmd_2043.jpg,cmmd,train
1.0777572,2.2542877,1.6964467,2.5864825,1,benign,Preprocessed_Dataset/ddsm/ddsm_8350.jpg,ddsm,train
2.7011378,1.0114715,1.3701379,1.6554571,2,malignant,Preprocessed_Dataset/cmmd/cmmd_3008.jpg,cmmd,train
2.3465781,0.38965714,1.2235925,1.9404747,2,malignant,Preprocessed_Dataset/cmmd/cmmd_4743.jpg,cmmd,train
0.5425647,1.3853545,1.1643624,2.351284,1,benign,Preprocessed_Dataset/ddsm/ddsm_9109.jpg,ddsm,train
0.353158,1.1336663,0.51246524,2.0792327,0,normal,Preprocessed_Dataset/ddsm/ddsm_1972.jpg,ddsm,train
0.9061261,2.0540555,0.9569166,1.608916,0,normal,Preprocessed_Dataset/ddsm/ddsm_2207.jpg,ddsm,train
0.30047333,1.2010626,0.6308329,2.1534562,2,malignant,Preprocessed_Dataset/ddsm/ddsm_4229.jpg,ddsm,train
1.5851327,1.713567,0.53606546,2.93719,0,normal,Preprocessed_Dataset/kau-bcmd/kau-bcmd_1138.jpg,kau-bcmd,train
0.28259468,0.56881726,2.3564236,1.4663546,2,malignant,Preprocessed_Dataset/ddsm/ddsm_6308.jpg,ddsm,train
0.9628782,1.3130211,0.83339316,1.804877,2,malignant,Preprocessed_Dataset/ddsm/ddsm_5372.jpg,ddsm,train
2.443902,0.9022384,1.1040556,1.9801953,1,benign,Preprocessed_Dataset/cmmd/cmmd_1921.jpg,cmmd,test
1.4766023,1.7537712,0.9888403,2.6597395,0,normal,Preprocessed_Dataset/kau-bcmd/kau-bcmd_1760.jpg,kau-bcmd,test
0.31185699,0.85922503,0.3695916,2.0131972,0,normal,Preprocessed_Dataset/ddsm/ddsm_2485.jpg,ddsm,test
1.6511178,2.0738156,0.573,2.2183154,1,benign,Preprocessed_Dataset/inbreast/inbreast_240.jpg,inbreast,test
0.97876453,1.9308537,1.3554775,2.0304964,2,malignant,Preprocessed_Dataset/ddsm/ddsm_3846.jpg,ddsm,test
1.8218298,1.3014692,1.3283958,0.97201073,1,benign,Preprocessed_Dataset/cdd-cesm/cdd-cesm_465.jpg,cdd-cesm,test
2.2457905,1.6123877,1.0948799,1.1454449,2,malignant,Preprocessed_Dataset/cdd-cesm/cdd-cesm_194.jpg,cdd-cesm,test
2.4887402,1.1028099,1.587532,1.3578684,2,malignant,Preprocessed_Dataset/cmmd/cmmd_1857.jpg,cmmd,test
0.7689527,1.1165336,1.1272236,1.2901994,1,benign,Preprocessed_Dataset/ddsm/ddsm_7257.jpg,ddsm,test
1.8884784,2.3766823,1.2415491,0.8729236,2,malignant,Preprocessed_Dataset/cdd-cesm/cdd-cesm_844.jpg,cdd-cesm,test
0.38172364,2.0745015,1.2880647,1.8311013,0,normal,Preprocessed_Dataset/ddsm/ddsm_1282.jpg,ddsm,test
0.16691375,1.3436515,2.2691655,1.6102766,2,malignant,Preprocessed_Dataset/ddsm/ddsm_3712.jpg,ddsm,test
0.44639927,0.97146434,0.30307418,1.8194214,0,normal,Preprocessed_Dataset/ddsm/ddsm_304.jpg,ddsm,test
0.8406194,1.1628176,0.29021758,1.6377873,0,normal,Preprocessed_Dataset/ddsm/ddsm_1461.jpg,ddsm,test
0.7964742,2.1385002,0.5887103,2.158555,1,benign,Preprocessed_Dataset/ddsm/ddsm_8986.jpg,ddsm,test
1.2899604,0.80932814,0.43585157,2.0536745,0,normal,Preprocessed_Dataset/kau-bcmd/kau-bcmd_956.jpg,kau-bcmd,test
0.47777903,1.7023643,0.84779066,1.9885811,1,benign,Preprocessed_Dataset/ddsm/ddsm_8541.jpg,ddsm,test
2.5296054,1.3549945,1.3426948,1.7401962,2,malignant,Preprocessed_Dataset/cmmd/cmmd_1865.jpg,cmmd,test
0.5160666,1.07127,0.6861899,2.0076628,1,benign,Preprocessed_Dataset/ddsm/ddsm_8409.jpg,ddsm,test
1.0077479,1.3763057,0.14682084,2.5129867,2,malignant,Preprocessed_Dataset/ddsm/ddsm_2946.jpg,ddsm,test
1.2738125,2.4244409,0.81487656,2.0317626,0,normal,Preprocessed_Dataset/kau-bcmd/kau-bcmd_484.jpg,kau-bcmd,test
0.9299903,2.074037,0.08925742,2.5256386,0,normal,Preprocessed_Dataset/ddsm/ddsm_2631.jpg,ddsm,test
1.972317,0.6385476,1.1751263,1.5110837,0,normal,Preprocessed_Dataset/kau-bcmd/kau-bcmd_572.jpg,kau-bcmd,test
0.90947855,0.83564013,2.5945458,2.5333257,2,malignant,Preprocessed_Dataset/ddsm/ddsm_5537.jpg,ddsm,test
2.2030299,2.134226,0.7121669,2.511593,0,normal,Preprocessed_Dataset/kau-bcmd/kau-bcmd_2062.jpg,kau-bcmd,test
2.570533,1.7474397,0.9240491,1.9275324,2,malignant,Preprocessed_Dataset/cmmd/cmmd_59.jpg,cmmd,test
2.877262,2.2969108,1.2919712,1.7658957,2,malignant,Preprocessed_Dataset/cmmd/cmmd_4079.jpg,cmmd,test
2.0826044,2.187159,0.8914119,2.3319817,0,normal,Preprocessed_Dataset/dmid/dmid_90.jpg,dmid,test
1.2264242,1.6890345,1.1998769,1.7118154,1,benign,Preprocessed_Dataset/ddsm/ddsm_9649.jpg,ddsm,test
1.3547422,1.7183663,0.57723045,1.9655803,0,normal,Preprocessed_Dataset/ddsm/ddsm_1662.jpg,ddsm,test
2.24646,0.19203854,1.0839792,2.1807387,0,normal,Preprocessed_Dataset/kau-bcmd/kau-bcmd_1907.jpg,kau-bcmd,test
0.98363096,1.3726039,0.18414074,1.8702897,2,malignant,Preprocessed_Dataset/ddsm/ddsm_3940.jpg,ddsm,test
0.5336799,1.6327116,2.572179,2.7731268,1,benign,Preprocessed_Dataset/ddsm/ddsm_6446.jpg,ddsm,test
2.291323,1.8588332,0.699656,2.2462928,2,malignant,Preprocessed_Dataset/cmmd/cmmd_4088.jpg,cmmd,test
0.34441674,1.0587761,0.15521312,2.0434258,0,normal,Preprocessed_Dataset/ddsm/ddsm_2409.jpg,ddsm,test
0.43791974,0.67211974,1.3271503,1.4699447,2,malignant,Preprocessed_Dataset/ddsm/ddsm_3245.jpg,ddsm,test
0.7509232,1.5703709,0.2697863,1.7098006,1,benign,Preprocessed_Dataset/ddsm/ddsm_9631.jpg,ddsm,test
0.9812535,1.0008589,0.6496028,2.4979415,2,malignant,Preprocessed_Dataset/ddsm/ddsm_6188.jpg,ddsm,test
0.9309524,2.2986612,0.35143292,2.071533,1,benign,Preprocessed_Dataset/ddsm/ddsm_9459.jpg,ddsm,test
1.0712696,2.262555,0.6080692,1.9396591,0,normal,Preprocessed_Dataset/ddsm/ddsm_1034.jpg,ddsm,test
2.697177,1.9416246,1.0100693,2.095721,2,malignant,Preprocessed_Dataset/cmmd/cmmd_4364.jpg,cmmd,test
2.533209,2.3189957,1.2505741,2.1570961,1,benign,Preprocessed_Dataset/cmmd/cmmd_30.jpg,cmmd,test
0.5345028,2.1564698,1.3612528,1.8161002,1,benign,Preprocessed_Dataset/ddsm/ddsm_10086.jpg,ddsm,test
2.3784127,1.6562629,0.8091947,2.2667735,0,normal,Preprocessed_Dataset/kau-bcmd/kau-bcmd_1609.jpg,kau-bcmd,test
0.79769814,1.8471968,1.9089508,1.7895907,1,benign,Preprocessed_Dataset/ddsm/ddsm_9545.jpg,ddsm,test
1.1225955,0.87748677,1.6712856,2.4058301,2,malignant,Preprocessed_Dataset/ddsm/ddsm_4436.jpg,ddsm,test
2.487873,0.7430578,0.8002479,2.3622336,1,benign,Preprocessed_Dataset/cmmd/cmmd_2248.jpg,cmmd,test
0.40359205,2.1004357,2.4094691,2.6498456,2,malignant,Preprocessed_Dataset/ddsm/ddsm_3114.jpg,ddsm,test
1.9070767,0.92287403,1.3759034,0.96270096,0,normal,Preprocessed_Dataset/cdd-cesm/cdd-cesm_349.jpg,cdd-cesm,test
2.51838,2.2282693,1.1719909,2.599344,2,malignant,Preprocessed_Dataset/cmmd/cmmd_4147.jpg,cmmd,test
2.674476,0.82438844,1.1490362,1.9152824,1,benign,Preprocessed_Dataset/cmmd/cmmd_1810.jpg,cmmd,test
1.4649433,0.7622233,0.5421313,2.0346825,0,normal,Preprocessed_Dataset/kau-bcmd/kau-bcmd_1624.jpg,kau-bcmd,test
0.23078513,1.89359,1.2586824,2.3172932,2,malignant,Preprocessed_Dataset/ddsm/ddsm_4390.jpg,ddsm,test
2.0343218,0.17396915,0.9117887,1.5612954,2,malignant,Preprocessed_Dataset/cmmd/cmmd_3331.jpg,cmmd,test
2.5973876,1.1985445,1.2429078,2.0672855,1,benign,Preprocessed_Dataset/cmmd/cmmd_2358.jpg,cmmd,test
1.1639266,0.9355822,0.6721663,1.582578,1,benign,Preprocessed_Dataset/ddsm/ddsm_7512.jpg,ddsm,test
0.45038593,2.1523626,1.293544,1.1739616,0,normal,Preprocessed_Dataset/ddsm/ddsm_683.jpg,ddsm,test
0.7447056,2.7417285,0.9277823,1.3155819,0,normal,Preprocessed_Dataset/ddsm/ddsm_1762.jpg,ddsm,test
0.61994296,1.8319589,0.07722902,2.5679355,0,normal,Preprocessed_Dataset/ddsm/ddsm_2770.jpg,ddsm,test
1.5255483,0.98763734,0.79601,2.0540245,0,normal,Preprocessed_Dataset/kau-bcmd/kau-bcmd_986.jpg,kau-bcmd,test
2.2724662,2.3745167,0.85960376,2.129039,0,normal,Preprocessed_Dataset/kau-bcmd/kau-bcmd_1748.jpg,kau-bcmd,test
0.93094087,2.300244,0.56310904,1.9371455,1,benign,Preprocessed_Dataset/ddsm/ddsm_6599.jpg,ddsm,test
0.6781433,1.6727695,1.585809,1.1452963,2,malignant,Preprocessed_Dataset/ddsm/ddsm_4840.jpg,ddsm,test
0.1568104,0.8315154,1.9342821,2.641884,2,malignant,Preprocessed_Dataset/ddsm/ddsm_3365.jpg,ddsm,test
0.10793471,1.7484624,1.7291553,1.6965904,2,malignant,Preprocessed_Dataset/ddsm/ddsm_3416.jpg,ddsm,test
0.68080604,1.3932126,0.8688137,2.1465526,2,malignant,Preprocessed_Dataset/ddsm/ddsm_6206.jpg,ddsm,test
1.0359882,2.5424218,0.5046757,1.6281029,0,normal,Preprocessed_Dataset/ddsm/ddsm_2070.jpg,ddsm,test
2.0737455,2.243933,0.6065616,2.5723863,0,normal,Preprocessed_Dataset/kau-bcmd/kau-bcmd_1826.jpg,kau-bcmd,test
0.6568505,0.9946701,0.45815146,2.4064462,1,benign,Preprocessed_Dataset/ddsm/ddsm_6776.jpg,ddsm,test
0.77801085,2.0571985,0.5764611,1.4147587,0,normal,Preprocessed_Dataset/ddsm/ddsm_1655.jpg,ddsm,test
1.3132709,0.7579642,0.5589178,2.3329258,0,normal,Preprocessed_Dataset/ddsm/ddsm_1928.jpg,ddsm,test
2.1415462,2.3996897,1.4998302,2.2985876,2,malignant,Preprocessed_Dataset/cmmd/cmmd_3701.jpg,cmmd,test
0.91668063,1.1885228,0.81279224,1.5623604,0,normal,Preprocessed_Dataset/ddsm/ddsm_345.jpg,ddsm,test
0.36351264,1.5289636,1.849846,2.6108384,2,malignant,Preprocessed_Dataset/ddsm/ddsm_4570.jpg,ddsm,test
1.8285683,0.53992,0.72304714,2.6216965,0,normal,Preprocessed_Dataset/kau-bcmd/kau-bcmd_256.jpg,kau-bcmd,test
1.0202395,2.456521,0.32472187,2.1946847,2,malignant,Preprocessed_Dataset/ddsm/ddsm_4627.jpg,ddsm,test
0.4002993,0.56636906,2.514987,2.3375678,2,malignant,Preprocessed_Dataset/ddsm/ddsm_4361.jpg,ddsm,test
1.4952185,1.893142,0.5574649,1.8245773,2,malignant,Preprocessed_Dataset/ddsm/ddsm_6431.jpg,ddsm,test
0.52008265,1.3822744,2.2898524,1.0807831,2,malignant,Preprocessed_Dataset/ddsm/ddsm_3986.jpg,ddsm,test
0.65642893,2.028435,0.30823308,2.2287126,1,benign,Preprocessed_Dataset/ddsm/ddsm_8682.jpg,ddsm,test
0.4647534,0.74180156,1.4148903,1.5615633,2,malignant,Preprocessed_Dataset/ddsm/ddsm_3249.jpg,ddsm,test
1.0871376,2.357733,0.3698725,2.2207077,0,normal,Preprocessed_Dataset/ddsm/ddsm_2255.jpg,ddsm,test
2.4814758,1.0480659,1.083899,2.3086336,1,benign,Preprocessed_Dataset/cmmd/cmmd_2214.jpg,cmmd,test
0.8612418,1.0526474,0.7212268,1.4877627,0,normal,Preprocessed_Dataset/ddsm/ddsm_1633.jpg,ddsm,test
0.63245165,2.5837574,0.36252797,2.1769314,0,normal,Preprocessed_Dataset/ddsm/ddsm_618.jpg,ddsm,test
0.6487692,1.0475023,0.43332362,1.8601106,0,normal,Preprocessed_Dataset/ddsm/ddsm_2360.jpg,ddsm,test
2.3322234,2.5303264,1.0215011,1.8308698,0,normal,Preprocessed_Dataset/kau-bcmd/kau-bcmd_1730.jpg,kau-bcmd,test
1.1272314,2.7023978,1.713994,2.0466156,2,malignant,Preprocessed_Dataset/ddsm/ddsm_3534.jpg,ddsm,test
0.5492388,1.0217168,2.358035,1.6063017,1,benign,Preprocessed_Dataset/ddsm/ddsm_10337.jpg,ddsm,test
0.47366536,2.031185,0.5686377,2.0136228,2,malignant,Preprocessed_Dataset/ddsm/ddsm_5950.jpg,ddsm,test
2.240425,2.2166405,0.85831106,2.3034508,0,normal,Preprocessed_Dataset/dmid/dmid_461.jpg,dmid,test
1.9873413,2.3069942,0.60793805,2.358764,0,normal,Preprocessed_Dataset/kau-bcmd/kau-bcmd_771.jpg,kau-bcmd,test
2.5048504,0.5655333,1.2994506,1.9670243,1,benign,Preprocessed_Dataset/cmmd/cmmd_2466.jpg,cmmd,test
1.7043521,1.0502092,1.4124703,1.9036106,0,normal,Preprocessed_Dataset/kau-bcmd/kau-bcmd_2171.jpg,kau-bcmd,test
2.5801916,1.9376503,0.9255223,2.3896484,2,malignant,Preprocessed_Dataset/cmmd/cmmd_4002.jpg,cmmd,test
0.6885738,0.7165358,0.339208,2.0133522,0,normal,Preprocessed_Dataset/ddsm/ddsm_2461.jpg,ddsm,test
0.735362,0.875615,0.4114471,1.9818404,0,normal,Preprocessed_Dataset/ddsm/ddsm_640.jpg,ddsm,test
0.91384935,0.74934024,0.4944768,2.0986123,1,benign,Preprocessed_Dataset/ddsm/ddsm_6789.jpg,ddsm,test
2.3924735,1.7410287,0.9457995,2.0091665,2,malignant,Preprocessed_Dataset/cmmd/cmmd_4335.jpg,cmmd,test
1.0817964,1.4764546,0.34496075,1.8045697,0,normal,Preprocessed_Dataset/ddsm/ddsm_844.jpg,ddsm,test
0.8746939,2.8141923,0.70735705,1.9128577,0,normal,Preprocessed_Dataset/ddsm/ddsm_503.jpg,ddsm,test
1.0695528,1.4177673,1.2528589,1.1511893,2,malignant,Preprocessed_Dataset/ddsm/ddsm_3896.jpg,ddsm,test
0.22874737,1.7029967,2.320694,2.616864,2,malignant,Preprocessed_Dataset/ddsm/ddsm_4931.jpg,ddsm,test
1.996217,1.4646999,0.5801504,2.956421,1,benign,Preprocessed_Dataset/kau-bcmd/kau-bcmd_691.jpg,kau-bcmd,test
0.11671901,1.7230449,0.7618546,1.5664468,2,malignant,Preprocessed_Dataset/ddsm/ddsm_3131.jpg,ddsm,test
1.470208,2.0529385,1.0669992,2.2977233,0,normal,Preprocessed_Dataset/inbreast/inbreast_234.jpg,inbreast,test
0.6040367,1.9924748,0.5842435,1.7131488,1,benign,Preprocessed_Dataset/ddsm/ddsm_6654.jpg,ddsm,test
2.4515214,0.34008002,1.09658,2.4922152,1,benign,Preprocessed_Dataset/cmmd/cmmd_1967.jpg,cmmd,test
1.6334361,2.5416884,0.55402577,2.1111104,0,normal,Preprocessed_Dataset/kau-bcmd/kau-bcmd_1824.jpg,kau-bcmd,test
0.9148503,1.8662262,0.34797746,2.012771,1,benign,Preprocessed_Dataset/ddsm/ddsm_6623.jpg,ddsm,test
1.7229702,3.2221913,1.3733914,1.0145662,0,normal,Preprocessed_Dataset/cdd-cesm/cdd-cesm_629.jpg,cdd-cesm,test
0.6244175,2.5226965,0.37468207,1.645067,0,normal,Preprocessed_Dataset/ddsm/ddsm_482.jpg,ddsm,test
0.6946987,1.8373145,1.0611557,2.1039736,2,malignant,Preprocessed_Dataset/ddsm/ddsm_5967.jpg,ddsm,test
0.68582404,2.2285645,1.1207491,2.8699768,1,benign,Preprocessed_Dataset/ddsm/ddsm_9951.jpg,ddsm,test
2.4787278,1.311361,1.068008,2.09431,2,malignant,Preprocessed_Dataset/cmmd/cmmd_5030.jpg,cmmd,test
1.6288064,0.80910987,0.56844306,2.7183633,0,normal,Preprocessed_Dataset/kau-bcmd/kau-bcmd_211.jpg,kau-bcmd,test
2.6524248,2.23479,1.371683,2.068478,1,benign,Preprocessed_Dataset/cmmd/cmmd_3607.jpg,cmmd,test
0.4706412,0.78712904,2.371647,1.7991177,1,benign,Preprocessed_Dataset/ddsm/ddsm_9416.jpg,ddsm,test
1.7884732,1.212266,1.4407885,0.58165455,1,benign,Preprocessed_Dataset/cdd-cesm/cdd-cesm_362.jpg,cdd-cesm,test
0.7099619,2.1119099,0.8774415,0.99675095,1,benign,Preprocessed_Dataset/ddsm/ddsm_8058.jpg,ddsm,test
2.4545135,0.884528,0.9830068,2.5017896,1,benign,Preprocessed_Dataset/cmmd/cmmd_1958.jpg,cmmd,test
0.5732277,0.817596,0.61790687,1.8460385,0,normal,Preprocessed_Dataset/ddsm/ddsm_1572.jpg,ddsm,test
0.49750364,0.88581145,0.09291822,2.1371503,1,benign,Preprocessed_Dataset/ddsm/ddsm_9037.jpg,ddsm,test
1.9542284,1.355926,1.0951943,2.1236463,1,benign,Preprocessed_Dataset/kau-bcmd/kau-bcmd_598.jpg,kau-bcmd,test
2.3126743,2.336618,1.9895613,0.2472378,2,malignant,Preprocessed_Dataset/cdd-cesm/cdd-cesm_801.jpg,cdd-cesm,test
1.1064922,2.5836997,0.47469664,1.7125785,1,benign,Preprocessed_Dataset/ddsm/ddsm_7935.jpg,ddsm,test
0.59986156,0.8440555,0.4539917,1.7345512,0,normal,Preprocessed_Dataset/ddsm/ddsm_545.jpg,ddsm,test
0.903465,0.9329248,0.45777476,1.5432153,1,benign,Preprocessed_Dataset/ddsm/ddsm_6688.jpg,ddsm,test
0.92045474,1.2374889,0.48543367,1.8661892,0,normal,Preprocessed_Dataset/ddsm/ddsm_1989.jpg,ddsm,test
0.9497435,2.2664652,0.73051643,1.8497443,0,normal,Preprocessed_Dataset/ddsm/ddsm_283.jpg,ddsm,test
0.33039486,1.8395535,2.5620024,3.2980242,1,benign,Preprocessed_Dataset/ddsm/ddsm_8131.jpg,ddsm,test
0.817388,2.0939689,0.8773148,1.5196102,2,malignant,Preprocessed_Dataset/ddsm/ddsm_3842.jpg,ddsm,test
0.2309928,1.0329669,1.028532,1.7118913,2,malignant,Preprocessed_Dataset/ddsm/ddsm_3956.jpg,ddsm,test
1.4142307,0.80400914,0.52942246,2.8442826,0,normal,Preprocessed_Dataset/kau-bcmd/kau-bcmd_201.jpg,kau-bcmd,test
1.0737126,1.9909608,1.774736,2.4732614,1,benign,Preprocessed_Dataset/ddsm/ddsm_8335.jpg,ddsm,test
0.75345004,2.3174844,1.1408004,2.3438718,2,malignant,Preprocessed_Dataset/ddsm/ddsm_5254.jpg,ddsm,test
2.632841,0.7739159,1.4493419,1.9312441,2,malignant,Preprocessed_Dataset/cmmd/cmmd_3223.jpg,cmmd,test
2.4199407,0.73399556,1.172023,2.1429467,2,malignant,Preprocessed_Dataset/cmmd/cmmd_3226.jpg,cmmd,test
0.97690415,2.1131177,0.5487623,1.75484,1,benign,Preprocessed_Dataset/ddsm/ddsm_7138.jpg,ddsm,test
1.7241553,0.7702706,0.91854686,1.509916,0,normal,Preprocessed_Dataset/dmid/dmid_381.jpg,dmid,test
2.2407136,0.6814819,1.1426872,1.6400276,0,normal,Preprocessed_Dataset/kau-bcmd/kau-bcmd_1257.jpg,kau-bcmd,test
1.962286,0.7291538,1.1112313,2.6992593,1,benign,Preprocessed_Dataset/kau-bcmd/kau-bcmd_1621.jpg,kau-bcmd,test
1.7869365,1.3819711,0.88969934,1.8541778,2,malignant,Preprocessed_Dataset/cmmd/cmmd_2533.jpg,cmmd,test
1.4054462,0.696099,0.7151079,1.532172,0,normal,Preprocessed_Dataset/dmid/dmid_228.jpg,dmid,test
1.8147793,0.7994582,0.8385851,2.6181276,1,benign,Preprocessed_Dataset/kau-bcmd/kau-bcmd_886.jpg,kau-bcmd,test
0.7457197,2.4372246,2.1653457,2.6128545,2,malignant,Preprocessed_Dataset/ddsm/ddsm_4022.jpg,ddsm,test
2.5367541,0.9131454,1.0996056,2.420012,2,malignant,Preprocessed_Dataset/cmmd/cmmd_1874.jpg,cmmd,test
0.98167807,1.1929494,0.14552581,2.1120155,1,benign,Preprocessed_Dataset/inbreast/inbreast_108.jpg,inbreast,test
0.6895212,1.2127628,0.5388799,1.9984243,0,normal,Preprocessed_Dataset/ddsm/ddsm_2641.jpg,ddsm,test
1.3404021,1.0629252,0.4443589,1.8741908,1,benign,Preprocessed_Dataset/ddsm/ddsm_10312.jpg,ddsm,test
0.45976824,1.4001572,0.30926955,1.932366,1,benign,Preprocessed_Dataset/ddsm/ddsm_7109.jpg,ddsm,test
0.7548098,1.4267131,0.44904798,2.0163856,1,benign,Preprocessed_Dataset/ddsm/ddsm_9693.jpg,ddsm,test
1.5211201,2.5196471,0.9879898,1.7788953,1,benign,Preprocessed_Dataset/ddsm/ddsm_10150.jpg,ddsm,test
2.120519,2.0424972,0.6875151,2.443793,2,malignant,Preprocessed_Dataset/cmmd/cmmd_4076.jpg,cmmd,test
2.3481407,0.8224428,0.8857895,2.2019393,2,malignant,Preprocessed_Dataset/cmmd/cmmd_2938.jpg,cmmd,test
2.4055238,0.89175725,0.90670335,2.4914062,1,benign,Preprocessed_Dataset/cmmd/cmmd_4402.jpg,cmmd,test
2.5414891,1.8456429,0.97679263,2.3727584,2,malignant,Preprocessed_Dataset/cmmd/cmmd_4367.jpg,cmmd,test
2.4131026,0.64784515,1.0964432,2.2746701,2,malignant,Preprocessed_Dataset/cmmd/cmmd_3489.jpg,cmmd,test
0.6980319,0.78407586,0.38645786,2.387483,1,benign,Preprocessed_Dataset/ddsm/ddsm_8625.jpg,ddsm,test
2.526911,2.1353922,0.8262372,2.1007104,1,benign,Preprocessed_Dataset/cmmd/cmmd_152.jpg,cmmd,test
1.5927031,1.5989909,0.8414926,1.0670362,0,normal,Preprocessed_Dataset/ddsm/ddsm_2160.jpg,ddsm,test
2.0911965,2.332998,1.7064269,2.2677898,2,malignant,Preprocessed_Dataset/cmmd/cmmd_3646.jpg,cmmd,test
0.95431626,2.4358637,0.59314257,1.9864782,0,normal,Preprocessed_Dataset/ddsm/ddsm_1906.jpg,ddsm,test
0.37005353,1.2661228,0.34668726,1.9375648,1,benign,Preprocessed_Dataset/ddsm/ddsm_8540.jpg,ddsm,test
2.5085528,0.47695577,1.0671694,2.1766875,2,malignant,Preprocessed_Dataset/cmmd/cmmd_3452.jpg,cmmd,test
1.2069609,0.8431131,0.26010525,2.289861,1,benign,Preprocessed_Dataset/inbreast/inbreast_201.jpg,inbreast,test
2.3776634,1.0421963,1.001431,2.4550517,2,malignant,Preprocessed_Dataset/cmmd/cmmd_4731.jpg,cmmd,test
2.3032322,0.2409848,0.75136715,2.5264928,2,malignant,Preprocessed_Dataset/cmmd/cmmd_2755.jpg,cmmd,test
0.96481746,0.75045294,0.9754095,0.9673232,0,normal,Preprocessed_Dataset/ddsm/ddsm_676.jpg,ddsm,test
2.515602,1.9682074,0.93333495,2.1761084,0,normal,Preprocessed_Dataset/kau-bcmd/kau-bcmd_1740.jpg,kau-bcmd,test
2.7343512,2.1673455,1.4484888,1.9375592,1,benign,Preprocessed_Dataset/cmmd/cmmd_413.jpg,cmmd,test
1.7642235,2.45177,0.90603334,1.3493841,1,benign,Preprocessed_Dataset/cdd-cesm/cdd-cesm_908.jpg,cdd-cesm,test
2.1239204,0.9516815,0.7777236,2.0958538,2,malignant,Preprocessed_Dataset/cmmd/cmmd_3476.jpg,cmmd,test
0.6219041,0.65720093,0.36034113,1.3294947,0,normal,Preprocessed_Dataset/ddsm/ddsm_789.jpg,ddsm,test
2.6986735,0.49912286,1.242801,2.1809816,2,malignant,Preprocessed_Dataset/cmmd/cmmd_3394.jpg,cmmd,test
0.66247517,1.9068377,1.761661,2.968729,1,benign,Preprocessed_Dataset/ddsm/ddsm_6811.jpg,ddsm,test
1.1224651,2.1416228,0.34617865,2.436093,2,malignant,Preprocessed_Dataset/inbreast/inbreast_289.jpg,inbreast,test
0.39674264,1.5006135,1.3802159,2.1017613,2,malignant,Preprocessed_Dataset/ddsm/ddsm_6023.jpg,ddsm,test
1.232333,1.9620221,0.2665491,2.0845962,1,benign,Preprocessed_Dataset/ddsm/ddsm_7735.jpg,ddsm,test
2.3842685,0.5250448,0.94037426,2.3254824,0,normal,Preprocessed_Dataset/kau-bcmd/kau-bcmd_2123.jpg,kau-bcmd,test
0.72278863,2.441052,0.5778852,1.7705517,1,benign,Preprocessed_Dataset/ddsm/ddsm_6475.jpg,ddsm,test
0.41063684,1.428429,0.9361621,1.452302,1,benign,Preprocessed_Dataset/ddsm/ddsm_6908.jpg,ddsm,test
2.3256788,1.8862145,0.6634668,2.0661309,2,malignant,Preprocessed_Dataset/cmmd/cmmd_3775.jpg,cmmd,test
0.9793023,1.2115194,0.14508897,2.022855,1,benign,Preprocessed_Dataset/ddsm/ddsm_8781.jpg,ddsm,test
2.2809858,2.2343912,0.58507204,2.6958785,2,malignant,Preprocessed_Dataset/cmmd/cmmd_4135.jpg,cmmd,test
0.7775415,2.126196,0.32813895,2.0407588,0,normal,Preprocessed_Dataset/ddsm/ddsm_2430.jpg,ddsm,test
0.31545067,1.003448,1.6472132,2.6655288,2,malignant,Preprocessed_Dataset/ddsm/ddsm_6357.jpg,ddsm,test
0.7710033,1.2031481,0.7643052,1.118366,0,normal,Preprocessed_Dataset/ddsm/ddsm_540.jpg,ddsm,test
0.9153085,1.383601,0.30004346,2.0444198,0,normal,Preprocessed_Dataset/ddsm/ddsm_2140.jpg,ddsm,test
0.4355142,1.1793662,2.7982123,2.8851945,1,benign,Preprocessed_Dataset/ddsm/ddsm_9596.jpg,ddsm,test
0.6088376,1.2347093,0.26358902,1.3744526,2,malignant,Preprocessed_Dataset/ddsm/ddsm_4169.jpg,ddsm,test
2.7085323,1.6282206,0.72830945,2.4694376,1,benign,Preprocessed_Dataset/cmmd/cmmd_173.jpg,cmmd,test
0.7461565,0.55536747,1.087453,2.4692566,2,malignant,Preprocessed_Dataset/ddsm/ddsm_5817.jpg,ddsm,test
1.4490317,2.1431077,0.16081595,2.5013146,1,benign,Preprocessed_Dataset/inbreast/inbreast_133.jpg,inbreast,test
1.7977281,0.80932087,0.58369684,2.7836447,1,benign,Preprocessed_Dataset/kau-bcmd/kau-bcmd_287.jpg,kau-bcmd,test
0.7805542,0.74490833,0.44414437,1.3758941,0,normal,Preprocessed_Dataset/ddsm/ddsm_113.jpg,ddsm,test
1.076553,0.7302874,2.0394928,1.2511718,2,malignant,Preprocessed_Dataset/ddsm/ddsm_4121.jpg,ddsm,test
2.7742982,2.2454953,1.2097129,1.751739,2,malignant,Preprocessed_Dataset/cmmd/cmmd_4306.jpg,cmmd,test
0.28253186,1.5600063,2.1074533,2.3284764,2,malignant,Preprocessed_Dataset/ddsm/ddsm_5486.jpg,ddsm,test
2.3638542,1.244544,1.1954418,1.7055613,2,malignant,Preprocessed_Dataset/cmmd/cmmd_2761.jpg,cmmd,test
2.6671805,0.4523685,1.2624611,1.8766056,1,benign,Preprocessed_Dataset/cmmd/cmmd_2351.jpg,cmmd,test
0.58516,1.4950764,1.1626203,2.0477831,1,benign,Preprocessed_Dataset/ddsm/ddsm_8700.jpg,ddsm,test
1.8087045,2.4860215,0.42928004,2.3985603,0,normal,Preprocessed_Dataset/kau-bcmd/kau-bcmd_985.jpg,kau-bcmd,test
0.44721675,1.1619573,1.8367823,2.4325516,1,benign,Preprocessed_Dataset/ddsm/ddsm_8025.jpg,ddsm,test
0.72631043,2.1294925,0.12820768,2.1609392,2,malignant,Preprocessed_Dataset/ddsm/ddsm_5278.jpg,ddsm,test
2.7965798,2.3362818,1.1770372,1.8614091,2,malignant,Preprocessed_Dataset/cmmd/cmmd_1339.jpg,cmmd,test
0.4159081,0.67389506,0.5064225,1.9784132,0,normal,Preprocessed_Dataset/ddsm/ddsm_1349.jpg,ddsm,test
1.2624563,2.3722773,0.75353503,1.7931617,0,normal,Preprocessed_Dataset/ddsm/ddsm_235.jpg,ddsm,test
1.935843,2.145482,0.57794774,2.5870104,0,normal,Preprocessed_Dataset/kau-bcmd/kau-bcmd_977.jpg,kau-bcmd,test
2.5208821,1.4249195,1.068278,2.2744515,2,malignant,Preprocessed_Dataset/cmmd/cmmd_2066.jpg,cmmd,test
1.9676362,0.6719952,0.87573427,2.774552,0,normal,Preprocessed_Dataset/kau-bcmd/kau-bcmd_1143.jpg,kau-bcmd,test
1.6378616,1.6985886,0.92892736,1.8595228,1,benign,Preprocessed_Dataset/cdd-cesm/cdd-cesm_106.jpg,cdd-cesm,test
0.61947364,1.213322,0.44765538,1.6371733,0,normal,Preprocessed_Dataset/ddsm/ddsm_733.jpg,ddsm,test
1.0860957,2.2193475,0.8203599,1.9086,2,malignant,Preprocessed_Dataset/ddsm/ddsm_3062.jpg,ddsm,test
0.77227366,2.398583,0.5439375,1.6835535,1,benign,Preprocessed_Dataset/ddsm/ddsm_9551.jpg,ddsm,test
1.5536051,2.5273926,0.51881063,2.1623976,0,normal,Preprocessed_Dataset/kau-bcmd/kau-bcmd_2022.jpg,kau-bcmd,test
1.0067345,2.791139,0.6659535,1.4588659,0,normal,Preprocessed_Dataset/ddsm/ddsm_1795.jpg,ddsm,test
0.2947297,1.0329874,0.4848046,1.8707622,2,malignant,Preprocessed_Dataset/ddsm/ddsm_3505.jpg,ddsm,test
0.6692372,0.936639,1.4980905,2.8611505,1,benign,Preprocessed_Dataset/ddsm/ddsm_9525.jpg,ddsm,test
0.7174731,1.4512153,1.2674763,0.64499855,0,normal,Preprocessed_Dataset/ddsm/ddsm_661.jpg,ddsm,test
0.18227255,0.9718076,0.60564184,1.3472975,0,normal,Preprocessed_Dataset/ddsm/ddsm_1688.jpg,ddsm,test
0.45494998,1.1354635,2.3523574,2.4480026,1,benign,Preprocessed_Dataset/ddsm/ddsm_8344.jpg,ddsm,test
0.89624465,1.4699559,0.42866617,2.386757,1,benign,Preprocessed_Dataset/ddsm/ddsm_6595.jpg,ddsm,test
0.5123342,1.0714499,0.3536296,1.8277334,0,normal,Preprocessed_Dataset/ddsm/ddsm_1393.jpg,ddsm,test
0.5570376,2.7797613,1.7138889,2.7620132,2,malignant,Preprocessed_Dataset/ddsm/ddsm_5211.jpg,ddsm,test
1.7251432,0.8290323,1.4015974,1.0507722,0,normal,Preprocessed_Dataset/cdd-cesm/cdd-cesm_375.jpg,cdd-cesm,test
2.4970345,0.37606263,1.1410885,2.03714,2,malignant,Preprocessed_Dataset/cmmd/cmmd_1828.jpg,cmmd,test
0.43749171,2.2749043,1.430558,2.5379894,2,malignant,Preprocessed_Dataset/ddsm/ddsm_5078.jpg,ddsm,test
1.1971941,1.1225111,0.49859053,1.9426658,0,normal,Preprocessed_Dataset/ddsm/ddsm_2349.jpg,ddsm,test
2.629929,1.5722156,1.5417373,1.4656053,2,malignant,Preprocessed_Dataset/cmmd/cmmd_896.jpg,cmmd,test
2.5998764,0.5099069,1.4313745,1.7346604,1,benign,Preprocessed_Dataset/cmmd/cmmd_2237.jpg,cmmd,test
1.041097,2.1521494,1.1642915,2.110727,2,malignant,Preprocessed_Dataset/ddsm/ddsm_5378.jpg,ddsm,test
0.6958819,1.5453848,1.047209,2.2282057,2,malignant,Preprocessed_Dataset/ddsm/ddsm_3814.jpg,ddsm,test
0.79059714,1.7836694,0.9901114,1.6075168,0,normal,Preprocessed_Dataset/ddsm/ddsm_1106.jpg,ddsm,test
2.8239198,1.928173,1.2914395,1.873037,1,benign,Preprocessed_Dataset/cmmd/cmmd_408.jpg,cmmd,test
0.7161096,0.8413186,0.72786516,1.51337,0,normal,Preprocessed_Dataset/ddsm/ddsm_308.jpg,ddsm,test
0.9699738,2.3816552,0.96604764,1.4290526,0,normal,Preprocessed_Dataset/ddsm/ddsm_1766.jpg,ddsm,test
2.4846716,3.1425562,1.8806826,0.8717303,1,benign,Preprocessed_Dataset/cdd-cesm/cdd-cesm_79.jpg,cdd-cesm,test
0.8616159,2.5528862,0.37472057,2.1515017,0,normal,Preprocessed_Dataset/ddsm/ddsm_1531.jpg,ddsm,test
1.3370771,1.080067,1.2377203,1.894593,1,benign,Preprocessed_Dataset/ddsm/ddsm_9144.jpg,ddsm,test
0.57016146,0.8030221,1.0729969,2.0330849,1,benign,Preprocessed_Dataset/ddsm/ddsm_8248.jpg,ddsm,test
0.85525954,0.9007887,0.43742925,1.7763125,0,normal,Preprocessed_Dataset/ddsm/ddsm_905.jpg,ddsm,test
2.6292682,1.1473665,1.0453036,1.8735065,1,benign,Preprocessed_Dataset/cmmd/cmmd_2209.jpg,cmmd,test
0.6030116,1.6087793,1.446171,0.8234961,0,normal,Preprocessed_Dataset/ddsm/ddsm_1083.jpg,ddsm,test
0.7371547,1.5752263,0.47935018,2.4529884,2,malignant,Preprocessed_Dataset/ddsm/ddsm_5658.jpg,ddsm,test
2.1765287,1.0320277,0.8611758,2.0957916,2,malignant,Preprocessed_Dataset/cmmd/cmmd_3130.jpg,cmmd,test
0.31607318,1.7089977,1.2144034,1.8824,1,benign,Preprocessed_Dataset/ddsm/ddsm_9893.jpg,ddsm,test
2.7369475,0.28236938,1.2069149,2.1043627,2,malignant,Preprocessed_Dataset/cmmd/cmmd_2627.jpg,cmmd,test
0.78795505,2.4528718,0.24854887,1.956104,0,normal,Preprocessed_Dataset/ddsm/ddsm_391.jpg,ddsm,test
2.434661,1.9966935,1.0395347,2.674603,2,malignant,Preprocessed_Dataset/cmmd/cmmd_3654.jpg,cmmd,test
1.1007726,1.013866,0.5398227,2.4498658,1,benign,Preprocessed_Dataset/kau-bcmd/kau-bcmd_84.jpg,kau-bcmd,test
2.7388792,0.75081164,1.4837348,1.5708433,2,malignant,Preprocessed_Dataset/cmmd/cmmd_3216.jpg,cmmd,test
0.20124555,1.433816,0.98438215,1.1950469,1,benign,Preprocessed_Dataset/ddsm/ddsm_10032.jpg,ddsm,test
0.5349788,1.6022314,0.3490752,1.6810827,1,benign,Preprocessed_Dataset/ddsm/ddsm_7801.jpg,ddsm,test
0.81769913,2.6987405,1.7870102,2.4082968,1,benign,Preprocessed_Dataset/ddsm/ddsm_9847.jpg,ddsm,test
1.3651334,1.2302964,0.4052006,2.190001,0,normal,Preprocessed_Dataset/kau-bcmd/kau-bcmd_1689.jpg,kau-bcmd,test
1.210897,0.8193343,0.3509925,2.0671682,1,benign,Preprocessed_Dataset/inbreast/inbreast_112.jpg,inbreast,test
1.126592,1.0765052,1.73866,2.0314426,2,malignant,Preprocessed_Dataset/ddsm/ddsm_4085.jpg,ddsm,test
0.81153417,2.303147,0.63087773,1.363011,2,malignant,Preprocessed_Dataset/ddsm/ddsm_4110.jpg,ddsm,test
0.20573902,1.59434,1.2140561,1.771695,2,malignant,Preprocessed_Dataset/ddsm/ddsm_6129.jpg,ddsm,test
0.23485851,0.9696853,0.2634104,1.955572,1,benign,Preprocessed_Dataset/ddsm/ddsm_6964.jpg,ddsm,test
0.6339185,1.1875404,0.6107466,1.5936868,1,benign,Preprocessed_Dataset/ddsm/ddsm_9760.jpg,ddsm,test
2.441183,1.9770513,0.86438626,2.0553434,2,malignant,Preprocessed_Dataset/cmmd/cmmd_3706.jpg,cmmd,test
1.7558373,1.4172364,1.9114901,0.5579258,1,benign,Preprocessed_Dataset/cdd-cesm/cdd-cesm_692.jpg,cdd-cesm,test
0.7706488,0.9493866,1.1946838,2.4839823,1,benign,Preprocessed_Dataset/ddsm/ddsm_10220.jpg,ddsm,test
0.3867767,1.7451098,0.46130675,2.1315439,2,malignant,Preprocessed_Dataset/ddsm/ddsm_3410.jpg,ddsm,test
0.43402374,1.8801292,1.933023,3.0272365,1,benign,Preprocessed_Dataset/ddsm/ddsm_8835.jpg,ddsm,test
0.76971966,0.8549737,0.58526117,1.7261208,0,normal,Preprocessed_Dataset/ddsm/ddsm_276.jpg,ddsm,test
0.45847648,0.9038186,2.5467138,3.1108842,1,benign,Preprocessed_Dataset/ddsm/ddsm_8289.jpg,ddsm,test
0.5499325,1.2634027,1.6807259,2.3541079,1,benign,Preprocessed_Dataset/ddsm/ddsm_8552.jpg,ddsm,test
0.7723547,1.986301,0.50671417,1.6576605,0,normal,Preprocessed_Dataset/ddsm/ddsm_1618.jpg,ddsm,test
1.0828445,2.3931687,0.35225463,2.3828683,0,normal,Preprocessed_Dataset/ddsm/ddsm_1955.jpg,ddsm,test
2.5722733,0.9964738,0.8851327,2.2242134,1,benign,Preprocessed_Dataset/cmmd/cmmd_2200.jpg,cmmd,test
0.5969943,2.408384,1.598777,2.485046,1,benign,Preprocessed_Dataset/ddsm/ddsm_9267.jpg,ddsm,test
0.7519639,1.78569,2.3337922,2.8147666,2,malignant,Preprocessed_Dataset/ddsm/ddsm_5166.jpg,ddsm,test
1.615484,1.1137818,1.9436333,0.67975974,0,normal,Preprocessed_Dataset/cdd-cesm/cdd-cesm_286.jpg,cdd-cesm,test
0.30173695,0.5455466,2.311366,1.947281,2,malignant,Preprocessed_Dataset/ddsm/ddsm_6080.jpg,ddsm,test
0.6390935,1.9403167,0.34328043,2.463375,1,benign,Preprocessed_Dataset/ddsm/ddsm_8834.jpg,ddsm,test
1.7610582,0.7978523,0.88170147,2.0366528,0,normal,Preprocessed_Dataset/kau-bcmd/kau-bcmd_1081.jpg,kau-bcmd,test
0.9730568,1.7810473,0.5132408,1.6108294,1,benign,Preprocessed_Dataset/ddsm/ddsm_8239.jpg,ddsm,test
2.5556874,1.917888,0.94676286,2.3629045,1,benign,Preprocessed_Dataset/cmmd/cmmd_3894.jpg,cmmd,test
1.6269058,2.5120394,0.647705,2.324688,0,normal,Preprocessed_Dataset/kau-bcmd/kau-bcmd_2061.jpg,kau-bcmd,test
0.5514232,2.0447335,1.7599494,2.2708027,2,malignant,Preprocessed_Dataset/ddsm/ddsm_3646.jpg,ddsm,test
2.4937694,2.6412249,1.2379675,1.9278775,0,normal,Preprocessed_Dataset/kau-bcmd/kau-bcmd_627.jpg,kau-bcmd,test
1.4222947,2.3474593,0.2398544,2.550666,1,benign,Preprocessed_Dataset/inbreast/inbreast_255.jpg,inbreast,test
1.8921003,2.199028,0.5813013,2.028485,2,malignant,Preprocessed_Dataset/cmmd/cmmd_1326.jpg,cmmd,test
0.9543737,1.3184868,2.50818,1.4455893,2,malignant,Preprocessed_Dataset/ddsm/ddsm_3776.jpg,ddsm,test
0.31155276,1.1759993,0.24755228,2.1902974,0,normal,Preprocessed_Dataset/ddsm/ddsm_2112.jpg,ddsm,test
1.2330453,1.9320549,0.51135516,1.8032217,0,normal,Preprocessed_Dataset/ddsm/ddsm_967.jpg,ddsm,test
2.6024384,1.8157367,0.90449727,2.4599578,2,malignant,Preprocessed_Dataset/cmmd/cmmd_889.jpg,cmmd,test
1.0381349,2.1629782,0.69007343,2.001957,0,normal,Preprocessed_Dataset/ddsm/ddsm_1610.jpg,ddsm,test
1.0992593,0.67366385,0.6139402,1.8399693,0,normal,Preprocessed_Dataset/kau-bcmd/kau-bcmd_1743.jpg,kau-bcmd,test
0.2115252,1.2133075,1.656554,2.2329607,1,benign,Preprocessed_Dataset/ddsm/ddsm_6796.jpg,ddsm,test
2.0785077,2.2082708,1.2686937,2.1085794,2,malignant,Preprocessed_Dataset/cmmd/cmmd_4286.jpg,cmmd,test
0.5756608,2.0283082,1.1190073,1.8304576,0,normal,Preprocessed_Dataset/ddsm/ddsm_254.jpg,ddsm,test
1.9534483,2.729611,1.266218,1.2343292,0,normal,Preprocessed_Dataset/cdd-cesm/cdd-cesm_186.jpg,cdd-cesm,test
0.88285977,2.3328176,0.15419775,2.0569813,1,benign,Preprocessed_Dataset/ddsm/ddsm_7647.jpg,ddsm,test
0.5140207,1.0219178,0.5240574,1.9691973,2,malignant,Preprocessed_Dataset/ddsm/ddsm_4153.jpg,ddsm,test
1.870018,1.9627563,1.9386296,0.8299407,0,normal,Preprocessed_Dataset/cdd-cesm/cdd-cesm_497.jpg,cdd-cesm,test
1.0920436,2.2635298,0.45261526,2.0653548,2,malignant,Preprocessed_Dataset/ddsm/ddsm_5623.jpg,ddsm,test
