pc1,pc2,pc3,pc4,label,label_name,filename,source_dataset,split
1.5219204,1.1280482,1.5002531,1.1976411,1,benign,Preprocessed_Dataset/cmmd/cmmd_2170.jpg,cmmd,train
2.3848677,1.5607442,1.9048579,1.0150673,1,benign,Preprocessed_Dataset/ddsm/ddsm_9459.jpg,ddsm,train
2.3498034,1.7099593,2.120881,0.89820373,1,benign,Preprocessed_Dataset/ddsm/ddsm_7149.jpg,ddsm,train
2.7977505,1.2657619,1.8124907,0.26204467,1,benign,Preprocessed_Dataset/cmmd/cmmd_2248.jpg,cmmd,train
1.6662608,0.4258951,0.72206306,1.4636856,0,normal,Preprocessed_Dataset/ddsm/ddsm_921.jpg,ddsm,train
1.9605075,1.1568168,1.5358565,1.2724954,2,malignant,Preprocessed_Dataset/ddsm/ddsm_6261.jpg,ddsm,train
2.3567543,0.6853476,1.1412061,1.5533499,0,normal,Preprocessed_Dataset/kau-bcmd/kau-bcmd_2171.jpg,kau-bcmd,train
2.3922582,0.6940938,1.1526072,1.6109985,0,normal,Preprocessed_Dataset/kau-bcmd/kau-bcmd_42.jpg,kau-bcmd,train
0.72124696,1.5049479,1.5241138,2.2642808,2,malignant,Preprocessed_Dataset/ddsm/ddsm_4015.jpg,ddsm,train
1.6338395,0.3511343,0.73801637,1.5393386,0,normal,Preprocessed_Dataset/ddsm/ddsm_2031.jpg,ddsm,train
0.33586776,1.2361909,1.4519752,2.028762,2,malignant,Preprocessed_Dataset/cmmd/cmmd_4336.jpg,cmmd,train
2.7150815,2.2509823,2.613988,1.5340797,1,benign,Preprocessed_Dataset/kau-bcmd/kau-bcmd_80.jpg,kau-bcmd,train
2.718411,1.2193174,1.7282181,0.24384391,1,benign,Preprocessed_Dataset/cmmd/cmmd_692.jpg,cmmd,train
2.1558988,1.5679833,2.643753,1.7478739,1,benign,Preprocessed_Dataset/inbreast/inbreast_406.jpg,inbreast,train
2.4700174,1.6824288,1.9530367,0.9101289,1,benign,Preprocessed_Dataset/ddsm/ddsm_9948.jpg,ddsm,train
2.4983108,1.63252,1.8094776,0.979282,1,benign,Preprocessed_Dataset/ddsm/ddsm_8076.jpg,ddsm,train
0.6808405,1.6560433,1.6080346,2.2060077,2,malignant,Preprocessed_Dataset/ddsm/ddsm_5950.jpg,ddsm,train
2.3489635,1.7258161,1.980989,1.0248468,1,benign,Preprocessed_Dataset/ddsm/ddsm_9669.jpg,ddsm,train
1.6496674,1.1385101,0.8560948,1.2708569,2,malignant,Preprocessed_Dataset/cdd-cesm/cdd-cesm_99.jpg,cdd-cesm,train
1.7565844,0.2091173,0.58487344,1.4845854,0,normal,Preprocessed_Dataset/ddsm/ddsm_1543.jpg,ddsm,train
0.5514406,1.5596159,1.6651623,2.2110105,2,malignant,Preprocessed_Dataset/ddsm/ddsm_5572.jpg,ddsm,train
0.46526754,1.3856628,1.4582343,2.2541885,2,malignant,Preprocessed_Dataset/ddsm/ddsm_4055.jpg,ddsm,train
0.9526726,1.2481817,1.6046419,1.5579628,2,malignant,Preprocessed_Dataset/cmmd/cmmd_1719.jpg,cmmd,train
2.8714824,1.1307998,1.7526307,0.26547337,1,benign,Preprocessed_Dataset/cmmd/cmmd_163.jpg,cmmd,train
0.7535846,1.4894918,1.515706,2.1651661,2,malignant,Preprocessed_Dataset/ddsm/ddsm_3896.jpg,ddsm,train
0.5677271,1.5714997,1.4958892,2.2098796,2,malignant,Preprocessed_Dataset/ddsm/ddsm_3149.jpg,ddsm,train
0.6241735,1.4372683,1.4794421,2.2511535,2,malignant,Preprocessed_Dataset/ddsm/ddsm_5254.jpg,ddsm,train
1.7305636,1.157105,1.6393967,1.1145872,2,malignant,Preprocessed_Dataset/cmmd/cmmd_59.jpg,cmmd,train
2.3665752,0.6792404,1.1709462,1.5708532,0,normal,Preprocessed_Dataset/kau-bcmd/kau-bcmd_1289.jpg,kau-bcmd,train
0.71200824,1.5283033,1.5849347,2.158898,2,malignant,Preprocessed_Dataset/ddsm/ddsm_3846.jpg,ddsm,train
0.6669798,1.4939183,1.4682015,2.3229208,2,malignant,Preprocessed_Dataset/ddsm/ddsm_6328.jpg,ddsm,train
2.6241715,1.7964263,1.4600885,0.50920856,1,benign,Preprocessed_Dataset/cdd-cesm/cdd-cesm_79.jpg,cdd-cesm,train
1.7306268,0.3103475,0.74564207,1.4421152,0,normal,Preprocessed_Dataset/ddsm/ddsm_2328.jpg,ddsm,train
1.676882,0.31918353,0.85498255,1.5180483,0,normal,Preprocessed_Dataset/ddsm/ddsm_279.jpg,ddsm,train
1.8424388,0.4433807,0.778095,1.4667671,0,normal,Preprocessed_Dataset/ddsm/ddsm_2770.jpg,ddsm,train
1.8139027,0.40424496,0.75360644,1.4292887,0,normal,Preprocessed_Dataset/ddsm/ddsm_2302.jpg,ddsm,train
1.6992214,0.3442158,0.8302104,1.4767072,0,normal,Preprocessed_Dataset/ddsm/ddsm_1227.jpg,ddsm,train
2.4278216,1.6143684,1.8966377,0.941638,1,benign,Preprocessed_Dataset/ddsm/ddsm_6660.jpg,ddsm,train
0.5532402,1.5445313,1.5247242,2.3314,2,malignant,Preprocessed_Dataset/ddsm/ddsm_3726.jpg,ddsm,train
2.3028882,1.571623,1.877854,1.0723206,1,benign,Preprocessed_Dataset/ddsm/ddsm_9187.jpg,ddsm,train
0.49507546,1.2319052,1.3966289,1.9204199,2,malignant,Preprocessed_Dataset/cmmd/cmmd_4286.jpg,cmmd,train
1.6392114,0.24791074,0.7412815,1.4174474,0,normal,Preprocessed_Dataset/ddsm/ddsm_803.jpg,ddsm,train
2.4005504,1.5680312,1.8378338,0.9936671,1,benign,Preprocessed_Dataset/ddsm/ddsm_9314.jpg,ddsm,train
2.5597622,1.6320978,1.9400183,0.9579621,1,benign,Preprocessed_Dataset/ddsm/ddsm_6644.jpg,ddsm,train
1.655875,0.41486686,0.80803037,1.5291678,0,normal,Preprocessed_Dataset/ddsm/ddsm_1393.jpg,ddsm,train
2.3038018,1.6823245,1.999144,1.0809015,1,benign,Preprocessed_Dataset/ddsm/ddsm_7991.jpg,ddsm,train
2.3581078,1.6257395,1.8900785,1.1072338,1,benign,Preprocessed_Dataset/ddsm/ddsm_6741.jpg,ddsm,train
2.4604332,0.72665733,1.1933761,1.5951777,0,normal,Preprocessed_Dataset/kau-bcmd/kau-bcmd_1826.jpg,kau-bcmd,train
0.47393,1.471452,1.4336598,2.4041069,2,malignant,Preprocessed_Dataset/ddsm/ddsm_5817.jpg,ddsm,train
1.6811981,0.22189593,0.71139437,1.5483918,0,normal,Preprocessed_Dataset/ddsm/ddsm_2237.jpg,ddsm,train
0.5676868,1.402378,1.52773,2.2849255,2,malignant,Preprocessed_Dataset/ddsm/ddsm_4204.jpg,ddsm,train
0.3779632,1.5389434,1.0030353,2.0590055,2,malignant,Preprocessed_Dataset/cdd-cesm/cdd-cesm_1001.jpg,cdd-cesm,train
2.511625,1.5783165,1.8863499,0.95360875,1,benign,Preprocessed_Dataset/ddsm/ddsm_8920.jpg,ddsm,train
2.3089738,0.6725279,1.1678064,1.5219887,0,normal,Preprocessed_Dataset/kau-bcmd/kau-bcmd_1912.jpg,kau-bcmd,train
0.72963405,1.6088959,1.5450927,2.3685305,2,malignant,Preprocessed_Dataset/ddsm/ddsm_5565.jpg,ddsm,train
0.7545997,1.5581075,1.5379045,2.171214,2,malignant,Preprocessed_Dataset/ddsm/ddsm_4390.jpg,ddsm,train
2.252342,1.5013756,1.855182,1.1045816,1,benign,Preprocessed_Dataset/ddsm/ddsm_7905.jpg,ddsm,train
2.4461584,1.720489,1.9269345,0.8938744,1,benign,Preprocessed_Dataset/ddsm/ddsm_9997.jpg,ddsm,train
2.516521,1.3349501,1.7838236,0.45128024,1,benign,Preprocessed_Dataset/cmmd/cmmd_613.jpg,cmmd,train
1.858714,0.32121688,0.789845,1.4153024,0,normal,Preprocessed_Dataset/ddsm/ddsm_2434.jpg,ddsm,train
2.4124649,1.6961036,2.1326876,0.93246496,1,benign,Preprocessed_Dataset/ddsm/ddsm_6958.jpg,ddsm,train
2.4989119,1.614684,1.8765262,0.952055,1,benign,Preprocessed_Dataset/ddsm/ddsm_10018.jpg,ddsm,train
1.6731578,0.2964915,0.7592597,1.5696975,0,normal,Preprocessed_Dataset/ddsm/ddsm_2552.jpg,ddsm,train
1.8039839,1.2996737,1.5653497,1.3843924,2,malignant,Preprocessed_Dataset/ddsm/ddsm_6219.jpg,ddsm,train
0.8490245,1.6916671,1.6685873,2.1005447,2,malignant,Preprocessed_Dataset/ddsm/ddsm_6062.jpg,ddsm,train
0.45165706,1.2483187,1.5034268,1.9314141,2,malignant,Preprocessed_Dataset/cmmd/cmmd_1643.jpg,cmmd,train
2.3218722,1.5034118,1.7934602,1.0273192,1,benign,Preprocessed_Dataset/ddsm/ddsm_6736.jpg,ddsm,train
2.3918576,1.5831897,2.0412652,1.0186315,1,benign,Preprocessed_Dataset/ddsm/ddsm_9144.jpg,ddsm,train
1.5253435,0.10115886,0.506497,1.5177666,0,normal,Preprocessed_Dataset/ddsm/ddsm_1775.jpg,ddsm,train
1.0427692,0.51445997,0.1970247,1.3766434,0,normal,Preprocessed_Dataset/dmid/dmid_204.jpg,dmid,train
0.54931617,1.531055,1.1095052,1.7923781,0,normal,Preprocessed_Dataset/cdd-cesm/cdd-cesm_375.jpg,cdd-cesm,train
0.37350762,1.3154249,1.5719969,1.9613428,2,malignant,Preprocessed_Dataset/cmmd/cmmd_1070.jpg,cmmd,train
1.4569073,0.8614814,1.1453754,1.7655224,0,normal,Preprocessed_Dataset/ddsm/ddsm_1241.jpg,ddsm,train
2.3772306,0.7400387,1.2495562,1.596601,0,normal,Preprocessed_Dataset/kau-bcmd/kau-bcmd_2124.jpg,kau-bcmd,train
2.3166783,1.6075544,1.8115156,1.0627593,1,benign,Preprocessed_Dataset/ddsm/ddsm_6927.jpg,ddsm,train
1.1695683,1.6378613,1.2073797,1.601536,2,malignant,Preprocessed_Dataset/cdd-cesm/cdd-cesm_257.jpg,cdd-cesm,train
0.7070035,1.491533,1.4845195,2.179317,2,malignant,Preprocessed_Dataset/ddsm/ddsm_5083.jpg,ddsm,train
2.7000825,1.2411076,1.7477467,0.42869067,1,benign,Preprocessed_Dataset/cmmd/cmmd_2249.jpg,cmmd,train
1.7189171,0.36920542,0.79066926,1.5097648,0,normal,Preprocessed_Dataset/ddsm/ddsm_1888.jpg,ddsm,train
0.5809448,1.5092793,1.5415462,2.3701756,2,malignant,Preprocessed_Dataset/ddsm/ddsm_4653.jpg,ddsm,train
2.3560653,1.5749711,1.8527138,1.0232009,1,benign,Preprocessed_Dataset/ddsm/ddsm_7224.jpg,ddsm,train
2.1382759,2.057281,1.4995112,0.59286815,1,benign,Preprocessed_Dataset/dmid/dmid_27.jpg,dmid,train
2.9297898,1.262101,1.8383691,0.17342257,1,benign,Preprocessed_Dataset/cmmd/cmmd_2349.jpg,cmmd,train
2.3270674,0.6671441,1.1119432,1.5578009,0,normal,Preprocessed_Dataset/kau-bcmd/kau-bcmd_1144.jpg,kau-bcmd,train
1.7733676,0.35905963,0.7582521,1.5158764,0,normal,Preprocessed_Dataset/ddsm/ddsm_1440.jpg,ddsm,train
2.1696763,1.6078753,1.825788,1.1187023,1,benign,Preprocessed_Dataset/ddsm/ddsm_7961.jpg,ddsm,train
0.81204844,1.6076633,1.5340761,2.2921329,2,malignant,Preprocessed_Dataset/ddsm/ddsm_4306.jpg,ddsm,train
0.6696818,1.6207125,1.5121454,2.2734346,2,malignant,Preprocessed_Dataset/ddsm/ddsm_3131.jpg,ddsm,train
1.2225596,0.6677678,0.29284573,1.2751089,0,normal,Preprocessed_Dataset/dmid/dmid_108.jpg,dmid,train
0.53899217,1.5679605,1.5497767,2.2838075,2,malignant,Preprocessed_Dataset/ddsm/ddsm_3665.jpg,ddsm,train
2.2738113,0.7650531,1.1207044,1.5222028,0,normal,Preprocessed_Dataset/kau-bcmd/kau-bcmd_1512.jpg,kau-bcmd,train
2.3617387,1.5878706,1.9065356,1.0334232,1,benign,Preprocessed_Dataset/ddsm/ddsm_10270.jpg,ddsm,train
2.1547916,2.0174062,1.4651741,0.604312,1,benign,Preprocessed_Dataset/dmid/dmid_287.jpg,dmid,train
2.2596946,1.7078161,1.8543001,1.1435301,1,benign,Preprocessed_Dataset/ddsm/ddsm_6501.jpg,ddsm,train
2.3454323,0.740629,1.1931098,1.6022192,0,normal,Preprocessed_Dataset/kau-bcmd/kau-bcmd_918.jpg,kau-bcmd,train
0.66417134,1.2307278,1.6546316,1.7413546,2,malignant,Preprocessed_Dataset/cmmd/cmmd_4306.jpg,cmmd,train
2.4273593,0.7202838,1.1576862,1.6006336,0,normal,Preprocessed_Dataset/kau-bcmd/kau-bcmd_1924.jpg,kau-bcmd,train
2.521288,0.6932713,1.2060379,1.5765678,0,normal,Preprocessed_Dataset/kau-bcmd/kau-bcmd_1790.jpg,kau-bcmd,train
2.3631115,1.6073653,1.826471,1.1195261,1,benign,Preprocessed_Dataset/ddsm/ddsm_7182.jpg,ddsm,train
1.780226,0.2668171,0.7850359,1.476025,0,normal,Preprocessed_Dataset/ddsm/ddsm_384.jpg,ddsm,train
0.43782842,1.233231,1.4840733,1.8049448,2,malignant,Preprocessed_Dataset/cmmd/cmmd_1126.jpg,cmmd,train
1.5447781,0.2487992,0.7043475,1.4375441,0,normal,Preprocessed_Dataset/ddsm/ddsm_2613.jpg,ddsm,train
2.5218873,1.7479008,2.051775,0.9655797,1,benign,Preprocessed_Dataset/ddsm/ddsm_10237.jpg,ddsm,train
1.75792,0.32932234,0.87390554,1.4388473,0,normal,Preprocessed_Dataset/ddsm/ddsm_449.jpg,ddsm,train
1.7728258,0.6000912,1.1576345,1.3990215,0,normal,Preprocessed_Dataset/ddsm/ddsm_905.jpg,ddsm,train
1.841448,0.16638887,0.7188265,1.3673621,0,normal,Preprocessed_Dataset/ddsm/ddsm_604.jpg,ddsm,train
1.60141,0.05447507,0.60908794,1.4920377,0,normal,Preprocessed_Dataset/ddsm/ddsm_1993.jpg,ddsm,train
2.4155233,1.3741815,1.847969,0.35415363,2,malignant,Preprocessed_Dataset/cmmd/cmmd_3654.jpg,cmmd,train
2.244723,1.5235285,1.7796165,1.1308086,1,benign,Preprocessed_Dataset/ddsm/ddsm_8636.jpg,ddsm,train
1.2902051,0.5846428,0.10859954,1.2695665,0,normal,Preprocessed_Dataset/dmid/dmid_349.jpg,dmid,train
2.2198925,0.7311996,1.0953805,1.606366,0,normal,Preprocessed_Dataset/kau-bcmd/kau-bcmd_1430.jpg,kau-bcmd,train
0.2405752,1.2609948,1.5015389,1.970318,2,malignant,Preprocessed_Dataset/cmmd/cmmd_3317.jpg,cmmd,train
2.407466,0.6855759,1.179941,1.4859588,0,normal,Preprocessed_Dataset/kau-bcmd/kau-bcmd_1683.jpg,kau-bcmd,train
2.325264,1.6711675,2.0735087,0.9758296,1,benign,Preprocessed_Dataset/ddsm/ddsm_9341.jpg,ddsm,train
3.009798,1.3213375,2.0691357,0.05464053,1,benign,Preprocessed_Dataset/cmmd/cmmd_2479.jpg,cmmd,train
2.4195752,0.72864246,1.202154,1.5708522,0,normal,Preprocessed_Dataset/kau-bcmd/kau-bcmd_1716.jpg,kau-bcmd,train
2.8362443,1.2845854,1.870717,0.27521157,1,benign,Preprocessed_Dataset/cmmd/cmmd_4402.jpg,cmmd,train
2.3199306,1.5928899,2.5582762,1.5209026,1,benign,Preprocessed_Dataset/inbreast/inbreast_149.jpg,inbreast,train
2.5638602,1.6960479,1.9517279,0.9063862,1,benign,Preprocessed_Dataset/ddsm/ddsm_7109.jpg,ddsm,train
0.6448008,1.6169324,1.553029,2.1611326,2,malignant,Preprocessed_Dataset/ddsm/ddsm_4603.jpg,ddsm,train
2.5147858,1.7114257,1.917747,0.8912822,1,benign,Preprocessed_Dataset/ddsm/ddsm_6984.jpg,ddsm,train
2.403303,1.5944169,1.823602,1.0421463,1,benign,Preprocessed_Dataset/ddsm/ddsm_9402.jpg,ddsm,train
2.6430535,2.8393607,3.0133705,1.2358289,1,benign,Preprocessed_Dataset/kau-bcmd/kau-bcmd_488.jpg,kau-bcmd,train
2.2565522,0.6970505,1.1382552,1.55924,0,normal,Preprocessed_Dataset/kau-bcmd/kau-bcmd_1138.jpg,kau-bcmd,train
0.7945012,1.3647511,1.6130993,1.6232489,1,benign,Preprocessed_Dataset/cmmd/cmmd_354.jpg,cmmd,train
1.7231685,1.5029309,1.6789024,1.497462,1,benign,Preprocessed_Dataset/ddsm/ddsm_9525.jpg,ddsm,train
0.7220185,1.5026114,1.5434555,2.2541995,2,malignant,Preprocessed_Dataset/ddsm/ddsm_5402.jpg,ddsm,train
1.6915069,0.20217669,0.7012582,1.4258378,0,normal,Preprocessed_Dataset/ddsm/ddsm_425.jpg,ddsm,train
1.7219485,0.26307,0.6449398,1.4389149,0,normal,Preprocessed_Dataset/ddsm/ddsm_2599.jpg,ddsm,train
1.9376619,0.3075894,0.73242563,1.3728592,0,normal,Preprocessed_Dataset/ddsm/ddsm_1977.jpg,ddsm,train
2.807372,2.8402925,2.9602518,1.2373624,1,benign,Preprocessed_Dataset/kau-bcmd/kau-bcmd_906.jpg,kau-bcmd,train
0.23668432,1.467821,1.5462059,2.5517707,2,malignant,Preprocessed_Dataset/ddsm/ddsm_5017.jpg,ddsm,train
1.8152466,0.3055024,0.72459334,1.4380546,0,normal,Preprocessed_Dataset/ddsm/ddsm_2260.jpg,ddsm,train
0.7512058,1.4351679,1.41319,2.2496672,2,malignant,Preprocessed_Dataset/ddsm/ddsm_6188.jpg,ddsm,train
2.1856074,0.66295797,0.9779849,1.5668244,0,normal,Preprocessed_Dataset/kau-bcmd/kau-bcmd_483.jpg,kau-bcmd,train
2.296285,1.609205,1.743513,1.167491,1,benign,Preprocessed_Dataset/ddsm/ddsm_6446.jpg,ddsm,train
1.5892228,0.26479256,0.62305576,1.6099508,0,normal,Preprocessed_Dataset/ddsm/ddsm_1291.jpg,ddsm,train
2.4372277,0.7845992,1.1565686,1.5088724,0,normal,Preprocessed_Dataset/kau-bcmd/kau-bcmd_1775.jpg,kau-bcmd,train
1.7353112,0.3106221,0.829389,1.4659604,0,normal,Preprocessed_Dataset/ddsm/ddsm_166.jpg,ddsm,train
1.7970674,1.2366416,1.2986562,1.3821977,0,normal,Preprocessed_Dataset/ddsm/ddsm_2315.jpg,ddsm,train
0.35540426,1.2962527,1.5840594,1.8772913,2,malignant,Preprocessed_Dataset/cmmd/cmmd_911.jpg,cmmd,train
0.6239755,1.6108488,1.6505098,2.2440593,2,malignant,Preprocessed_Dataset/ddsm/ddsm_5493.jpg,ddsm,train
1.0604634,0.5686483,0.1636467,1.3925772,0,normal,Preprocessed_Dataset/dmid/dmid_156.jpg,dmid,train
0.6899842,1.6294042,1.6154996,2.2539074,2,malignant,Preprocessed_Dataset/ddsm/ddsm_2789.jpg,ddsm,train
2.4610791,1.7997241,1.3248243,0.7135687,1,benign,Preprocessed_Dataset/cdd-cesm/cdd-cesm_189.jpg,cdd-cesm,train
1.3710475,0.7007074,1.0907375,1.7118261,0,normal,Preprocessed_Dataset/ddsm/ddsm_545.jpg,ddsm,train
2.2544184,0.70969194,1.0928131,1.6185031,0,normal,Preprocessed_Dataset/kau-bcmd/kau-bcmd_2061.jpg,kau-bcmd,train
2.76295,1.4562299,1.8984132,0.21236563,1,benign,Preprocessed_Dataset/cmmd/cmmd_2407.jpg,cmmd,train
1.4773262,1.1897247,0.7932623,1.296587,0,normal,Preprocessed_Dataset/cdd-cesm/cdd-cesm_719.jpg,cdd-cesm,train
1.7443194,0.28945726,0.6907863,1.3954084,0,normal,Preprocessed_Dataset/ddsm/ddsm_1795.jpg,ddsm,train
1.606006,1.0544257,1.393599,1.5596217,2,malignant,Preprocessed_Dataset/ddsm/ddsm_3662.jpg,ddsm,train
2.262791,0.7754911,1.1456795,1.6447746,0,normal,Preprocessed_Dataset/kau-bcmd/kau-bcmd_1226.jpg,kau-bcmd,train
1.7001802,1.2046671,1.4836195,1.4660326,1,benign,Preprocessed_Dataset/ddsm/ddsm_7935.jpg,ddsm,train
2.2538056,0.7602207,1.1072401,1.5938815,0,normal,Preprocessed_Dataset/kau-bcmd/kau-bcmd_1856.jpg,kau-bcmd,train
2.392615,0.8955433,1.2831384,1.2641264,0,normal,Preprocessed_Dataset/kau-bcmd/kau-bcmd_564.jpg,kau-bcmd,train
0.4644382,1.2804495,1.5240419,1.8473134,2,malignant,Preprocessed_Dataset/cmmd/cmmd_4333.jpg,cmmd,train
2.3714175,1.5199424,1.8299376,0.9402909,1,benign,Preprocessed_Dataset/ddsm/ddsm_8820.jpg,ddsm,train
2.4263306,1.5515893,1.939793,1.0149229,1,benign,Preprocessed_Dataset/ddsm/ddsm_10201.jpg,ddsm,train
0.60487723,1.6247044,1.4852879,2.2915473,2,malignant,Preprocessed_Dataset/ddsm/ddsm_3986.jpg,ddsm,train
2.3250387,0.80305564,1.1952052,1.5536166,0,normal,Preprocessed_Dataset/kau-bcmd/kau-bcmd_531.jpg,kau-bcmd,train
1.6439342,0.38728213,0.74366635,1.5899457,0,normal,Preprocessed_Dataset/ddsm/ddsm_2309.jpg,ddsm,train
0.82696867,1.4984283,1.5795872,1.5827174,2,malignant,Preprocessed_Dataset/cmmd/cmmd_4599.jpg,cmmd,train
1.1136262,1.1558198,1.4033369,1.483983,2,malignant,Preprocessed_Dataset/cmmd/cmmd_3216.jpg,cmmd,train
1.9051234,1.264909,1.502623,1.391367,2,malignant,Preprocessed_Dataset/ddsm/ddsm_4321.jpg,ddsm,train
2.2975488,1.7273855,1.9338574,1.0756375,1,benign,Preprocessed_Dataset/ddsm/ddsm_7947.jpg,ddsm,train
2.4159925,1.7822351,1.9519671,1.0841882,1,benign,Preprocessed_Dataset/ddsm/ddsm_7007.jpg,ddsm,train
1.7101951,1.0976286,1.2966673,1.5663263,1,benign,Preprocessed_Dataset/ddsm/ddsm_8361.jpg,ddsm,train
0.35844243,1.2449025,1.4423966,1.8819267,2,malignant,Preprocessed_Dataset/cmmd/cmmd_933.jpg,cmmd,train
2.3555603,0.74717516,1.2660977,1.5292333,0,normal,Preprocessed_Dataset/kau-bcmd/kau-bcmd_1926.jpg,kau-bcmd,train
0.8713689,1.6394972,1.7644986,2.1443074,2,malignant,Preprocessed_Dataset/ddsm/ddsm_3505.jpg,ddsm,train
2.3294396,0.71437955,1.1573399,1.576976,0,normal,Preprocessed_Dataset/kau-bcmd/kau-bcmd_1176.jpg,kau-bcmd,train
2.5087988,1.6121306,1.9261153,0.9503903,1,benign,Preprocessed_Dataset/ddsm/ddsm_8213.jpg,ddsm,train
1.2534955,1.2644192,1.6347284,1.3272423,2,malignant,Preprocessed_Dataset/cmmd/cmmd_4528.jpg,cmmd,train
2.4065855,0.737838,1.1879599,1.5486606,0,normal,Preprocessed_Dataset/kau-bcmd/kau-bcmd_1712.jpg,kau-bcmd,train
1.6510825,0.27630365,0.66319144,1.5952417,0,normal,Preprocessed_Dataset/ddsm/ddsm_1944.jpg,ddsm,train
1.5679451,0.33928955,0.7246008,1.637053,0,normal,Preprocessed_Dataset/ddsm/ddsm_1407.jpg,ddsm,train
0.47762275,1.1909399,1.4328787,1.9056051,2,malignant,Preprocessed_Dataset/cmmd/cmmd_4088.jpg,cmmd,train
0.36609876,1.2718227,1.5317256,1.9162257,2,malignant,Preprocessed_Dataset/cmmd/cmmd_858.jpg,cmmd,train
0.50146234,1.2143866,1.5301325,1.8346138,2,malignant,Preprocessed_Dataset/cmmd/cmmd_4783.jpg,cmmd,train
0.7753829,1.5018685,1.5273967,2.175501,2,malignant,Preprocessed_Dataset/ddsm/ddsm_3312.jpg,ddsm,train
1.7492714,1.1377965,1.6725403,1.2714111,1,benign,Preprocessed_Dataset/cmmd/cmmd_4378.jpg,cmmd,train
1.7525886,0.112445235,0.6190065,1.3902086,0,normal,Preprocessed_Dataset/ddsm/ddsm_2172.jpg,ddsm,train
2.2723346,0.69704264,1.1171309,1.6085843,0,normal,Preprocessed_Dataset/kau-bcmd/kau-bcmd_2010.jpg,kau-bcmd,train
2.454749,1.6269591,1.904359,0.9945761,1,benign,Preprocessed_Dataset/ddsm/ddsm_8039.jpg,ddsm,train
1.7116836,0.30429697,0.731975,1.479087,0,normal,Preprocessed_Dataset/ddsm/ddsm_1071.jpg,ddsm,train
2.439928,1.5952888,1.8565369,1.0368848,1,benign,Preprocessed_Dataset/ddsm/ddsm_10056.jpg,ddsm,train
1.6063412,0.79359627,1.0831817,1.5388002,2,malignant,Preprocessed_Dataset/ddsm/ddsm_4328.jpg,ddsm,train
0.53808606,1.2711852,1.5180892,1.8563793,2,malignant,Preprocessed_Dataset/cmmd/cmmd_1579.jpg,cmmd,train
1.684658,0.20260823,0.75942355,1.4835109,0,normal,Preprocessed_Dataset/ddsm/ddsm_1618.jpg,ddsm,train
1.3867569,0.4521973,0.24697447,1.3184532,0,normal,Preprocessed_Dataset/cdd-cesm/cdd-cesm_870.jpg,cdd-cesm,train
1.187913,0.47745585,0.39454478,1.534814,0,normal,Preprocessed_Dataset/dmid/dmid_41.jpg,dmid,train
0.7438662,1.5228658,1.4747391,2.2271829,2,malignant,Preprocessed_Dataset/ddsm/ddsm_3365.jpg,ddsm,train
0.46534824,1.3292843,1.5574666,1.8850336,2,malignant,Preprocessed_Dataset/cmmd/cmmd_2818.jpg,cmmd,train
2.3371966,0.8087986,1.1965219,1.4498792,0,normal,Preprocessed_Dataset/kau-bcmd/kau-bcmd_22.jpg,kau-bcmd,train
1.7273848,0.31276459,0.7788111,1.4510823,0,normal,Preprocessed_Dataset/ddsm/ddsm_2196.jpg,ddsm,train
2.7690463,1.1458992,1.7837082,0.28905725,1,benign,Preprocessed_Dataset/cmmd/cmmd_3894.jpg,cmmd,train
0.5631317,1.5432477,1.5571152,2.319889,2,malignant,Preprocessed_Dataset/ddsm/ddsm_6217.jpg,ddsm,train
0.5637053,1.2470163,1.4984779,1.8931981,2,malignant,Preprocessed_Dataset/cmmd/cmmd_1602.jpg,cmmd,train
2.2987297,0.7626588,1.2276626,1.5923252,0,normal,Preprocessed_Dataset/kau-bcmd/kau-bcmd_607.jpg,kau-bcmd,train
2.4347448,1.4909674,1.8918543,0.9228077,1,benign,Preprocessed_Dataset/ddsm/ddsm_8384.jpg,ddsm,train
2.9954658,1.2027428,1.9348288,0.1211853,1,benign,Preprocessed_Dataset/cmmd/cmmd_1973.jpg,cmmd,train
0.5348947,1.5349555,1.5371445,2.3544276,2,malignant,Preprocessed_Dataset/ddsm/ddsm_3804.jpg,ddsm,train
2.347836,0.70577043,1.1002655,1.5883749,0,normal,Preprocessed_Dataset/kau-bcmd/kau-bcmd_1075.jpg,kau-bcmd,train
2.2724495,0.73102534,1.1254697,1.5861543,0,normal,Preprocessed_Dataset/kau-bcmd/kau-bcmd_1748.jpg,kau-bcmd,train
2.3245313,1.674165,1.9746257,1.0985446,1,benign,Preprocessed_Dataset/ddsm/ddsm_7369.jpg,ddsm,train
2.4260907,1.5969504,2.6885118,1.3619394,1,benign,Preprocessed_Dataset/inbreast/inbreast_201.jpg,inbreast,train
0.55453885,1.5242535,1.504056,2.3841212,2,malignant,Preprocessed_Dataset/ddsm/ddsm_3493.jpg,ddsm,train
1.7542962,0.28642118,0.85277563,1.4924209,0,normal,Preprocessed_Dataset/ddsm/ddsm_391.jpg,ddsm,train
0.47916055,1.2888066,1.5475404,1.84235,2,malignant,Preprocessed_Dataset/cmmd/cmmd_2755.jpg,cmmd,train
0.64810884,1.4419351,1.5448025,2.1468854,2,malignant,Preprocessed_Dataset/ddsm/ddsm_4570.jpg,ddsm,train
0.2362777,1.2509587,1.4451473,2.001782,2,malignant,Preprocessed_Dataset/cmmd/cmmd_1641.jpg,cmmd,train
1.5992086,0.37032026,0.7883102,1.6429428,0,normal,Preprocessed_Dataset/ddsm/ddsm_2553.jpg,ddsm,train
0.7980727,1.3716574,1.4397537,2.1868742,2,malignant,Preprocessed_Dataset/ddsm/ddsm_2780.jpg,ddsm,train
0.40744781,1.1946685,1.4428457,1.8966151,2,malignant,Preprocessed_Dataset/cmmd/cmmd_4745.jpg,cmmd,train
2.405828,1.5256196,1.8310635,0.9988731,1,benign,Preprocessed_Dataset/ddsm/ddsm_9268.jpg,ddsm,train
1.7342112,0.8061038,1.1342018,1.2621403,1,benign,Preprocessed_Dataset/ddsm/ddsm_9736.jpg,ddsm,train
2.3360326,1.6381857,1.8846892,1.0623088,1,benign,Preprocessed_Dataset/ddsm/ddsm_10255.jpg,ddsm,train
2.2594504,1.5054226,1.7438412,1.1916319,1,benign,Preprocessed_Dataset/ddsm/ddsm_6946.jpg,ddsm,train
1.8095989,0.4033684,0.8479625,1.4467707,0,normal,Preprocessed_Dataset/ddsm/ddsm_1572.jpg,ddsm,train
0.67788315,1.4980706,1.5049182,2.1768575,2,malignant,Preprocessed_Dataset/ddsm/ddsm_6357.jpg,ddsm,train
2.3565562,0.6697892,1.1659986,1.5317649,0,normal,Preprocessed_Dataset/kau-bcmd/kau-bcmd_659.jpg,kau-bcmd,train
2.3083854,1.4926305,1.7803352,1.029371,1,benign,Preprocessed_Dataset/ddsm/ddsm_8552.jpg,ddsm,train
2.3373299,0.5980572,1.1334002,1.5109433,0,normal,Preprocessed_Dataset/kau-bcmd/kau-bcmd_1961.jpg,kau-bcmd,train
1.7589139,0.44109243,0.8630301,1.4361887,0,normal,Preprocessed_Dataset/ddsm/ddsm_2717.jpg,ddsm,train
2.342501,1.6220596,1.913121,1.0545937,1,benign,Preprocessed_Dataset/ddsm/ddsm_9126.jpg,ddsm,train
1.6847117,0.4061975,0.8274185,1.514346,0,normal,Preprocessed_Dataset/ddsm/ddsm_485.jpg,ddsm,train
0.47577536,1.2179184,1.4859884,1.8041383,2,malignant,Preprocessed_Dataset/cmmd/cmmd_1562.jpg,cmmd,train
1.7169105,0.21112287,0.70342225,1.4948943,0,normal,Preprocessed_Dataset/ddsm/ddsm_2532.jpg,ddsm,train
2.3991537,0.71694964,1.2494053,1.5039921,0,normal,Preprocessed_Dataset/kau-bcmd/kau-bcmd_305.jpg,kau-bcmd,train
0.66410196,1.5573105,1.4539655,2.274521,2,malignant,Preprocessed_Dataset/ddsm/ddsm_3414.jpg,ddsm,train
0.45218873,1.2173235,1.4572906,1.906363,2,malignant,Preprocessed_Dataset/cmmd/cmmd_1186.jpg,cmmd,train
0.59901595,1.2242594,1.6235564,1.7689661,2,malignant,Preprocessed_Dataset/cmmd/cmmd_3775.jpg,cmmd,train
2.530735,1.5474944,1.8683002,0.9019685,1,benign,Preprocessed_Dataset/ddsm/ddsm_7801.jpg,ddsm,train
1.9397793,0.24768186,0.7476144,1.3782285,0,normal,Preprocessed_Dataset/ddsm/ddsm_292.jpg,ddsm,train
1.4762242,0.44075125,1.0197104,1.4632359,0,normal,Preprocessed_Dataset/ddsm/ddsm_1083.jpg,ddsm,train
2.4659212,1.7218451,2.0615034,0.9092921,1,benign,Preprocessed_Dataset/ddsm/ddsm_7668.jpg,ddsm,train
2.1672354,1.3787346,1.9087217,0.5326869,1,benign,Preprocessed_Dataset/cmmd/cmmd_2385.jpg,cmmd,train
0.51068294,1.521668,1.5457622,2.2342656,2,malignant,Preprocessed_Dataset/ddsm/ddsm_5095.jpg,ddsm,train
2.4007604,1.6848873,2.0120633,0.9406146,1,benign,Preprocessed_Dataset/ddsm/ddsm_9845.jpg,ddsm,train
0.49052727,1.5038033,0.96822697,2.0753357,2,malignant,Preprocessed_Dataset/cdd-cesm/cdd-cesm_467.jpg,cdd-cesm,train
2.7974024,1.2156478,1.9155641,0.24126065,1,benign,Preprocessed_Dataset/cmmd/cmmd_2358.jpg,cmmd,train
1.6676658,0.95659745,1.0799164,1.4392685,0,normal,Preprocessed_Dataset/ddsm/ddsm_2694.jpg,ddsm,train
0.3690976,1.2747484,1.5412627,1.8770225,2,malignant,Preprocessed_Dataset/cmmd/cmmd_2753.jpg,cmmd,train
0.48350596,1.2297367,1.4711245,1.8915449,2,malignant,Preprocessed_Dataset/cmmd/cmmd_3181.jpg,cmmd,train
1.5630857,1.381286,1.7050068,1.1550115,2,malignant,Preprocessed_Dataset/cmmd/cmmd_1846.jpg,cmmd,train
1.5415766,0.43371814,0.81762755,1.5856621,0,normal,Preprocessed_Dataset/ddsm/ddsm_427.jpg,ddsm,train
1.7936316,0.20324695,0.73008335,1.3914932,0,normal,Preprocessed_Dataset/ddsm/ddsm_676.jpg,ddsm,train
0.33616865,1.3731014,1.5255814,2.3629901,2,malignant,Preprocessed_Dataset/ddsm/ddsm_6231.jpg,ddsm,train
0.38773608,1.2275506,1.5381819,1.8796589,2,malignant,Preprocessed_Dataset/cmmd/cmmd_4779.jpg,cmmd,train
2.2877367,1.6438426,1.9130754,1.0729653,1,benign,Preprocessed_Dataset/ddsm/ddsm_10099.jpg,ddsm,train
1.7685995,0.870189,1.1613379,1.5024636,0,normal,Preprocessed_Dataset/ddsm/ddsm_733.jpg,ddsm,train
0.51627624,1.4834177,1.4967998,2.3499348,2,malignant,Preprocessed_Dataset/ddsm/ddsm_6047.jpg,ddsm,train
1.8759617,0.19215107,0.6946756,1.3486432,0,normal,Preprocessed_Dataset/ddsm/ddsm_2748.jpg,ddsm,train
0.6783403,1.349903,1.3836658,2.1748753,2,malignant,Preprocessed_Dataset/ddsm/ddsm_4224.jpg,ddsm,train
0.63494825,1.4709216,1.5240368,2.1982408,2,malignant,Preprocessed_Dataset/ddsm/ddsm_2998.jpg,ddsm,train
0.5571028,1.5181721,1.5568736,2.3431072,2,malignant,Preprocessed_Dataset/ddsm/ddsm_4711.jpg,ddsm,train
0.46249855,1.2748746,1.6334896,1.9418203,2,malignant,Preprocessed_Dataset/cmmd/cmmd_1331.jpg,cmmd,train
2.3464265,0.702006,1.1809549,1.5313265,0,normal,Preprocessed_Dataset/kau-bcmd/kau-bcmd_2150.jpg,kau-bcmd,train
0.39369047,1.3001515,1.5529509,1.8882186,2,malignant,Preprocessed_Dataset/cmmd/cmmd_3002.jpg,cmmd,train
2.4037364,1.6091605,1.9771452,0.93750185,1,benign,Preprocessed_Dataset/ddsm/ddsm_8248.jpg,ddsm,train
1.7231762,0.3419028,0.7515832,1.5048859,0,normal,Preprocessed_Dataset/ddsm/ddsm_2360.jpg,ddsm,train
2.3442616,1.5867518,1.8470267,1.0846988,1,benign,Preprocessed_Dataset/ddsm/ddsm_9220.jpg,ddsm,train
1.2899659,0.5290727,0.20107472,1.3509247,0,normal,Preprocessed_Dataset/dmid/dmid_461.jpg,dmid,train
1.9161615,0.24115634,0.1993407,1.0961688,0,normal,Preprocessed_Dataset/cdd-cesm/cdd-cesm_62.jpg,cdd-cesm,train
0.4784131,1.311918,1.5064021,1.8671545,2,malignant,Preprocessed_Dataset/cmmd/cmmd_4002.jpg,cmmd,train
2.416053,1.5941055,1.8824183,1.0056027,1,benign,Preprocessed_Dataset/ddsm/ddsm_8663.jpg,ddsm,train
2.3575358,1.7453611,1.3314484,0.6270121,1,benign,Preprocessed_Dataset/cdd-cesm/cdd-cesm_791.jpg,cdd-cesm,train
0.6370623,1.4823105,1.5167648,2.2925317,2,malignant,Preprocessed_Dataset/ddsm/ddsm_5833.jpg,ddsm,train
2.4113998,0.79260266,1.2235539,1.5671666,0,normal,Preprocessed_Dataset/kau-bcmd/kau-bcmd_1711.jpg,kau-bcmd,train
0.5719905,1.4840188,1.4220212,2.2732933,2,malignant,Preprocessed_Dataset/ddsm/ddsm_3814.jpg,ddsm,train
1.7408786,0.405034,0.7514982,1.5082083,0,normal,Preprocessed_Dataset/ddsm/ddsm_298.jpg,ddsm,train
1.50109,1.0739206,1.354958,1.6658493,0,normal,Preprocessed_Dataset/ddsm/ddsm_2145.jpg,ddsm,train
1.7157848,0.20614803,0.65543354,1.4289895,0,normal,Preprocessed_Dataset/ddsm/ddsm_2480.jpg,ddsm,train
2.5144749,1.6929553,2.0141952,1.0164878,1,benign,Preprocessed_Dataset/ddsm/ddsm_6807.jpg,ddsm,train
2.844629,1.2824091,1.9741565,0.34444213,1,benign,Preprocessed_Dataset/cmmd/cmmd_2200.jpg,cmmd,train
1.06966,1.2281941,1.6422243,1.5592166,1,benign,Preprocessed_Dataset/cmmd/cmmd_2388.jpg,cmmd,train
2.3543065,1.6317755,1.9223837,0.9598007,1,benign,Preprocessed_Dataset/ddsm/ddsm_9626.jpg,ddsm,train
2.3943083,1.5944929,1.8957615,1.0134681,1,benign,Preprocessed_Dataset/ddsm/ddsm_8022.jpg,ddsm,train
0.3943919,1.6260363,1.0594499,2.0603514,2,malignant,Preprocessed_Dataset/cdd-cesm/cdd-cesm_801.jpg,cdd-cesm,train
2.3793979,1.2403489,1.8646319,0.52924407,1,benign,Preprocessed_Dataset/cmmd/cmmd_2351.jpg,cmmd,train
0.37656724,1.31459,1.526089,1.9095384,2,malignant,Preprocessed_Dataset/cmmd/cmmd_347.jpg,cmmd,train
1.6650631,1.7382343,1.7444204,1.6251062,2,malignant,Preprocessed_Dataset/ddsm/ddsm_5520.jpg,ddsm,train
1.6635294,0.3247971,0.73110545,1.5415231,0,normal,Preprocessed_Dataset/ddsm/ddsm_2233.jpg,ddsm,train
2.242866,1.7241905,1.9208448,1.0764862,1,benign,Preprocessed_Dataset/ddsm/ddsm_7677.jpg,ddsm,train
2.4079914,1.5648406,2.66745,1.4247211,1,benign,Preprocessed_Dataset/inbreast/inbreast_28.jpg,inbreast,train
1.7122217,0.940992,1.4050152,1.5750592,0,normal,Preprocessed_Dataset/ddsm/ddsm_1569.jpg,ddsm,train
1.7229298,0.3377549,0.72966444,1.5094755,0,normal,Preprocessed_Dataset/ddsm/ddsm_1928.jpg,ddsm,train
1.8068732,1.5129184,1.7657548,1.3605857,2,malignant,Preprocessed_Dataset/ddsm/ddsm_6122.jpg,ddsm,train
2.2923555,0.7948986,1.1662903,1.5831505,0,normal,Preprocessed_Dataset/kau-bcmd/kau-bcmd_1257.jpg,kau-bcmd,train
0.6493387,1.5781124,1.5041268,2.2740188,2,malignant,Preprocessed_Dataset/ddsm/ddsm_2897.jpg,ddsm,train
1.3612828,1.3794968,1.6800504,1.3213332,2,malignant,Preprocessed_Dataset/cmmd/cmmd_4023.jpg,cmmd,train
0.45829964,1.6700855,1.593139,2.3893316,2,malignant,Preprocessed_Dataset/ddsm/ddsm_6202.jpg,ddsm,train
2.320221,1.2463682,1.7757479,0.5905174,1,benign,Preprocessed_Dataset/cmmd/cmmd_2343.jpg,cmmd,train
2.2373323,0.78177416,1.1444944,1.6270092,0,normal,Preprocessed_Dataset/kau-bcmd/kau-bcmd_1083.jpg,kau-bcmd,train
2.5084224,1.7087862,1.9450315,0.9989817,1,benign,Preprocessed_Dataset/ddsm/ddsm_8781.jpg,ddsm,train
0.38047194,1.6649455,1.0657618,2.1654327,2,malignant,Preprocessed_Dataset/cdd-cesm/cdd-cesm_885.jpg,cdd-cesm,train
0.5957315,1.3395498,1.6249576,1.8532856,2,malignant,Preprocessed_Dataset/cmmd/cmmd_1874.jpg,cmmd,train
0.3038255,1.2778251,1.4228712,1.9055053,2,malignant,Preprocessed_Dataset/cmmd/cmmd_1424.jpg,cmmd,train
2.414637,0.80311054,1.243457,1.562418,0,normal,Preprocessed_Dataset/kau-bcmd/kau-bcmd_1908.jpg,kau-bcmd,train
0.6611775,1.4058764,1.4003116,2.2424767,2,malignant,Preprocessed_Dataset/ddsm/ddsm_4901.jpg,ddsm,train
2.3195114,1.6802797,2.158175,0.97318166,1,benign,Preprocessed_Dataset/ddsm/ddsm_7647.jpg,ddsm,train
0.75409734,1.4821438,1.573489,2.230001,2,malignant,Preprocessed_Dataset/ddsm/ddsm_3616.jpg,ddsm,train
1.7665876,0.2845525,0.74750614,1.4566625,0,normal,Preprocessed_Dataset/ddsm/ddsm_1186.jpg,ddsm,train
2.6808915,1.77865,1.4234066,0.5243881,1,benign,Preprocessed_Dataset/cdd-cesm/cdd-cesm_999.jpg,cdd-cesm,train
0.8511573,1.2064096,1.5466262,1.4930558,1,benign,Preprocessed_Dataset/cmmd/cmmd_2291.jpg,cmmd,train
0.49075472,1.2372936,1.5240821,1.9043051,2,malignant,Preprocessed_Dataset/cmmd/cmmd_2114.jpg,cmmd,train
2.3401108,1.5121832,1.9120862,1.051178,1,benign,Preprocessed_Dataset/ddsm/ddsm_9443.jpg,ddsm,train
2.3750763,1.6686378,1.9336544,1.0094819,1,benign,Preprocessed_Dataset/ddsm/ddsm_7736.jpg,ddsm,train
0.6317743,1.2094728,1.5344555,1.8181521,2,malignant,Preprocessed_Dataset/cmmd/cmmd_4184.jpg,cmmd,train
2.2691615,0.7212302,1.0963584,1.6016003,0,normal,Preprocessed_Dataset/kau-bcmd/kau-bcmd_2204.jpg,kau-bcmd,train
2.281763,0.7216368,1.165961,1.5439428,0,normal,Preprocessed_Dataset/kau-bcmd/kau-bcmd_875.jpg,kau-bcmd,train
0.5620996,1.3085848,1.5856445,1.8238361,2,malignant,Preprocessed_Dataset/cmmd/cmmd_2665.jpg,cmmd,train
0.6606935,1.5075159,1.4793475,2.1799242,2,malignant,Preprocessed_Dataset/ddsm/ddsm_3416.jpg,ddsm,train
2.3704982,1.6940352,1.9728084,1.0985093,1,benign,Preprocessed_Dataset/ddsm/ddsm_8650.jpg,ddsm,train
2.4308193,1.6586125,2.059356,0.92422193,1,benign,Preprocessed_Dataset/ddsm/ddsm_8002.jpg,ddsm,train
2.1918168,1.6621225,1.3709532,0.8500697,1,benign,Preprocessed_Dataset/cdd-cesm/cdd-cesm_106.jpg,cdd-cesm,train
2.3388953,1.7287992,2.0602574,1.0123228,1,benign,Preprocessed_Dataset/ddsm/ddsm_8870.jpg,ddsm,train
0.2630775,1.2560883,1.4660652,2.0339978,2,malignant,Preprocessed_Dataset/cmmd/cmmd_926.jpg,cmmd,train
1.7512293,1.511231,1.6978123,1.4944501,1,benign,Preprocessed_Dataset/ddsm/ddsm_8685.jpg,ddsm,train
1.7630538,0.33391106,0.75838983,1.4674251,0,normal,Preprocessed_Dataset/ddsm/ddsm_321.jpg,ddsm,train
2.498507,1.2395252,1.7878531,0.49586898,1,benign,Preprocessed_Dataset/cmmd/cmmd_423.jpg,cmmd,train
1.8189645,0.29901153,0.7802193,1.4414274,0,normal,Preprocessed_Dataset/ddsm/ddsm_308.jpg,ddsm,train
2.3316698,1.7023997,1.9922297,1.0860562,1,benign,Preprocessed_Dataset/ddsm/ddsm_6475.jpg,ddsm,train
1.8882008,1.1772932,1.300295,1.4248748,1,benign,Preprocessed_Dataset/ddsm/ddsm_6808.jpg,ddsm,train
2.3715067,1.6140661,1.869867,1.0504985,1,benign,Preprocessed_Dataset/ddsm/ddsm_8064.jpg,ddsm,train
1.855655,0.4518938,0.8567365,1.44973,0,normal,Preprocessed_Dataset/ddsm/ddsm_1712.jpg,ddsm,train
1.2914088,1.303048,1.7531176,1.3397568,1,benign,Preprocessed_Dataset/cmmd/cmmd_2214.jpg,cmmd,train
1.0273025,1.6069026,1.6969306,2.0159607,2,malignant,Preprocessed_Dataset/ddsm/ddsm_5486.jpg,ddsm,train
2.361813,0.72243017,1.146126,1.5635916,0,normal,Preprocessed_Dataset/kau-bcmd/kau-bcmd_408.jpg,kau-bcmd,train
0.4215243,1.2604387,1.4894009,1.8681201,2,malignant,Preprocessed_Dataset/cmmd/cmmd_2799.jpg,cmmd,train
0.5861808,1.4421405,1.3832357,2.2517836,2,malignant,Preprocessed_Dataset/ddsm/ddsm_3306.jpg,ddsm,train
0.6414945,1.5366938,1.5317919,2.2226357,2,malignant,Preprocessed_Dataset/ddsm/ddsm_6310.jpg,ddsm,train
1.511867,1.5641165,2.0711823,1.4141293,2,malignant,Preprocessed_Dataset/cmmd/cmmd_3394.jpg,cmmd,train
1.7395415,0.42292392,0.8222972,1.447231,0,normal,Preprocessed_Dataset/ddsm/ddsm_2126.jpg,ddsm,train
1.5272436,0.28979874,0.14108765,1.2905661,0,normal,Preprocessed_Dataset/cdd-cesm/cdd-cesm_286.jpg,cdd-cesm,train
0.50374806,1.3015345,1.5459491,1.8971837,2,malignant,Preprocessed_Dataset/cmmd/cmmd_3223.jpg,cmmd,train
2.8269088,1.2046517,1.7700944,0.2456299,1,benign,Preprocessed_Dataset/cmmd/cmmd_415.jpg,cmmd,train
2.3223777,0.7818333,1.213352,1.5678235,0,normal,Preprocessed_Dataset/kau-bcmd/kau-bcmd_639.jpg,kau-bcmd,train
2.1587846,1.2539352,1.8779469,0.9320245,2,malignant,Preprocessed_Dataset/cmmd/cmmd_3856.jpg,cmmd,train
2.6175597,1.2536386,1.885155,0.37552547,1,benign,Preprocessed_Dataset/cmmd/cmmd_478.jpg,cmmd,train
0.5842482,1.1869342,1.5047164,1.8968275,2,malignant,Preprocessed_Dataset/cmmd/cmmd_1225.jpg,cmmd,train
1.5996453,0.30517143,0.6849284,1.5047358,0,normal,Preprocessed_Dataset/ddsm/ddsm_1975.jpg,ddsm,train
1.7531545,0.24759507,0.6707788,1.4525503,0,normal,Preprocessed_Dataset/ddsm/ddsm_715.jpg,ddsm,train
1.7298336,0.2149812,0.68275714,1.4489607,0,normal,Preprocessed_Dataset/ddsm/ddsm_660.jpg,ddsm,train
1.7253795,0.3298267,0.79588664,1.4736115,0,normal,Preprocessed_Dataset/ddsm/ddsm_1866.jpg,ddsm,train
2.6442845,1.6781557,2.0813155,0.06958258,1,benign,Preprocessed_Dataset/cmmd/cmmd_2466.jpg,cmmd,train
0.44723368,1.2452111,1.454834,1.9519355,2,malignant,Preprocessed_Dataset/cmmd/cmmd_4114.jpg,cmmd,train
2.3339434,1.6051203,1.9070048,1.0529583,1,benign,Preprocessed_Dataset/ddsm/ddsm_10111.jpg,ddsm,train
2.4882772,1.3292944,1.8296272,0.4365697,1,benign,Preprocessed_Dataset/cmmd/cmmd_2251.jpg,cmmd,train
0.4898429,1.6340765,1.6545643,2.238164,2,malignant,Preprocessed_Dataset/ddsm/ddsm_5967.jpg,ddsm,train
2.450524,0.77222335,1.1610632,1.3554475,0,normal,Preprocessed_Dataset/kau-bcmd/kau-bcmd_1779.jpg,kau-bcmd,train
0.39652085,1.293948,1.50355,1.9304647,2,malignant,Preprocessed_Dataset/cmmd/cmmd_4721.jpg,cmmd,train
2.8267937,3.0322251,3.0130086,1.0239475,1,benign,Preprocessed_Dataset/kau-bcmd/kau-bcmd_728.jpg,kau-bcmd,train
0.63391197,1.4873421,1.4090893,2.2373977,2,malignant,Preprocessed_Dataset/ddsm/ddsm_5905.jpg,ddsm,train
1.7236333,0.35166812,0.7477574,1.4743732,0,normal,Preprocessed_Dataset/ddsm/ddsm_1282.jpg,ddsm,train
0.39558065,1.2777386,1.4927601,1.9550999,2,malignant,Preprocessed_Dataset/cmmd/cmmd_1307.jpg,cmmd,train
2.5728488,1.7571625,1.9819098,1.0004941,1,benign,Preprocessed_Dataset/ddsm/ddsm_8165.jpg,ddsm,train
2.5975237,1.5252737,2.6169944,1.4032147,1,benign,Preprocessed_Dataset/inbreast/inbreast_73.jpg,inbreast,train
0.6911715,1.4941553,1.4650809,2.2266057,2,malignant,Preprocessed_Dataset/ddsm/ddsm_3062.jpg,ddsm,train
1.717155,0.35472858,0.7436863,1.5239666,0,normal,Preprocessed_Dataset/ddsm/ddsm_2319.jpg,ddsm,train
1.8903922,1.4287832,1.9771011,0.8783158,1,benign,Preprocessed_Dataset/cmmd/cmmd_2240.jpg,cmmd,train
2.3467982,0.9726063,1.3559874,1.5236721,0,normal,Preprocessed_Dataset/kau-bcmd/kau-bcmd_387.jpg,kau-bcmd,train
1.0783436,1.526674,1.7365563,1.8599739,2,malignant,Preprocessed_Dataset/ddsm/ddsm_4943.jpg,ddsm,train
0.46732056,1.3085775,1.5268172,1.9368539,2,malignant,Preprocessed_Dataset/cmmd/cmmd_1159.jpg,cmmd,train
1.6725621,0.31715113,0.9553891,1.5030396,0,normal,Preprocessed_Dataset/ddsm/ddsm_1762.jpg,ddsm,train
2.3445506,2.0391743,2.261457,1.4927187,1,benign,Preprocessed_Dataset/kau-bcmd/kau-bcmd_598.jpg,kau-bcmd,train
0.31394923,1.2604896,1.383345,1.9423969,2,malignant,Preprocessed_Dataset/cmmd/cmmd_1393.jpg,cmmd,train
0.517761,1.1083137,1.4071937,1.8731807,2,malignant,Preprocessed_Dataset/cmmd/cmmd_4335.jpg,cmmd,train
2.3089828,1.5401084,1.8805181,1.0676855,1,benign,Preprocessed_Dataset/ddsm/ddsm_9786.jpg,ddsm,train
1.5339401,0.911883,1.1449965,1.597533,1,benign,Preprocessed_Dataset/ddsm/ddsm_9520.jpg,ddsm,train
0.53214383,1.1983588,1.4836204,1.8921189,2,malignant,Preprocessed_Dataset/cmmd/cmmd_3964.jpg,cmmd,train
1.7270844,0.24322069,0.7882699,1.4894952,0,normal,Preprocessed_Dataset/ddsm/ddsm_1052.jpg,ddsm,train
1.6691027,0.2412039,0.6790892,1.519552,0,normal,Preprocessed_Dataset/ddsm/ddsm_1803.jpg,ddsm,train
2.3158386,0.7784473,1.1869558,1.5578411,0,normal,Preprocessed_Dataset/kau-bcmd/kau-bcmd_470.jpg,kau-bcmd,train
0.5938126,1.7986016,1.0135846,1.9613056,2,malignant,Preprocessed_Dataset/cdd-cesm/cdd-cesm_854.jpg,cdd-cesm,train
1.0611734,0.054805875,0.9016223,2.4441447,0,normal,Preprocessed_Dataset/inbreast/inbreast_234.jpg,inbreast,train
0.5667324,1.2886292,1.6305213,1.7768335,2,malignant,Preprocessed_Dataset/cmmd/cmmd_5186.jpg,cmmd,train
1.6215641,0.76081675,1.0486766,1.5539892,0,normal,Preprocessed_Dataset/ddsm/ddsm_1955.jpg,ddsm,train
0.52455056,1.6623492,1.6557755,2.3087296,2,malignant,Preprocessed_Dataset/ddsm/ddsm_4753.jpg,ddsm,train
0.6725881,1.6138959,1.5294075,2.2298987,2,malignant,Preprocessed_Dataset/ddsm/ddsm_5806.jpg,ddsm,train
2.4159727,1.6680052,1.9191669,1.0380781,1,benign,Preprocessed_Dataset/ddsm/ddsm_7909.jpg,ddsm,train
2.2438538,0.748225,1.1367161,1.6038548,0,normal,Preprocessed_Dataset/kau-bcmd/kau-bcmd_1824.jpg,kau-bcmd,train
1.8341665,1.4197425,1.7657745,1.5010116,1,benign,Preprocessed_Dataset/ddsm/ddsm_7785.jpg,ddsm,train
1.4236827,0.5208081,0.29408753,1.172691,0,normal,Preprocessed_Dataset/dmid/dmid_395.jpg,dmid,train
0.6426381,1.627043,1.6029217,2.2491226,2,malignant,Preprocessed_Dataset/ddsm/ddsm_6021.jpg,ddsm,train
2.3419855,0.71252084,1.1585287,1.5296113,0,normal,Preprocessed_Dataset/kau-bcmd/kau-bcmd_109.jpg,kau-bcmd,train
2.8981442,1.1511881,1.8965577,0.2345519,1,benign,Preprocessed_Dataset/cmmd/cmmd_152.jpg,cmmd,train
2.335149,0.7595591,1.1995869,1.5051126,0,normal,Preprocessed_Dataset/kau-bcmd/kau-bcmd_1081.jpg,kau-bcmd,train
1.694902,1.365098,1.5592785,1.5317329,1,benign,Preprocessed_Dataset/ddsm/ddsm_7836.jpg,ddsm,train
0.5892366,1.5812097,1.5243173,2.2873402,2,malignant,Preprocessed_Dataset/ddsm/ddsm_3086.jpg,ddsm,train
1.7393811,0.37723768,0.76928836,1.5183421,0,normal,Preprocessed_Dataset/ddsm/ddsm_1579.jpg,ddsm,train
2.513547,1.7815747,2.082055,0.85498303,1,benign,Preprocessed_Dataset/ddsm/ddsm_8277.jpg,ddsm,train
0.45824492,1.2282417,1.4733738,1.8295212,2,malignant,Preprocessed_Dataset/cmmd/cmmd_5007.jpg,cmmd,train
2.3504157,0.7322439,1.1891427,1.5759717,0,normal,Preprocessed_Dataset/kau-bcmd/kau-bcmd_704.jpg,kau-bcmd,train
1.8593649,0.48743218,1.0808672,1.4465789,2,malignant,Preprocessed_Dataset/ddsm/ddsm_5751.jpg,ddsm,train
0.6881702,1.5642073,1.6124897,2.1868184,2,malignant,Preprocessed_Dataset/ddsm/ddsm_4110.jpg,ddsm,train
0.31902444,1.2196709,1.4505123,1.9190587,2,malignant,Preprocessed_Dataset/cmmd/cmmd_1745.jpg,cmmd,train
0.7359979,1.3109578,1.5835906,1.7330874,1,benign,Preprocessed_Dataset/cmmd/cmmd_2330.jpg,cmmd,train
0.39342475,1.5070884,1.4563577,2.4106174,2,malignant,Preprocessed_Dataset/ddsm/ddsm_3963.jpg,ddsm,train
2.113924,1.4779534,1.7854468,1.1167437,1,benign,Preprocessed_Dataset/ddsm/ddsm_9331.jpg,ddsm,train
0.7061285,1.5078905,1.5537801,2.2512584,2,malignant,Preprocessed_Dataset/ddsm/ddsm_4485.jpg,ddsm,train
1.8631796,0.28434193,0.7433263,1.3661147,0,normal,Preprocessed_Dataset/ddsm/ddsm_2458.jpg,ddsm,train
0.5853934,1.2738626,1.5702064,1.8113014,2,malignant,Preprocessed_Dataset/cmmd/cmmd_1369.jpg,cmmd,train
0.53049135,1.5603815,1.5615243,2.2635067,2,malignant,Preprocessed_Dataset/ddsm/ddsm_3128.jpg,ddsm,train
0.37644017,1.6249168,1.0317297,1.9939547,2,malignant,Preprocessed_Dataset/cdd-cesm/cdd-cesm_626.jpg,cdd-cesm,train
2.338083,1.6976658,1.9716915,1.1092926,1,benign,Preprocessed_Dataset/ddsm/ddsm_8025.jpg,ddsm,train
1.6341099,0.15581083,0.66079456,1.4780699,0,normal,Preprocessed_Dataset/ddsm/ddsm_2485.jpg,ddsm,train
1.5352689,0.34138757,0.15014601,1.2534021,0,normal,Preprocessed_Dataset/cdd-cesm/cdd-cesm_828.jpg,cdd-cesm,train
1.6938593,0.30787253,0.7574756,1.5094494,0,normal,Preprocessed_Dataset/ddsm/ddsm_523.jpg,ddsm,train
0.5474565,1.5427457,1.5177647,2.3403902,2,malignant,Preprocessed_Dataset/ddsm/ddsm_5423.jpg,ddsm,train
1.5856594,0.33191198,0.16193223,1.2673403,0,normal,Preprocessed_Dataset/cdd-cesm/cdd-cesm_497.jpg,cdd-cesm,train
0.8225308,1.2765286,1.3810974,1.6783632,1,benign,Preprocessed_Dataset/cmmd/cmmd_428.jpg,cmmd,train
2.683123,1.2582123,1.8078829,0.3659761,1,benign,Preprocessed_Dataset/cmmd/cmmd_413.jpg,cmmd,train
0.56197035,1.2080367,1.4534577,1.7961352,2,malignant,Preprocessed_Dataset/cmmd/cmmd_3859.jpg,cmmd,train
2.3947568,1.6620502,1.9692485,1.0974551,1,benign,Preprocessed_Dataset/ddsm/ddsm_6751.jpg,ddsm,train
0.39327776,1.2666063,1.5388873,1.9253455,2,malignant,Preprocessed_Dataset/cmmd/cmmd_1660.jpg,cmmd,train
0.4927901,1.2359369,1.5572104,1.8339485,2,malignant,Preprocessed_Dataset/cmmd/cmmd_4679.jpg,cmmd,train
0.47096062,1.1739987,1.3734663,1.9907441,2,malignant,Preprocessed_Dataset/cmmd/cmmd_3825.jpg,cmmd,train
2.745681,2.839262,3.0342512,1.2070478,1,benign,Preprocessed_Dataset/kau-bcmd/kau-bcmd_529.jpg,kau-bcmd,train
0.7853979,1.6186426,1.7051115,2.2756214,2,malignant,Preprocessed_Dataset/ddsm/ddsm_3776.jpg,ddsm,train
2.3537264,0.6735656,1.1881027,1.5806303,0,normal,Preprocessed_Dataset/kau-bcmd/kau-bcmd_1509.jpg,kau-bcmd,train
2.432205,1.5837138,1.720068,1.0030233,1,benign,Preprocessed_Dataset/ddsm/ddsm_6856.jpg,ddsm,train
2.2851346,0.56641406,1.0470634,1.5813363,0,normal,Preprocessed_Dataset/kau-bcmd/kau-bcmd_2154.jpg,kau-bcmd,train
2.7652912,1.2269622,1.8016763,0.28903258,1,benign,Preprocessed_Dataset/cmmd/cmmd_30.jpg,cmmd,train
0.6259401,1.2545635,1.4688118,1.8020325,2,malignant,Preprocessed_Dataset/cmmd/cmmd_865.jpg,cmmd,train
0.36269224,1.5352094,1.5567458,2.4335814,2,malignant,Preprocessed_Dataset/ddsm/ddsm_5825.jpg,ddsm,train
2.889728,1.2595346,1.9377725,0.28536296,1,benign,Preprocessed_Dataset/cmmd/cmmd_537.jpg,cmmd,train
1.7131026,0.26570904,0.7529786,1.4967948,0,normal,Preprocessed_Dataset/ddsm/ddsm_925.jpg,ddsm,train
2.419094,1.578753,1.9813671,0.92986786,1,benign,Preprocessed_Dataset/ddsm/ddsm_6908.jpg,ddsm,train
2.692174,1.2753747,1.7711252,0.3493321,1,benign,Preprocessed_Dataset/cmmd/cmmd_2221.jpg,cmmd,train
1.7959275,0.28269595,0.78780097,1.5053679,0,normal,Preprocessed_Dataset/ddsm/ddsm_1014.jpg,ddsm,train
0.4621569,1.2543865,1.6128814,1.8563201,2,malignant,Preprocessed_Dataset/cmmd/cmmd_1712.jpg,cmmd,train
0.41689146,1.275671,1.5828414,1.8170877,2,malignant,Preprocessed_Dataset/cmmd/cmmd_2094.jpg,cmmd,train
2.409494,0.6952352,1.2215675,1.5830965,0,normal,Preprocessed_Dataset/kau-bcmd/kau-bcmd_2062.jpg,kau-bcmd,train
0.9795971,1.1049024,0.8799404,1.727335,2,malignant,Preprocessed_Dataset/cdd-cesm/cdd-cesm_746.jpg,cdd-cesm,train
2.4785662,1.6292472,1.870469,0.8973778,1,benign,Preprocessed_Dataset/ddsm/ddsm_9760.jpg,ddsm,train
1.7506472,0.16512072,0.6571828,1.4572582,0,normal,Preprocessed_Dataset/ddsm/ddsm_1334.jpg,ddsm,train
2.4071996,1.5716199,1.8927684,0.9692528,1,benign,Preprocessed_Dataset/ddsm/ddsm_8541.jpg,ddsm,train
0.59506845,1.5014342,1.463506,2.2371693,2,malignant,Preprocessed_Dataset/ddsm/ddsm_5800.jpg,ddsm,train
2.9475994,2.8200846,2.876727,1.0463631,1,benign,Preprocessed_Dataset/kau-bcmd/kau-bcmd_886.jpg,kau-bcmd,train
2.4479358,1.6228379,2.0336657,0.94118685,1,benign,Preprocessed_Dataset/ddsm/ddsm_7735.jpg,ddsm,train
2.354922,0.761564,1.2330292,1.5349913,0,normal,Preprocessed_Dataset/kau-bcmd/kau-bcmd_1728.jpg,kau-bcmd,train
2.3542361,1.6366794,1.8581836,1.1005818,1,benign,Preprocessed_Dataset/ddsm/ddsm_8567.jpg,ddsm,train
2.5740242,1.7293499,1.9922205,0.9107428,1,benign,Preprocessed_Dataset/ddsm/ddsm_7166.jpg,ddsm,train
0.60126615,1.5264254,1.5277745,2.2294035,2,malignant,Preprocessed_Dataset/ddsm/ddsm_4196.jpg,ddsm,train
2.1880863,1.5981776,1.8016791,1.5848974,1,benign,Preprocessed_Dataset/kau-bcmd/kau-bcmd_1077.jpg,kau-bcmd,train
1.0536757,1.3753548,0.8686101,1.464395,0,normal,Preprocessed_Dataset/cdd-cesm/cdd-cesm_301.jpg,cdd-cesm,train
1.8048954,0.20353043,0.69673103,1.4123795,0,normal,Preprocessed_Dataset/ddsm/ddsm_304.jpg,ddsm,train
0.63622975,1.2055359,1.510807,1.7861712,2,malignant,Preprocessed_Dataset/cmmd/cmmd_3646.jpg,cmmd,train
1.5745493,0.81659794,1.1770169,1.5795071,2,malignant,Preprocessed_Dataset/ddsm/ddsm_5278.jpg,ddsm,train
0.6071502,1.3641417,1.5718223,1.7467263,2,malignant,Preprocessed_Dataset/cmmd/cmmd_980.jpg,cmmd,train
1.1298119,1.3577213,1.404383,1.9503496,1,benign,Preprocessed_Dataset/ddsm/ddsm_9416.jpg,ddsm,train
1.7830977,0.75083953,1.1438396,1.4590839,0,normal,Preprocessed_Dataset/ddsm/ddsm_670.jpg,ddsm,train
2.3455617,1.5823069,1.8093296,1.0218365,1,benign,Preprocessed_Dataset/ddsm/ddsm_9109.jpg,ddsm,train
0.41074038,1.1770895,1.4235764,2.0273201,2,malignant,Preprocessed_Dataset/cmmd/cmmd_4976.jpg,cmmd,train
2.1666157,0.7103175,1.1559887,1.6979054,0,normal,Preprocessed_Dataset/kau-bcmd/kau-bcmd_1115.jpg,kau-bcmd,train
0.27244675,1.1506262,1.4175024,2.0074468,2,malignant,Preprocessed_Dataset/cmmd/cmmd_2514.jpg,cmmd,train
0.6612077,1.6491615,1.627296,2.263371,2,malignant,Preprocessed_Dataset/ddsm/ddsm_5385.jpg,ddsm,train
1.9474247,1.5094043,1.7684312,1.3552858,2,malignant,Preprocessed_Dataset/ddsm/ddsm_3599.jpg,ddsm,train
2.1607473,1.3677838,1.6771736,1.1019781,1,benign,Preprocessed_Dataset/ddsm/ddsm_7640.jpg,ddsm,train
0.57519364,1.2063487,1.5285335,1.8315514,2,malignant,Preprocessed_Dataset/cmmd/cmmd_3706.jpg,cmmd,train
2.4193869,1.7191501,2.0655866,1.0152013,1,benign,Preprocessed_Dataset/ddsm/ddsm_8359.jpg,ddsm,train
2.8534439,1.3257464,1.9861351,0.24799621,1,benign,Preprocessed_Dataset/cmmd/cmmd_148.jpg,cmmd,train
2.0331912,1.5367008,2.5958896,1.666754,1,benign,Preprocessed_Dataset/inbreast/inbreast_390.jpg,inbreast,train
0.6843933,1.5049274,1.477979,2.1800253,2,malignant,Preprocessed_Dataset/ddsm/ddsm_4100.jpg,ddsm,train
1.6573461,0.41832817,0.2724458,1.1891615,0,normal,Preprocessed_Dataset/cdd-cesm/cdd-cesm_831.jpg,cdd-cesm,train
1.6398463,0.35384488,0.7795171,1.5495551,0,normal,Preprocessed_Dataset/ddsm/ddsm_739.jpg,ddsm,train
0.6193805,1.2667023,1.5370936,1.793413,2,malignant,Preprocessed_Dataset/cmmd/cmmd_4055.jpg,cmmd,train
2.519622,1.610819,1.8959358,0.90123117,1,benign,Preprocessed_Dataset/ddsm/ddsm_10382.jpg,ddsm,train
3.0218523,1.0960273,1.8832889,0.17879069,1,benign,Preprocessed_Dataset/cmmd/cmmd_462.jpg,cmmd,train
2.395658,1.6322007,1.7959552,1.0881346,1,benign,Preprocessed_Dataset/ddsm/ddsm_7014.jpg,ddsm,train
1.7292643,1.4223906,1.5878079,1.4375788,1,benign,Preprocessed_Dataset/ddsm/ddsm_7095.jpg,ddsm,train
0.6339816,1.4735683,1.6562772,2.187982,2,malignant,Preprocessed_Dataset/ddsm/ddsm_4909.jpg,ddsm,train
0.7027298,1.4611573,1.543148,2.257004,2,malignant,Preprocessed_Dataset/ddsm/ddsm_4436.jpg,ddsm,train
1.7995219,0.3483947,0.84351707,1.3980675,0,normal,Preprocessed_Dataset/ddsm/ddsm_1364.jpg,ddsm,train
1.7282169,0.34705144,0.755481,1.457949,0,normal,Preprocessed_Dataset/ddsm/ddsm_88.jpg,ddsm,train
2.326927,0.6640521,1.1744311,1.6087636,0,normal,Preprocessed_Dataset/kau-bcmd/kau-bcmd_2123.jpg,kau-bcmd,train
2.2003074,1.6142211,2.782547,1.6911851,1,benign,Preprocessed_Dataset/inbreast/inbreast_107.jpg,inbreast,train
0.4775175,1.2347238,1.5575267,1.8471332,2,malignant,Preprocessed_Dataset/cmmd/cmmd_4955.jpg,cmmd,train
2.9341216,1.1690872,1.8318751,0.20465767,1,benign,Preprocessed_Dataset/cmmd/cmmd_444.jpg,cmmd,train
0.11334634,1.6991901,1.1135728,2.1042414,2,malignant,Preprocessed_Dataset/dmid/dmid_60.jpg,dmid,train
2.0922964,2.059884,1.5368086,0.7602474,1,benign,Preprocessed_Dataset/dmid/dmid_319.jpg,dmid,train
1.2424977,1.2027535,1.4976816,1.7199068,1,benign,Preprocessed_Dataset/ddsm/ddsm_10054.jpg,ddsm,train
0.68052566,1.5245794,1.5799644,2.2106826,2,malignant,Preprocessed_Dataset/ddsm/ddsm_4424.jpg,ddsm,train
2.4935887,1.6898178,1.9596562,0.92826355,1,benign,Preprocessed_Dataset/ddsm/ddsm_9300.jpg,ddsm,train
1.6295046,0.38092273,0.9170919,1.4067854,0,normal,Preprocessed_Dataset/ddsm/ddsm_683.jpg,ddsm,train
1.8191577,0.14899051,0.6970113,1.3779044,0,normal,Preprocessed_Dataset/ddsm/ddsm_1004.jpg,ddsm,train
0.5746168,1.2187914,1.5148592,1.9069556,2,malignant,Preprocessed_Dataset/cmmd/cmmd_3948.jpg,cmmd,train
1.0306118,1.2619896,1.5899692,1.6182841,2,malignant,Preprocessed_Dataset/cmmd/cmmd_1090.jpg,cmmd,train
2.2979438,0.6644648,1.1122373,1.7179537,0,normal,Preprocessed_Dataset/kau-bcmd/kau-bcmd_1858.jpg,kau-bcmd,train
0.39238322,1.3224695,1.4869382,1.8650994,2,malignant,Preprocessed_Dataset/cmmd/cmmd_2988.jpg,cmmd,train
0.5370307,1.2909636,1.5922006,1.7269478,2,malignant,Preprocessed_Dataset/cmmd/cmmd_3388.jpg,cmmd,train
1.6955074,0.30507457,0.73118186,1.4757997,0,normal,Preprocessed_Dataset/ddsm/ddsm_52.jpg,ddsm,train
2.2328598,1.5094726,2.5400863,1.566818,1,benign,Preprocessed_Dataset/inbreast/inbreast_133.jpg,inbreast,train
0.4304633,1.2624807,1.4725642,1.8703665,2,malignant,Preprocessed_Dataset/cmmd/cmmd_5030.jpg,cmmd,train
2.6951506,1.263353,1.9920802,0.33045042,1,benign,Preprocessed_Dataset/cmmd/cmmd_2136.jpg,cmmd,train
0.6396071,1.4944876,1.4949065,2.3329964,2,malignant,Preprocessed_Dataset/ddsm/ddsm_6232.jpg,ddsm,train
0.7660663,1.4949157,1.5061588,2.268337,2,malignant,Preprocessed_Dataset/ddsm/ddsm_4423.jpg,ddsm,train
2.3871064,0.7605696,1.2157431,1.566443,0,normal,Preprocessed_Dataset/kau-bcmd/kau-bcmd_866.jpg,kau-bcmd,train
0.5574485,1.4629407,1.5490987,2.2264624,2,malignant,Preprocessed_Dataset/ddsm/ddsm_5868.jpg,ddsm,train
0.4033265,1.2601341,1.5492672,1.9360939,2,malignant,Preprocessed_Dataset/cmmd/cmmd_124.jpg,cmmd,train
0.614444,1.5647659,1.5479764,2.297102,2,malignant,Preprocessed_Dataset/ddsm/ddsm_3343.jpg,ddsm,train
0.5652816,1.2052913,1.524121,1.8847353,2,malignant,Preprocessed_Dataset/cmmd/cmmd_280.jpg,cmmd,train
0.4289559,1.5121108,1.5374445,2.4607968,2,malignant,Preprocessed_Dataset/ddsm/ddsm_5623.jpg,ddsm,train
0.5919411,1.6110402,1.6279573,2.2805357,2,malignant,Preprocessed_Dataset/ddsm/ddsm_3019.jpg,ddsm,train
0.55857253,1.2155783,1.4875835,1.9209205,2,malignant,Preprocessed_Dataset/cmmd/cmmd_5155.jpg,cmmd,train
1.8172467,0.85998476,1.2682003,1.3573377,2,malignant,Preprocessed_Dataset/ddsm/ddsm_5445.jpg,ddsm,train
1.4694515,0.9653438,1.1576056,1.6590502,2,malignant,Preprocessed_Dataset/ddsm/ddsm_3842.jpg,ddsm,train
2.3651216,1.6696689,1.8072237,0.98424244,1,benign,Preprocessed_Dataset/ddsm/ddsm_7948.jpg,ddsm,train
0.52541447,1.2217366,1.5836773,1.8746662,2,malignant,Preprocessed_Dataset/cmmd/cmmd_1138.jpg,cmmd,train
1.6643159,0.24737203,0.7737287,1.4427848,0,normal,Preprocessed_Dataset/ddsm/ddsm_524.jpg,ddsm,train
0.50057817,1.2836457,1.5451211,1.8692844,2,malignant,Preprocessed_Dataset/cmmd/cmmd_876.jpg,cmmd,train
3.031211,1.2142704,1.8522537,0.09881294,1,benign,Preprocessed_Dataset/cmmd/cmmd_2237.jpg,cmmd,train
2.3133006,1.6928494,1.8911445,1.1138034,1,benign,Preprocessed_Dataset/ddsm/ddsm_7123.jpg,ddsm,train
1.7517399,0.3930636,0.7766992,1.4397861,0,normal,Preprocessed_Dataset/ddsm/ddsm_1535.jpg,ddsm,train
2.2752247,1.6825225,1.8800046,1.1112429,1,benign,Preprocessed_Dataset/ddsm/ddsm_9562.jpg,ddsm,train
0.7228719,1.4864048,1.485894,2.230512,2,malignant,Preprocessed_Dataset/ddsm/ddsm_4840.jpg,ddsm,train
1.8148457,0.32767248,0.75461584,1.4818256,0,normal,Preprocessed_Dataset/ddsm/ddsm_1306.jpg,ddsm,train
2.8926349,2.8254895,2.9138107,1.1023288,1,benign,Preprocessed_Dataset/kau-bcmd/kau-bcmd_1311.jpg,kau-bcmd,train
2.332783,0.78464794,1.2746723,1.6178411,0,normal,Preprocessed_Dataset/kau-bcmd/kau-bcmd_1818.jpg,kau-bcmd,train
1.7722635,0.18874657,0.6331548,1.4439138,0,normal,Preprocessed_Dataset/ddsm/ddsm_2356.jpg,ddsm,train
0.5047507,1.3012017,1.5932437,1.829591,2,malignant,Preprocessed_Dataset/cmmd/cmmd_3476.jpg,cmmd,train
1.6630838,0.20610082,0.64788663,1.5202103,0,normal,Preprocessed_Dataset/ddsm/ddsm_2535.jpg,ddsm,train
2.3457215,1.6809802,1.9913442,1.0336835,1,benign,Preprocessed_Dataset/ddsm/ddsm_7515.jpg,ddsm,train
0.5617813,1.5997287,1.5299029,2.411633,2,malignant,Preprocessed_Dataset/ddsm/ddsm_2934.jpg,ddsm,train
2.1846683,1.549806,1.8358586,1.1390202,1,benign,Preprocessed_Dataset/ddsm/ddsm_6495.jpg,ddsm,train
2.2909977,1.5740969,1.8319614,1.0556676,1,benign,Preprocessed_Dataset/ddsm/ddsm_8998.jpg,ddsm,train
0.19500077,1.3050218,1.4827803,2.0216365,2,malignant,Preprocessed_Dataset/cmmd/cmmd_2600.jpg,cmmd,train
2.475038,1.7870331,1.9991355,0.8263714,1,benign,Preprocessed_Dataset/ddsm/ddsm_9882.jpg,ddsm,train
2.342997,0.83026123,1.2471495,1.4929167,0,normal,Preprocessed_Dataset/kau-bcmd/kau-bcmd_1949.jpg,kau-bcmd,train
2.5865831,1.5906644,1.8833159,0.8861315,1,benign,Preprocessed_Dataset/ddsm/ddsm_6802.jpg,ddsm,train
2.4176836,1.5929003,1.8242604,1.0164112,1,benign,Preprocessed_Dataset/ddsm/ddsm_9720.jpg,ddsm,train
0.68751764,1.5882747,1.5471274,2.2630892,2,malignant,Preprocessed_Dataset/ddsm/ddsm_5188.jpg,ddsm,train
0.40656304,1.3295239,1.4601117,2.3346224,2,malignant,Preprocessed_Dataset/ddsm/ddsm_4880.jpg,ddsm,train
2.4059184,1.58366,1.9092338,0.92730176,1,benign,Preprocessed_Dataset/ddsm/ddsm_7492.jpg,ddsm,train
0.5779476,1.2326511,1.459367,1.8095584,2,malignant,Preprocessed_Dataset/cmmd/cmmd_4364.jpg,cmmd,train
0.46670806,1.2723356,1.6322149,1.8934553,2,malignant,Preprocessed_Dataset/cmmd/cmmd_3284.jpg,cmmd,train
2.322136,1.602276,1.8616747,1.1220381,1,benign,Preprocessed_Dataset/ddsm/ddsm_9545.jpg,ddsm,train
2.167794,1.5733366,1.7397004,1.1677431,2,malignant,Preprocessed_Dataset/ddsm/ddsm_3392.jpg,ddsm,train
0.5075265,1.3130677,1.5889323,1.8675108,2,malignant,Preprocessed_Dataset/cmmd/cmmd_57.jpg,cmmd,train
1.8415006,0.39209807,0.82237697,1.4620384,0,normal,Preprocessed_Dataset/ddsm/ddsm_886.jpg,ddsm,train
2.9399695,1.1587862,1.78625,0.17335987,1,benign,Preprocessed_Dataset/cmmd/cmmd_2263.jpg,cmmd,train
2.4914465,1.7024674,1.9183526,0.9564389,1,benign,Preprocessed_Dataset/ddsm/ddsm_7534.jpg,ddsm,train
2.2437136,1.6390035,2.8874955,1.5981184,1,benign,Preprocessed_Dataset/inbreast/inbreast_112.jpg,inbreast,train
2.5163832,0.70487326,1.210468,1.4916906,0,normal,Preprocessed_Dataset/kau-bcmd/kau-bcmd_1898.jpg,kau-bcmd,train
2.236033,1.590175,1.8183017,1.0956805,1,benign,Preprocessed_Dataset/ddsm/ddsm_7691.jpg,ddsm,train
0.20399392,1.5585179,0.90401113,2.0899208,2,malignant,Preprocessed_Dataset/cdd-cesm/cdd-cesm_793.jpg,cdd-cesm,train
2.30238,0.7901834,1.1993096,1.6186892,0,normal,Preprocessed_Dataset/kau-bcmd/kau-bcmd_2170.jpg,kau-bcmd,train
0.63998485,1.5343963,1.4798611,2.2449327,2,malignant,Preprocessed_Dataset/ddsm/ddsm_5061.jpg,ddsm,train
0.83114135,1.5445856,1.500974,2.182668,2,malignant,Preprocessed_Dataset/ddsm/ddsm_5932.jpg,ddsm,train
1.6968786,0.3858962,0.79923767,1.5318742,0,normal,Preprocessed_Dataset/ddsm/ddsm_2679.jpg,ddsm,train
2.3228166,1.5188745,2.011694,0.9784627,1,benign,Preprocessed_Dataset/ddsm/ddsm_9847.jpg,ddsm,train
0.45539975,1.3047894,1.4547311,1.8726747,2,malignant,Preprocessed_Dataset/cmmd/cmmd_5010.jpg,cmmd,train
1.6810775,0.20706391,0.55429417,1.5048002,0,normal,Preprocessed_Dataset/ddsm/ddsm_1856.jpg,ddsm,train
2.3652396,0.725642,1.123137,1.5729347,0,normal,Preprocessed_Dataset/kau-bcmd/kau-bcmd_2013.jpg,kau-bcmd,train
1.7701828,0.3549977,0.731299,1.5148139,0,normal,Preprocessed_Dataset/ddsm/ddsm_2624.jpg,ddsm,train
2.3805392,1.8384724,1.9858387,0.9555442,1,benign,Preprocessed_Dataset/ddsm/ddsm_7657.jpg,ddsm,train
2.217394,0.7491861,1.1587603,1.637877,0,normal,Preprocessed_Dataset/kau-bcmd/kau-bcmd_2161.jpg,kau-bcmd,train
0.49221206,1.2679353,1.5951536,1.8511007,2,malignant,Preprocessed_Dataset/cmmd/cmmd_1404.jpg,cmmd,train
2.3738208,1.6676114,1.8838532,0.9419225,1,benign,Preprocessed_Dataset/ddsm/ddsm_7396.jpg,ddsm,train
0.7170068,1.4399867,1.4020555,2.229451,2,malignant,Preprocessed_Dataset/ddsm/ddsm_5260.jpg,ddsm,train
2.6164494,1.2265031,1.943546,0.34088254,1,benign,Preprocessed_Dataset/cmmd/cmmd_122.jpg,cmmd,train
2.2027123,0.68535364,1.1075648,1.686763,0,normal,Preprocessed_Dataset/kau-bcmd/kau-bcmd_511.jpg,kau-bcmd,train
2.843255,2.8234239,2.908925,1.2071579,1,benign,Preprocessed_Dataset/kau-bcmd/kau-bcmd_597.jpg,kau-bcmd,train
0.51540565,1.1882699,1.5281923,1.7915487,2,malignant,Preprocessed_Dataset/cmmd/cmmd_5050.jpg,cmmd,train
0.48619938,1.3106205,1.4873419,1.9036732,2,malignant,Preprocessed_Dataset/cmmd/cmmd_4538.jpg,cmmd,train
0.3903929,1.2671579,1.4421257,1.9479766,2,malignant,Preprocessed_Dataset/cmmd/cmmd_4134.jpg,cmmd,train
1.6010938,0.34698188,0.7631158,1.5626676,0,normal,Preprocessed_Dataset/ddsm/ddsm_1766.jpg,ddsm,train
1.8272824,0.16266394,0.701734,1.384497,0,normal,Preprocessed_Dataset/ddsm/ddsm_2764.jpg,ddsm,train
0.6628363,1.500623,1.5359721,2.289355,2,malignant,Preprocessed_Dataset/ddsm/ddsm_2782.jpg,ddsm,train
0.47765923,1.2734766,1.5200038,1.8485296,2,malignant,Preprocessed_Dataset/cmmd/cmmd_3967.jpg,cmmd,train
2.707141,1.6893859,2.0187824,0.76047134,1,benign,Preprocessed_Dataset/ddsm/ddsm_9946.jpg,ddsm,train
1.6905391,1.1992174,1.6564175,1.1984305,1,benign,Preprocessed_Dataset/cmmd/cmmd_597.jpg,cmmd,train
2.3290727,1.7059859,1.960649,1.0205904,1,benign,Preprocessed_Dataset/ddsm/ddsm_7617.jpg,ddsm,train
2.4410186,1.6032263,1.8607901,0.9533166,1,benign,Preprocessed_Dataset/ddsm/ddsm_7208.jpg,ddsm,train
2.3557415,0.75379103,1.1267083,1.5618811,0,normal,Preprocessed_Dataset/kau-bcmd/kau-bcmd_1887.jpg,kau-bcmd,train
1.7457607,0.36852115,0.7680608,1.4675772,0,normal,Preprocessed_Dataset/ddsm/ddsm_856.jpg,ddsm,train
0.37710416,1.7907019,0.92971003,1.9729464,2,malignant,Preprocessed_Dataset/dmid/dmid_412.jpg,dmid,train
1.6889431,0.40994352,0.7691023,1.4965178,0,normal,Preprocessed_Dataset/ddsm/ddsm_1147.jpg,ddsm,train
2.8032873,1.8202455,1.532916,0.35589135,1,benign,Preprocessed_Dataset/cdd-cesm/cdd-cesm_32.jpg,cdd-cesm,train
2.1330523,1.3535726,1.493234,1.1695311,1,benign,Preprocessed_Dataset/ddsm/ddsm_6740.jpg,ddsm,train
0.61277735,1.6016552,1.5459856,2.3156242,2,malignant,Preprocessed_Dataset/ddsm/ddsm_5078.jpg,ddsm,train
0.6251563,1.4305152,1.4403024,2.2172189,2,malignant,Preprocessed_Dataset/ddsm/ddsm_3245.jpg,ddsm,train
2.3009799,0.7614703,1.1655658,1.5989127,0,normal,Preprocessed_Dataset/kau-bcmd/kau-bcmd_722.jpg,kau-bcmd,train
2.804597,1.2208833,1.8096838,0.37588465,1,benign,Preprocessed_Dataset/cmmd/cmmd_3599.jpg,cmmd,train
2.3789535,0.7431097,1.1307607,1.52296,0,normal,Preprocessed_Dataset/kau-bcmd/kau-bcmd_572.jpg,kau-bcmd,train
2.4521847,1.6296765,1.8720337,1.0093381,1,benign,Preprocessed_Dataset/ddsm/ddsm_7263.jpg,ddsm,train
0.59079325,1.628275,1.5196016,2.3403955,2,malignant,Preprocessed_Dataset/ddsm/ddsm_4974.jpg,ddsm,train
0.95277613,1.175133,1.5157813,1.6341175,1,benign,Preprocessed_Dataset/cmmd/cmmd_3572.jpg,cmmd,train
1.6551522,0.3251155,0.7536595,1.4175617,0,normal,Preprocessed_Dataset/ddsm/ddsm_51.jpg,ddsm,train
0.53446734,1.5266455,1.608937,2.2783132,2,malignant,Preprocessed_Dataset/ddsm/ddsm_4121.jpg,ddsm,train
0.49442983,1.1796376,1.4330935,1.8905483,2,malignant,Preprocessed_Dataset/cmmd/cmmd_3719.jpg,cmmd,train
0.7290325,1.2117561,1.5390606,1.7741358,2,malignant,Preprocessed_Dataset/cmmd/cmmd_4961.jpg,cmmd,train
1.7141387,0.62743986,0.9288393,1.5110434,0,normal,Preprocessed_Dataset/ddsm/ddsm_2288.jpg,ddsm,train
2.7196996,2.7845469,2.9983125,1.1457791,1,benign,Preprocessed_Dataset/kau-bcmd/kau-bcmd_1326.jpg,kau-bcmd,train
2.5809262,1.6785707,2.0679255,0.8654392,1,benign,Preprocessed_Dataset/ddsm/ddsm_7159.jpg,ddsm,train
1.6023476,0.2600404,0.78086966,1.6596339,0,normal,Preprocessed_Dataset/ddsm/ddsm_2568.jpg,ddsm,train
1.1157851,1.1529354,0.9797572,1.543601,0,normal,Preprocessed_Dataset/cdd-cesm/cdd-cesm_716.jpg,cdd-cesm,train
2.3275971,1.5339857,2.5494964,1.5205821,1,benign,Preprocessed_Dataset/inbreast/inbreast_255.jpg,inbreast,train
1.1762695,0.5228093,0.22153032,1.3304781,0,normal,Preprocessed_Dataset/dmid/dmid_208.jpg,dmid,train
1.4940099,1.6351752,1.7189156,1.6459464,1,benign,Preprocessed_Dataset/ddsm/ddsm_7257.jpg,ddsm,train
1.6271887,0.59835577,0.99888206,1.4939837,0,normal,Preprocessed_Dataset/ddsm/ddsm_1666.jpg,ddsm,train
0.41518986,1.3041129,1.5059865,1.8692367,2,malignant,Preprocessed_Dataset/cmmd/cmmd_4460.jpg,cmmd,train
1.8236691,0.3164224,0.72044665,1.3087792,0,normal,Preprocessed_Dataset/ddsm/ddsm_2636.jpg,ddsm,train
2.3667414,0.722534,1.173646,1.5797642,0,normal,Preprocessed_Dataset/kau-bcmd/kau-bcmd_2035.jpg,kau-bcmd,train
2.359816,1.592812,1.8818989,1.0372853,1,benign,Preprocessed_Dataset/ddsm/ddsm_8726.jpg,ddsm,train
0.40849435,1.2300049,1.5292101,1.8632839,2,malignant,Preprocessed_Dataset/cmmd/cmmd_3314.jpg,cmmd,train
2.2428787,0.7685252,1.1993909,1.561197,0,normal,Preprocessed_Dataset/kau-bcmd/kau-bcmd_2038.jpg,kau-bcmd,train
0.90398455,1.4652138,1.48968,2.1318772,2,malignant,Preprocessed_Dataset/ddsm/ddsm_4615.jpg,ddsm,train
2.2384768,0.73071325,1.1853791,1.6441314,0,normal,Preprocessed_Dataset/kau-bcmd/kau-bcmd_1379.jpg,kau-bcmd,train
1.6989391,0.20736921,0.6913699,1.5018191,0,normal,Preprocessed_Dataset/ddsm/ddsm_849.jpg,ddsm,train
0.85798454,1.3843585,1.6190487,1.5944774,2,malignant,Preprocessed_Dataset/cmmd/cmmd_889.jpg,cmmd,train
2.2687194,0.770089,1.1802477,1.6794215,0,normal,Preprocessed_Dataset/kau-bcmd/kau-bcmd_1769.jpg,kau-bcmd,train
0.6826515,1.523477,1.6197392,2.1727433,2,malignant,Preprocessed_Dataset/ddsm/ddsm_4282.jpg,ddsm,train
2.4706955,1.6561105,2.0409207,0.9437937,1,benign,Preprocessed_Dataset/ddsm/ddsm_7813.jpg,ddsm,train
0.6582587,1.5761747,1.6047666,2.212017,2,malignant,Preprocessed_Dataset/ddsm/ddsm_5082.jpg,ddsm,train
1.6496446,0.2387296,0.6906253,1.5698855,0,normal,Preprocessed_Dataset/ddsm/ddsm_1999.jpg,ddsm,train
0.667665,1.7176254,1.550545,2.2622967,2,malignant,Preprocessed_Dataset/ddsm/ddsm_3410.jpg,ddsm,train
2.645354,1.3650159,1.8988931,0.3854946,1,benign,Preprocessed_Dataset/cmmd/cmmd_3608.jpg,cmmd,train
0.524348,1.5445197,1.56598,2.3028584,2,malignant,Preprocessed_Dataset/ddsm/ddsm_3682.jpg,ddsm,train
0.5251579,1.6834457,1.6059383,2.306346,2,malignant,Preprocessed_Dataset/ddsm/ddsm_4532.jpg,ddsm,train
2.3765006,1.728934,1.8732424,1.0338781,1,benign,Preprocessed_Dataset/ddsm/ddsm_9261.jpg,ddsm,train
2.3173697,1.693504,1.949852,1.0147908,1,benign,Preprocessed_Dataset/ddsm/ddsm_7745.jpg,ddsm,train
2.436345,1.5345937,1.8121543,0.9871067,1,benign,Preprocessed_Dataset/ddsm/ddsm_7326.jpg,ddsm,train
2.3378477,0.7582879,1.201662,1.5442107,0,normal,Preprocessed_Dataset/kau-bcmd/kau-bcmd_341.jpg,kau-bcmd,train
2.2160294,0.7600504,1.1617725,1.6250741,0,normal,Preprocessed_Dataset/kau-bcmd/kau-bcmd_956.jpg,kau-bcmd,train
0.57547855,1.5939181,1.5678717,2.291884,2,malignant,Preprocessed_Dataset/ddsm/ddsm_5613.jpg,ddsm,train
2.661153,1.9599121,2.222967,0.8047129,1,benign,Preprocessed_Dataset/ddsm/ddsm_6654.jpg,ddsm,train
2.280672,0.792022,1.1920727,1.59401,0,normal,Preprocessed_Dataset/kau-bcmd/kau-bcmd_1023.jpg,kau-bcmd,train
1.79285,0.18634272,0.67165095,1.4596068,0,normal,Preprocessed_Dataset/ddsm/ddsm_1608.jpg,ddsm,train
2.421128,0.6446301,1.0914342,1.6139067,0,normal,Preprocessed_Dataset/kau-bcmd/kau-bcmd_1287.jpg,kau-bcmd,train
0.5501224,1.2452606,1.401629,1.8809714,2,malignant,Preprocessed_Dataset/cmmd/cmmd_3745.jpg,cmmd,train
2.3256788,1.6467462,1.9039489,1.0432379,1,benign,Preprocessed_Dataset/ddsm/ddsm_9957.jpg,ddsm,train
2.327242,0.78943783,1.1532669,1.6040838,0,normal,Preprocessed_Dataset/kau-bcmd/kau-bcmd_1697.jpg,kau-bcmd,train
0.6863196,1.6011968,1.4787008,2.2248638,2,malignant,Preprocessed_Dataset/ddsm/ddsm_6206.jpg,ddsm,train
2.1818948,1.2845969,1.6317582,1.6085067,0,normal,Preprocessed_Dataset/kau-bcmd/kau-bcmd_578.jpg,kau-bcmd,train
0.5238482,1.5970751,1.5037472,2.3784192,2,malignant,Preprocessed_Dataset/ddsm/ddsm_4153.jpg,ddsm,train
1.7789505,0.3746302,0.7536416,1.4196166,0,normal,Preprocessed_Dataset/ddsm/ddsm_943.jpg,ddsm,train
2.4905214,1.6651206,1.3299981,0.6534056,1,benign,Preprocessed_Dataset/cdd-cesm/cdd-cesm_451.jpg,cdd-cesm,train
2.2847424,1.651492,1.8900462,1.1095265,1,benign,Preprocessed_Dataset/ddsm/ddsm_6595.jpg,ddsm,train
1.9217503,0.2747165,0.7696755,1.3662119,0,normal,Preprocessed_Dataset/ddsm/ddsm_968.jpg,ddsm,train
2.2869508,0.73235357,1.1125267,1.6439472,0,normal,Preprocessed_Dataset/kau-bcmd/kau-bcmd_1713.jpg,kau-bcmd,train
0.24905491,1.2585615,1.5010474,1.9381166,2,malignant,Preprocessed_Dataset/cmmd/cmmd_4748.jpg,cmmd,train
2.733337,1.6228503,2.6176722,1.3247758,1,benign,Preprocessed_Dataset/inbreast/inbreast_91.jpg,inbreast,train
0.02020967,1.2519827,1.3814911,2.041253,2,malignant,Preprocessed_Dataset/cmmd/cmmd_1857.jpg,cmmd,train
2.6611671,1.8665018,1.5653735,0.48080033,1,benign,Preprocessed_Dataset/cdd-cesm/cdd-cesm_699.jpg,cdd-cesm,train
2.4777765,1.6747766,1.9182351,1.0152013,1,benign,Preprocessed_Dataset/ddsm/ddsm_7959.jpg,ddsm,train
2.759901,1.293934,1.9362106,0.27646935,1,benign,Preprocessed_Dataset/cmmd/cmmd_442.jpg,cmmd,train
0.23733747,1.2643929,1.509032,1.9595485,2,malignant,Preprocessed_Dataset/cmmd/cmmd_268.jpg,cmmd,train
1.6928453,0.3689372,0.7140183,1.4694405,0,normal,Preprocessed_Dataset/ddsm/ddsm_1573.jpg,ddsm,train
2.367807,1.5974966,1.9229052,1.0083847,1,benign,Preprocessed_Dataset/ddsm/ddsm_7299.jpg,ddsm,train
0.4373374,1.2921855,1.5129799,1.844085,2,malignant,Preprocessed_Dataset/cmmd/cmmd_3452.jpg,cmmd,train
2.2157843,1.7991842,1.4218619,0.79490256,1,benign,Preprocessed_Dataset/cdd-cesm/cdd-cesm_181.jpg,cdd-cesm,train
2.3093913,1.6819713,1.8670464,1.0548267,1,benign,Preprocessed_Dataset/ddsm/ddsm_7035.jpg,ddsm,train
2.5912867,1.6857109,2.0684972,0.8801635,1,benign,Preprocessed_Dataset/ddsm/ddsm_8350.jpg,ddsm,train
1.7109263,0.303124,0.8064623,1.4029098,0,normal,Preprocessed_Dataset/ddsm/ddsm_771.jpg,ddsm,train
2.3627553,1.6223605,1.891273,1.0228503,1,benign,Preprocessed_Dataset/ddsm/ddsm_6735.jpg,ddsm,train
0.40686953,1.1958003,1.479935,1.9437486,2,malignant,Preprocessed_Dataset/cmmd/cmmd_4018.jpg,cmmd,train
2.2695894,0.7634381,1.1787059,1.6588237,0,normal,Preprocessed_Dataset/kau-bcmd/kau-bcmd_1740.jpg,kau-bcmd,train
2.4498081,1.5642177,1.9832387,0.919227,1,benign,Preprocessed_Dataset/ddsm/ddsm_8894.jpg,ddsm,train
1.720636,0.20290768,0.64953583,1.439609,0,normal,Preprocessed_Dataset/ddsm/ddsm_1769.jpg,ddsm,train
1.589258,0.3246377,0.60460293,1.5534002,0,normal,Preprocessed_Dataset/ddsm/ddsm_1377.jpg,ddsm,train
2.9168065,1.27259,1.8607275,0.24486744,1,benign,Preprocessed_Dataset/cmmd/cmmd_358.jpg,cmmd,train
1.9485183,1.306795,1.5730387,1.373316,0,normal,Preprocessed_Dataset/kau-bcmd/kau-bcmd_145.jpg,kau-bcmd,train
2.5590901,1.5761678,1.8084024,0.9135725,1,benign,Preprocessed_Dataset/ddsm/ddsm_9354.jpg,ddsm,train
2.3093505,1.6223962,1.8536342,1.0585508,1,benign,Preprocessed_Dataset/ddsm/ddsm_7924.jpg,ddsm,train
2.1708272,0.7566247,1.1087028,1.6444614,0,normal,Preprocessed_Dataset/kau-bcmd/kau-bcmd_1884.jpg,kau-bcmd,train
1.7523727,0.33232278,0.6838268,1.4864448,0,normal,Preprocessed_Dataset/ddsm/ddsm_1406.jpg,ddsm,train
2.2390468,0.4990139,0.9843831,1.5937235,0,normal,Preprocessed_Dataset/kau-bcmd/kau-bcmd_1127.jpg,kau-bcmd,train
2.3028476,0.79307,1.2022173,1.5741813,0,normal,Preprocessed_Dataset/kau-bcmd/kau-bcmd_1663.jpg,kau-bcmd,train
1.7606674,1.2965839,1.5832226,1.5161858,2,malignant,Preprocessed_Dataset/ddsm/ddsm_3469.jpg,ddsm,train
2.253747,0.6434636,1.1256315,1.5703279,0,normal,Preprocessed_Dataset/kau-bcmd/kau-bcmd_1772.jpg,kau-bcmd,train
1.5857166,0.32503372,0.71112955,1.5757651,0,normal,Preprocessed_Dataset/ddsm/ddsm_423.jpg,ddsm,train
1.6125107,1.4138508,1.577828,1.6204196,1,benign,Preprocessed_Dataset/ddsm/ddsm_6782.jpg,ddsm,train
1.8056834,0.22739637,0.69350797,1.4531142,0,normal,Preprocessed_Dataset/ddsm/ddsm_1662.jpg,ddsm,train
0.5701829,1.2313768,1.5482388,1.8383701,2,malignant,Preprocessed_Dataset/cmmd/cmmd_1865.jpg,cmmd,train
2.770079,1.2740483,1.8245387,0.18594694,1,benign,Preprocessed_Dataset/cmmd/cmmd_1967.jpg,cmmd,train
1.5625587,0.31660193,0.78659207,1.5969677,0,normal,Preprocessed_Dataset/ddsm/ddsm_173.jpg,ddsm,train
2.7664578,1.1234314,1.7517967,0.27632272,1,benign,Preprocessed_Dataset/cmmd/cmmd_3555.jpg,cmmd,train
2.4504,1.5330336,2.5967512,1.5598894,1,benign,Preprocessed_Dataset/inbreast/inbreast_120.jpg,inbreast,train
3.0125062,1.2346044,1.8539021,0.047764063,1,benign,Preprocessed_Dataset/cmmd/cmmd_3607.jpg,cmmd,train
2.5579398,1.5150417,1.8669747,0.83821267,1,benign,Preprocessed_Dataset/ddsm/ddsm_8116.jpg,ddsm,train
1.7884945,0.1972456,0.71714896,1.4384121,0,normal,Preprocessed_Dataset/ddsm/ddsm_392.jpg,ddsm,train
0.6473876,1.2355132,1.4635848,1.7441337,2,malignant,Preprocessed_Dataset/cmmd/cmmd_5001.jpg,cmmd,train
0.37085247,1.2640165,1.5359465,1.8739501,2,malignant,Preprocessed_Dataset/cmmd/cmmd_1486.jpg,cmmd,train
0.49661732,1.2273514,1.5239999,1.827781,2,malignant,Preprocessed_Dataset/cmmd/cmmd_2103.jpg,cmmd,train
1.598032,0.26526725,0.670796,1.5271494,0,normal,Preprocessed_Dataset/ddsm/ddsm_2143.jpg,ddsm,train
0.7396244,1.5825053,1.5992508,2.1636696,2,malignant,Preprocessed_Dataset/ddsm/ddsm_4968.jpg,ddsm,train
2.2528172,1.6299071,1.8909068,1.0367758,1,benign,Preprocessed_Dataset/ddsm/ddsm_9631.jpg,ddsm,train
2.4112515,1.621244,1.8303101,1.0383177,1,benign,Preprocessed_Dataset/ddsm/ddsm_6504.jpg,ddsm,train
1.1940615,1.1422341,1.3137463,1.4337062,2,malignant,Preprocessed_Dataset/cmmd/cmmd_1139.jpg,cmmd,train
1.5352862,1.4414026,1.5528046,1.3724889,2,malignant,Preprocessed_Dataset/cmmd/cmmd_3161.jpg,cmmd,train
1.5762956,0.24095047,0.19294465,1.1952014,0,normal,Preprocessed_Dataset/cdd-cesm/cdd-cesm_157.jpg,cdd-cesm,train
2.1984138,0.66308945,1.1252416,1.6701937,0,normal,Preprocessed_Dataset/kau-bcmd/kau-bcmd_1609.jpg,kau-bcmd,train
2.4851134,1.7986946,1.9223726,0.9178515,1,benign,Preprocessed_Dataset/ddsm/ddsm_7537.jpg,ddsm,train
1.0552489,1.311346,1.7278857,1.5748727,1,benign,Preprocessed_Dataset/cmmd/cmmd_36.jpg,cmmd,train
2.3029587,0.6943424,1.194605,1.5633414,0,normal,Preprocessed_Dataset/kau-bcmd/kau-bcmd_1523.jpg,kau-bcmd,train
2.4827192,1.7237625,1.9710443,0.9591192,1,benign,Preprocessed_Dataset/ddsm/ddsm_8058.jpg,ddsm,train
2.7884238,1.1994722,1.8375047,0.32724118,1,benign,Preprocessed_Dataset/cmmd/cmmd_438.jpg,cmmd,train
2.3211925,1.6020327,1.8655763,1.0450187,1,benign,Preprocessed_Dataset/ddsm/ddsm_8660.jpg,ddsm,train
0.7719269,1.5217615,1.4629031,2.1245332,2,malignant,Preprocessed_Dataset/ddsm/ddsm_4361.jpg,ddsm,train
2.3615022,1.6188695,1.9167693,1.0284537,1,benign,Preprocessed_Dataset/ddsm/ddsm_8927.jpg,ddsm,train
0.50942075,1.2470102,1.5298557,1.8676761,2,malignant,Preprocessed_Dataset/cmmd/cmmd_2611.jpg,cmmd,train
0.5540501,1.2741678,1.5640109,1.8802829,2,malignant,Preprocessed_Dataset/cmmd/cmmd_1871.jpg,cmmd,train
2.4796143,1.5886508,1.9773222,0.9540348,1,benign,Preprocessed_Dataset/ddsm/ddsm_9371.jpg,ddsm,train
1.6912398,0.49980646,0.3254074,1.2121639,0,normal,Preprocessed_Dataset/cdd-cesm/cdd-cesm_129.jpg,cdd-cesm,train
2.3369443,0.78209734,1.2269819,1.5252855,0,normal,Preprocessed_Dataset/kau-bcmd/kau-bcmd_268.jpg,kau-bcmd,train
2.3498702,1.7552063,1.9448082,0.9445427,1,benign,Preprocessed_Dataset/ddsm/ddsm_8625.jpg,ddsm,train
1.7427139,0.15181518,0.7643986,1.4125508,0,normal,Preprocessed_Dataset/ddsm/ddsm_540.jpg,ddsm,train
2.2994902,0.7898966,1.20157,1.5640938,0,normal,Preprocessed_Dataset/kau-bcmd/kau-bcmd_1903.jpg,kau-bcmd,train
2.3811507,1.742315,1.9800436,1.067994,1,benign,Preprocessed_Dataset/ddsm/ddsm_7248.jpg,ddsm,train
0.7248074,1.5466267,1.5580313,2.196721,2,malignant,Preprocessed_Dataset/ddsm/ddsm_3283.jpg,ddsm,train
1.8545988,0.2609228,0.683432,1.4481969,0,normal,Preprocessed_Dataset/ddsm/ddsm_1155.jpg,ddsm,train
1.7287556,0.77444506,1.0757616,1.3927984,1,benign,Preprocessed_Dataset/ddsm/ddsm_9297.jpg,ddsm,train
1.2510095,0.106731296,0.87443924,2.2696714,0,normal,Preprocessed_Dataset/inbreast/inbreast_393.jpg,inbreast,train
2.9322133,1.2897971,1.9381068,0.169168,1,benign,Preprocessed_Dataset/cmmd/cmmd_519.jpg,cmmd,train
2.2593243,0.7834617,1.22263,1.6240039,0,normal,Preprocessed_Dataset/kau-bcmd/kau-bcmd_1995.jpg,kau-bcmd,train
1.4448787,0.8904656,1.085286,1.6684887,0,normal,Preprocessed_Dataset/ddsm/ddsm_617.jpg,ddsm,train
1.8852623,0.40349108,0.754504,1.4009838,0,normal,Preprocessed_Dataset/ddsm/ddsm_2409.jpg,ddsm,train
1.5932556,0.23488748,0.72239405,1.5468657,0,normal,Preprocessed_Dataset/ddsm/ddsm_513.jpg,ddsm,train
0.2935177,1.2972034,1.4745086,1.9244632,2,malignant,Preprocessed_Dataset/cmmd/cmmd_3331.jpg,cmmd,train
0.46563256,1.2045244,1.4833647,1.9076338,2,malignant,Preprocessed_Dataset/cmmd/cmmd_3828.jpg,cmmd,train
1.5639459,0.91490245,1.3188922,1.6068175,1,benign,Preprocessed_Dataset/ddsm/ddsm_7583.jpg,ddsm,train
2.5455112,1.6413352,1.8736062,0.8863099,1,benign,Preprocessed_Dataset/ddsm/ddsm_10392.jpg,ddsm,train
1.5467128,0.25122297,0.13709879,1.2199147,0,normal,Preprocessed_Dataset/cdd-cesm/cdd-cesm_568.jpg,cdd-cesm,train
2.4758515,1.7090449,2.0628529,0.9103034,1,benign,Preprocessed_Dataset/ddsm/ddsm_6953.jpg,ddsm,train
2.433969,1.7035757,1.8912988,0.9984987,1,benign,Preprocessed_Dataset/ddsm/ddsm_8311.jpg,ddsm,train
2.3797526,1.63155,1.7805824,1.0298197,1,benign,Preprocessed_Dataset/ddsm/ddsm_7715.jpg,ddsm,train
1.7032057,0.33305204,0.7318462,1.4287237,0,normal,Preprocessed_Dataset/ddsm/ddsm_2483.jpg,ddsm,train
2.4076474,0.75504184,1.2266047,1.4546789,0,normal,Preprocessed_Dataset/kau-bcmd/kau-bcmd_86.jpg,kau-bcmd,train
2.422166,1.7750962,1.1999384,0.6856787,1,benign,Preprocessed_Dataset/cdd-cesm/cdd-cesm_754.jpg,cdd-cesm,train
0.39519346,1.2153589,1.4677964,1.9029858,2,malignant,Preprocessed_Dataset/cmmd/cmmd_4646.jpg,cmmd,train
2.0008552,1.0390626,1.4995155,1.5043247,0,normal,Preprocessed_Dataset/kau-bcmd/kau-bcmd_1759.jpg,kau-bcmd,train
0.3280226,1.5818583,0.98638463,2.0300083,2,malignant,Preprocessed_Dataset/cdd-cesm/cdd-cesm_357.jpg,cdd-cesm,train
1.8213202,0.21669698,0.67056334,1.3957145,0,normal,Preprocessed_Dataset/ddsm/ddsm_276.jpg,ddsm,train
1.7263775,1.2699136,1.775447,1.0428632,2,malignant,Preprocessed_Dataset/cmmd/cmmd_846.jpg,cmmd,train
1.6672552,1.400025,2.3824286,1.9506836,0,normal,Preprocessed_Dataset/inbreast/inbreast_115.jpg,inbreast,train
1.7425764,0.4014545,0.7864203,1.4506708,0,normal,Preprocessed_Dataset/ddsm/ddsm_2482.jpg,ddsm,train
1.109719,0.6320546,0.13458884,1.1989489,0,normal,Preprocessed_Dataset/dmid/dmid_241.jpg,dmid,train
1.9158978,1.804187,1.3682905,0.7922185,1,benign,Preprocessed_Dataset/dmid/dmid_124.jpg,dmid,train
2.3725371,0.6726206,1.1361357,1.5599105,0,normal,Preprocessed_Dataset/kau-bcmd/kau-bcmd_1392.jpg,kau-bcmd,train
2.3917775,1.5828782,1.8118148,1.054285,1,benign,Preprocessed_Dataset/ddsm/ddsm_7883.jpg,ddsm,train
0.36784363,1.224818,1.4336393,1.9367273,2,malignant,Preprocessed_Dataset/cmmd/cmmd_3980.jpg,cmmd,train
1.9813125,1.3185694,1.7976906,1.1875745,1,benign,Preprocessed_Dataset/cmmd/cmmd_1902.jpg,cmmd,train
0.40886855,1.7012672,0.88080895,2.156549,2,malignant,Preprocessed_Dataset/cdd-cesm/cdd-cesm_770.jpg,cdd-cesm,train
0.57848454,1.2285215,1.39424,1.8021846,2,malignant,Preprocessed_Dataset/cmmd/cmmd_4527.jpg,cmmd,train
2.4436712,1.7213929,2.074876,0.97059226,1,benign,Preprocessed_Dataset/ddsm/ddsm_6789.jpg,ddsm,train
1.7847545,0.37054855,0.8557929,1.4970641,0,normal,Preprocessed_Dataset/ddsm/ddsm_38.jpg,ddsm,train
0.5454942,1.1454701,1.4453909,1.8171089,2,malignant,Preprocessed_Dataset/cmmd/cmmd_4308.jpg,cmmd,train
1.6894138,0.49415636,0.8380648,1.4655683,0,normal,Preprocessed_Dataset/ddsm/ddsm_503.jpg,ddsm,train
0.6505263,1.5446538,1.655669,2.2496223,2,malignant,Preprocessed_Dataset/ddsm/ddsm_3415.jpg,ddsm,train
0.16153371,1.4961352,0.8383003,2.1172218,2,malignant,Preprocessed_Dataset/cdd-cesm/cdd-cesm_806.jpg,cdd-cesm,train
2.3328705,1.5906584,1.7987156,1.1230822,1,benign,Preprocessed_Dataset/ddsm/ddsm_6677.jpg,ddsm,train
2.3769038,0.7268501,1.2020891,1.5642343,0,normal,Preprocessed_Dataset/kau-bcmd/kau-bcmd_1730.jpg,kau-bcmd,train
2.5300136,1.7222978,2.0979283,0.98381495,1,benign,Preprocessed_Dataset/ddsm/ddsm_10174.jpg,ddsm,train
0.5435183,1.5512294,1.5830532,2.266919,2,malignant,Preprocessed_Dataset/ddsm/ddsm_3385.jpg,ddsm,train
2.4335737,1.6428331,1.930436,1.001452,1,benign,Preprocessed_Dataset/ddsm/ddsm_9547.jpg,ddsm,train
2.3713405,1.5525697,1.826813,0.9717126,1,benign,Preprocessed_Dataset/ddsm/ddsm_10012.jpg,ddsm,train
2.3142655,1.6662312,1.9436822,1.0304626,1,benign,Preprocessed_Dataset/ddsm/ddsm_8253.jpg,ddsm,train
1.1845986,1.3266553,1.5517182,1.3418368,2,malignant,Preprocessed_Dataset/cmmd/cmmd_4926.jpg,cmmd,train
2.3757358,0.6724748,1.1374469,1.5641787,0,normal,Preprocessed_Dataset/kau-bcmd/kau-bcmd_986.jpg,kau-bcmd,train
0.33800864,1.2974993,1.5875827,1.9070163,2,malignant,Preprocessed_Dataset/cmmd/cmmd_3067.jpg,cmmd,train
1.7702557,0.42705262,0.8041829,1.4632294,0,normal,Preprocessed_Dataset/ddsm/ddsm_235.jpg,ddsm,train
0.45835042,1.3007287,1.5595226,1.873567,2,malignant,Preprocessed_Dataset/cmmd/cmmd_3180.jpg,cmmd,train
1.8103398,0.47042835,0.941982,1.4659393,0,normal,Preprocessed_Dataset/ddsm/ddsm_591.jpg,ddsm,train
0.4177432,1.2027739,1.5074158,1.9085923,2,malignant,Preprocessed_Dataset/cmmd/cmmd_1483.jpg,cmmd,train
1.7777312,0.30469048,0.7272868,1.3842343,0,normal,Preprocessed_Dataset/ddsm/ddsm_1610.jpg,ddsm,train
2.379079,1.6638644,1.8877534,0.99419713,1,benign,Preprocessed_Dataset/ddsm/ddsm_8409.jpg,ddsm,train
0.5454719,1.3220153,1.4661229,1.8300445,2,malignant,Preprocessed_Dataset/cmmd/cmmd_4615.jpg,cmmd,train
0.523942,1.2750939,1.5021533,1.8221757,2,malignant,Preprocessed_Dataset/cmmd/cmmd_1381.jpg,cmmd,train
0.628253,1.661526,1.0388031,1.9808246,2,malignant,Preprocessed_Dataset/cdd-cesm/cdd-cesm_676.jpg,cdd-cesm,train
2.2973993,0.80490446,1.1908252,1.5215111,0,normal,Preprocessed_Dataset/kau-bcmd/kau-bcmd_1496.jpg,kau-bcmd,train
1.7199937,0.3178661,0.776565,1.472893,0,normal,Preprocessed_Dataset/ddsm/ddsm_1599.jpg,ddsm,train
2.2629051,1.5770311,1.7627202,1.0867549,1,benign,Preprocessed_Dataset/ddsm/ddsm_9550.jpg,ddsm,train
0.52749085,1.5559814,1.4646028,2.3888712,2,malignant,Preprocessed_Dataset/ddsm/ddsm_6133.jpg,ddsm,train
2.2031107,0.8436605,1.1291289,1.6466209,0,normal,Preprocessed_Dataset/kau-bcmd/kau-bcmd_591.jpg,kau-bcmd,train
1.8203406,0.7631514,1.0203733,1.3069768,0,normal,Preprocessed_Dataset/ddsm/ddsm_1633.jpg,ddsm,train
0.64218986,1.5569993,1.485451,2.2887363,2,malignant,Preprocessed_Dataset/ddsm/ddsm_3713.jpg,ddsm,train
0.91098374,0.5279387,0.092568755,1.4522458,0,normal,Preprocessed_Dataset/dmid/dmid_193.jpg,dmid,train
0.4508586,1.4222993,0.9007249,1.9771858,2,malignant,Preprocessed_Dataset/cdd-cesm/cdd-cesm_701.jpg,cdd-cesm,train
2.3616872,1.6327564,1.8417094,1.0646697,1,benign,Preprocessed_Dataset/ddsm/ddsm_8131.jpg,ddsm,train
2.3121371,1.6247773,1.8736317,1.0317919,1,benign,Preprocessed_Dataset/ddsm/ddsm_6494.jpg,ddsm,train
0.5794163,1.4357297,1.4886996,1.8101983,2,malignant,Preprocessed_Dataset/cmmd/cmmd_2712.jpg,cmmd,train
2.5774972,1.6221919,1.8449965,0.9442437,1,benign,Preprocessed_Dataset/ddsm/ddsm_6964.jpg,ddsm,train
1.8925788,0.31770647,0.77499247,1.3352395,0,normal,Preprocessed_Dataset/ddsm/ddsm_789.jpg,ddsm,train
2.5567713,1.3875945,1.8573587,0.39883792,1,benign,Preprocessed_Dataset/cmmd/cmmd_2338.jpg,cmmd,train
2.3653169,1.5977323,1.8829473,1.0744826,1,benign,Preprocessed_Dataset/ddsm/ddsm_8778.jpg,ddsm,train
0.6102139,1.510875,1.4661416,2.2908149,2,malignant,Preprocessed_Dataset/ddsm/ddsm_5166.jpg,ddsm,train
2.2671764,1.6344472,1.8984463,1.0901814,1,benign,Preprocessed_Dataset/ddsm/ddsm_10359.jpg,ddsm,train
0.450516,1.3173363,1.6011883,1.8391806,2,malignant,Preprocessed_Dataset/cmmd/cmmd_4560.jpg,cmmd,train
1.7301012,0.22977638,0.7280812,1.4501078,0,normal,Preprocessed_Dataset/ddsm/ddsm_1688.jpg,ddsm,train
0.7489002,1.4661161,1.4382775,2.2754247,2,malignant,Preprocessed_Dataset/ddsm/ddsm_3884.jpg,ddsm,train
1.301086,1.1823435,0.5976365,1.2350188,1,benign,Preprocessed_Dataset/dmid/dmid_47.jpg,dmid,train
1.8066181,1.9655457,1.3693999,0.8413778,1,benign,Preprocessed_Dataset/dmid/dmid_70.jpg,dmid,train
2.200605,1.431169,1.7760831,1.2170391,1,benign,Preprocessed_Dataset/ddsm/ddsm_9951.jpg,ddsm,train
0.4370867,1.3130063,1.547136,1.907792,2,malignant,Preprocessed_Dataset/cmmd/cmmd_1456.jpg,cmmd,train
0.26322675,1.5639691,0.88855666,2.0968344,2,malignant,Preprocessed_Dataset/cdd-cesm/cdd-cesm_851.jpg,cdd-cesm,train
0.5499028,1.2709796,1.5742089,1.8724765,2,malignant,Preprocessed_Dataset/cmmd/cmmd_1730.jpg,cmmd,train
0.44723737,1.2471638,1.5767577,1.9139477,2,malignant,Preprocessed_Dataset/cmmd/cmmd_3508.jpg,cmmd,train
2.5332122,1.651912,1.726202,0.95175886,1,benign,Preprocessed_Dataset/ddsm/ddsm_6434.jpg,ddsm,train
2.4382005,1.6491764,1.927259,0.945492,1,benign,Preprocessed_Dataset/ddsm/ddsm_10150.jpg,ddsm,train
0.6353283,1.2861058,1.5180614,1.8219173,2,malignant,Preprocessed_Dataset/cmmd/cmmd_1144.jpg,cmmd,train
2.2536743,0.6792191,1.1246965,1.6006751,0,normal,Preprocessed_Dataset/kau-bcmd/kau-bcmd_424.jpg,kau-bcmd,train
0.71648884,1.5534279,1.6422948,2.1513257,2,malignant,Preprocessed_Dataset/ddsm/ddsm_3837.jpg,ddsm,train
1.4660108,1.5099598,1.8446739,1.2519513,2,malignant,Preprocessed_Dataset/cmmd/cmmd_3298.jpg,cmmd,train
0.59416854,1.2570087,1.5199482,1.8138541,2,malignant,Preprocessed_Dataset/cmmd/cmmd_3830.jpg,cmmd,train
1.6410755,0.39598227,0.8119237,1.5254381,0,normal,Preprocessed_Dataset/ddsm/ddsm_1792.jpg,ddsm,train
0.5036305,1.2404389,1.4196223,1.8605418,2,malignant,Preprocessed_Dataset/cmmd/cmmd_3640.jpg,cmmd,train
0.6604792,1.5008714,1.5522101,2.2416618,2,malignant,Preprocessed_Dataset/ddsm/ddsm_6407.jpg,ddsm,train
2.4835155,1.6177986,1.9014091,0.9854031,1,benign,Preprocessed_Dataset/ddsm/ddsm_7354.jpg,ddsm,train
2.5561972,1.1341127,1.5354139,1.3592882,0,normal,Preprocessed_Dataset/kau-bcmd/kau-bcmd_737.jpg,kau-bcmd,train
2.3025289,1.6524506,2.7914815,1.5578973,1,benign,Preprocessed_Dataset/inbreast/inbreast_395.jpg,inbreast,train
2.1262696,0.8084464,1.1820456,1.6141396,0,normal,Preprocessed_Dataset/kau-bcmd/kau-bcmd_1724.jpg,kau-bcmd,train
1.0156541,1.378844,1.3745083,1.9420698,2,malignant,Preprocessed_Dataset/ddsm/ddsm_6308.jpg,ddsm,train
1.7960484,0.27051103,0.6872646,1.5321513,0,normal,Preprocessed_Dataset/ddsm/ddsm_1548.jpg,ddsm,train
1.775125,0.74932057,1.1226045,1.4473989,1,benign,Preprocessed_Dataset/ddsm/ddsm_8390.jpg,ddsm,train
2.6815047,1.7452574,2.004726,0.91593087,1,benign,Preprocessed_Dataset/ddsm/ddsm_7316.jpg,ddsm,train
2.3550565,1.6689122,1.8688742,1.0669572,1,benign,Preprocessed_Dataset/ddsm/ddsm_10206.jpg,ddsm,train
1.4937806,0.19299889,0.6428349,1.6586481,0,normal,Preprocessed_Dataset/ddsm/ddsm_661.jpg,ddsm,train
1.7798823,0.35100424,0.83914745,1.4173154,0,normal,Preprocessed_Dataset/ddsm/ddsm_1213.jpg,ddsm,train
2.591024,2.0799775,2.2433066,1.4319613,1,benign,Preprocessed_Dataset/kau-bcmd/kau-bcmd_84.jpg,kau-bcmd,train
0.6707455,1.2563944,1.5538428,1.6371416,2,malignant,Preprocessed_Dataset/cmmd/cmmd_4048.jpg,cmmd,train
0.76650655,1.5542282,1.4916322,2.1724758,2,malignant,Preprocessed_Dataset/ddsm/ddsm_4260.jpg,ddsm,train
1.6072685,0.37371427,0.22446501,1.1816016,0,normal,Preprocessed_Dataset/cdd-cesm/cdd-cesm_579.jpg,cdd-cesm,train
2.9512715,1.079056,1.8687623,0.14558041,1,benign,Preprocessed_Dataset/cmmd/cmmd_3614.jpg,cmmd,train
2.489643,1.7439933,2.0556462,1.0096781,1,benign,Preprocessed_Dataset/ddsm/ddsm_7213.jpg,ddsm,train
2.3911896,0.72887677,1.1477627,1.5675821,0,normal,Preprocessed_Dataset/kau-bcmd/kau-bcmd_771.jpg,kau-bcmd,train
1.4437594,0.9019513,1.2516594,1.7151512,0,normal,Preprocessed_Dataset/ddsm/ddsm_175.jpg,ddsm,train
1.775995,0.23182309,0.66215956,1.5220082,0,normal,Preprocessed_Dataset/ddsm/ddsm_640.jpg,ddsm,train
2.1771598,0.7254637,1.0721812,1.6190282,0,normal,Preprocessed_Dataset/kau-bcmd/kau-bcmd_30.jpg,kau-bcmd,train
2.1363323,1.4090277,1.7746265,1.2862728,1,benign,Preprocessed_Dataset/ddsm/ddsm_6907.jpg,ddsm,train
2.4585247,0.63589674,1.1884184,1.4078021,0,normal,Preprocessed_Dataset/kau-bcmd/kau-bcmd_627.jpg,kau-bcmd,train
2.373269,1.6009159,1.846055,0.9931427,1,benign,Preprocessed_Dataset/ddsm/ddsm_7726.jpg,ddsm,train
1.6499573,0.24258733,0.6815428,1.523903,0,normal,Preprocessed_Dataset/ddsm/ddsm_2631.jpg,ddsm,train
1.2534052,0.42290014,0.2058506,1.232178,0,normal,Preprocessed_Dataset/dmid/dmid_207.jpg,dmid,train
1.5562121,0.9310633,1.2469169,1.443749,0,normal,Preprocessed_Dataset/ddsm/ddsm_380.jpg,ddsm,train
1.7309048,0.23361635,0.6826559,1.4664203,0,normal,Preprocessed_Dataset/ddsm/ddsm_1904.jpg,ddsm,train
2.3992863,2.1396422,1.6501324,0.6720842,1,benign,Preprocessed_Dataset/dmid/dmid_459.jpg,dmid,train
1.6507739,0.37664604,0.80374354,1.4949304,0,normal,Preprocessed_Dataset/ddsm/ddsm_1593.jpg,ddsm,train
1.7767599,1.1187227,1.3779732,1.4588591,1,benign,Preprocessed_Dataset/ddsm/ddsm_8627.jpg,ddsm,train
1.701463,0.21427214,0.6532759,1.4666964,0,normal,Preprocessed_Dataset/ddsm/ddsm_148.jpg,ddsm,train
0.59481597,1.4122579,1.4241267,2.2797163,2,malignant,Preprocessed_Dataset/ddsm/ddsm_5119.jpg,ddsm,train
1.7154772,1.6971802,1.8127428,1.6233103,1,benign,Preprocessed_Dataset/ddsm/ddsm_6811.jpg,ddsm,train
2.2738345,1.9201784,1.3767959,0.73890597,1,benign,Preprocessed_Dataset/cdd-cesm/cdd-cesm_920.jpg,cdd-cesm,train
2.3368573,1.7087344,1.9129665,1.0104936,1,benign,Preprocessed_Dataset/ddsm/ddsm_7053.jpg,ddsm,train
2.4260466,0.71160185,1.1652516,1.5617926,0,normal,Preprocessed_Dataset/kau-bcmd/kau-bcmd_166.jpg,kau-bcmd,train
2.3530927,1.4875466,1.7642586,0.960007,1,benign,Preprocessed_Dataset/ddsm/ddsm_8964.jpg,ddsm,train
2.2213612,0.6937162,1.1439759,1.6143048,0,normal,Preprocessed_Dataset/kau-bcmd/kau-bcmd_2166.jpg,kau-bcmd,train
2.3991234,1.6367791,1.8321102,0.98998797,1,benign,Preprocessed_Dataset/ddsm/ddsm_7020.jpg,ddsm,train
2.298316,1.6370838,1.9663677,0.97628355,1,benign,Preprocessed_Dataset/ddsm/ddsm_9199.jpg,ddsm,train
0.50597537,1.248645,1.5194739,1.9021182,2,malignant,Preprocessed_Dataset/cmmd/cmmd_1433.jpg,cmmd,train
1.6231058,1.560246,1.8661683,1.5278082,1,benign,Preprocessed_Dataset/ddsm/ddsm_8856.jpg,ddsm,train
2.3843179,1.7965477,2.068744,1.0573236,1,benign,Preprocessed_Dataset/ddsm/ddsm_7089.jpg,ddsm,train
2.4427857,1.6523427,1.8837852,1.0433168,1,benign,Preprocessed_Dataset/ddsm/ddsm_9693.jpg,ddsm,train
1.7216578,0.40507144,0.85124373,1.476705,0,normal,Preprocessed_Dataset/ddsm/ddsm_1461.jpg,ddsm,train
2.7064776,2.7213113,2.8188894,1.2370901,1,benign,Preprocessed_Dataset/kau-bcmd/kau-bcmd_1621.jpg,kau-bcmd,train
2.2933385,0.68987393,1.150853,1.6682451,0,normal,Preprocessed_Dataset/kau-bcmd/kau-bcmd_336.jpg,kau-bcmd,train
2.335945,1.6935848,1.4340999,0.66886026,1,benign,Preprocessed_Dataset/cdd-cesm/cdd-cesm_362.jpg,cdd-cesm,train
1.8118116,1.4609678,1.6560973,1.517725,1,benign,Preprocessed_Dataset/ddsm/ddsm_8250.jpg,ddsm,train
0.52850544,1.3385491,1.6234984,1.8168048,2,malignant,Preprocessed_Dataset/cmmd/cmmd_1474.jpg,cmmd,train
2.8582482,1.2224773,1.8692133,0.26960492,1,benign,Preprocessed_Dataset/cmmd/cmmd_2227.jpg,cmmd,train
2.321588,0.575237,1.0710099,1.6115636,0,normal,Preprocessed_Dataset/kau-bcmd/kau-bcmd_256.jpg,kau-bcmd,train
0.37264502,1.2610836,1.4968715,1.8704636,2,malignant,Preprocessed_Dataset/cmmd/cmmd_3798.jpg,cmmd,train
2.3215935,0.78503096,1.1999489,1.5963833,0,normal,Preprocessed_Dataset/kau-bcmd/kau-bcmd_469.jpg,kau-bcmd,train
2.4101288,1.6503887,1.861614,1.0218807,1,benign,Preprocessed_Dataset/ddsm/ddsm_9330.jpg,ddsm,train
2.3912084,1.6723769,1.8628808,1.1254734,1,benign,Preprocessed_Dataset/ddsm/ddsm_8229.jpg,ddsm,train
1.7604232,0.07837677,0.67283237,1.4693751,0,normal,Preprocessed_Dataset/ddsm/ddsm_1034.jpg,ddsm,train
2.2738297,1.6147763,1.8707871,1.0690697,1,benign,Preprocessed_Dataset/ddsm/ddsm_8638.jpg,ddsm,train
0.70006716,1.422094,1.5576382,2.1570005,2,malignant,Preprocessed_Dataset/ddsm/ddsm_5138.jpg,ddsm,train
0.41525865,1.2705847,1.5442345,1.8906858,2,malignant,Preprocessed_Dataset/cmmd/cmmd_1774.jpg,cmmd,train
0.37462962,1.2116151,1.5188787,1.9717399,2,malignant,Preprocessed_Dataset/cmmd/cmmd_896.jpg,cmmd,train
2.257685,0.65119684,1.2867737,1.6291013,0,normal,Preprocessed_Dataset/kau-bcmd/kau-bcmd_219.jpg,kau-bcmd,train
2.4045432,1.4298395,1.677653,1.1321001,1,benign,Preprocessed_Dataset/ddsm/ddsm_8210.jpg,ddsm,train
2.3448064,1.672221,1.2033396,0.7055236,1,benign,Preprocessed_Dataset/cdd-cesm/cdd-cesm_927.jpg,cdd-cesm,train
0.7038083,1.5087228,1.533561,2.2166364,2,malignant,Preprocessed_Dataset/ddsm/ddsm_3313.jpg,ddsm,train
0.8102674,1.0979992,1.4405395,1.8171414,2,malignant,Preprocessed_Dataset/cmmd/cmmd_3489.jpg,cmmd,train
1.7320005,0.19659054,0.7336395,1.5005826,0,normal,Preprocessed_Dataset/ddsm/ddsm_2000.jpg,ddsm,train
2.8218474,3.141593,3.1415927,1.0555277,1,benign,Preprocessed_Dataset/kau-bcmd/kau-bcmd_804.jpg,kau-bcmd,train
0.3169936,1.3367823,1.4701494,1.9458318,2,malignant,Preprocessed_Dataset/cmmd/cmmd_741.jpg,cmmd,train
1.7281243,0.33130455,0.7785954,1.4972513,0,normal,Preprocessed_Dataset/ddsm/ddsm_472.jpg,ddsm,train
0.63332427,1.5050468,1.5540099,2.266746,2,malignant,Preprocessed_Dataset/ddsm/ddsm_5551.jpg,ddsm,train
2.74862,1.2809521,1.7890668,0.278885,1,benign,Preprocessed_Dataset/cmmd/cmmd_712.jpg,cmmd,train
0.4902624,1.5283985,1.5948651,2.3708453,2,malignant,Preprocessed_Dataset/ddsm/ddsm_4829.jpg,ddsm,train
2.3610756,1.5698103,1.8774703,1.0815879,1,benign,Preprocessed_Dataset/ddsm/ddsm_6681.jpg,ddsm,train
0.5720395,1.5927387,1.5519229,2.314227,2,malignant,Preprocessed_Dataset/ddsm/ddsm_3954.jpg,ddsm,train
2.3039138,1.6230026,1.9049213,1.0959852,1,benign,Preprocessed_Dataset/ddsm/ddsm_7221.jpg,ddsm,train
0.5931587,1.493751,1.5334799,2.262271,2,malignant,Preprocessed_Dataset/ddsm/ddsm_5446.jpg,ddsm,train
2.4411662,1.6234819,1.9209518,1.040632,1,benign,Preprocessed_Dataset/ddsm/ddsm_7949.jpg,ddsm,train
1.6975566,0.2166661,0.7312062,1.4485096,0,normal,Preprocessed_Dataset/ddsm/ddsm_1481.jpg,ddsm,train
0.20122385,1.113875,1.9460752,2.839879,2,malignant,Preprocessed_Dataset/inbreast/inbreast_184.jpg,inbreast,train
2.5719817,1.8609126,2.1315017,0.82320577,1,benign,Preprocessed_Dataset/ddsm/ddsm_9796.jpg,ddsm,train
0.9676626,0.4154266,0.0155284405,1.4600179,0,normal,Preprocessed_Dataset/dmid/dmid_264.jpg,dmid,train
0.76549876,1.5383652,1.5090582,2.153488,2,malignant,Preprocessed_Dataset/ddsm/ddsm_2940.jpg,ddsm,train
2.4328594,1.6434109,1.9134207,1.0047077,1,benign,Preprocessed_Dataset/ddsm/ddsm_6796.jpg,ddsm,train
0.56928205,1.5645463,1.5149668,2.2590966,2,malignant,Preprocessed_Dataset/ddsm/ddsm_2839.jpg,ddsm,train
0.74037266,1.35859,1.6182008,1.7929677,2,malignant,Preprocessed_Dataset/cmmd/cmmd_1326.jpg,cmmd,train
2.446126,1.7940934,2.981192,1.4990078,1,benign,Preprocessed_Dataset/inbreast/inbreast_108.jpg,inbreast,train
2.3534677,1.6529365,1.8041042,0.9671527,1,benign,Preprocessed_Dataset/ddsm/ddsm_9496.jpg,ddsm,train
2.5485823,1.6531813,1.9518173,0.9346779,1,benign,Preprocessed_Dataset/ddsm/ddsm_8949.jpg,ddsm,train
1.8768847,2.2145507,1.5203294,0.82352185,1,benign,Preprocessed_Dataset/dmid/dmid_20.jpg,dmid,train
0.46465003,1.2955084,1.4447267,1.8702229,2,malignant,Preprocessed_Dataset/cmmd/cmmd_3701.jpg,cmmd,train
1.7386161,0.9314569,1.20649,1.5362266,1,benign,Preprocessed_Dataset/ddsm/ddsm_6776.jpg,ddsm,train
0.5804236,1.5488467,1.3922105,2.349803,2,malignant,Preprocessed_Dataset/ddsm/ddsm_3071.jpg,ddsm,train
0.2901355,1.3163762,1.5481869,1.9547584,2,malignant,Preprocessed_Dataset/cmmd/cmmd_3427.jpg,cmmd,train
2.3212106,1.693105,1.9099109,1.1468059,1,benign,Preprocessed_Dataset/ddsm/ddsm_9597.jpg,ddsm,train
2.3187509,1.6567776,1.8959438,1.1048361,1,benign,Preprocessed_Dataset/ddsm/ddsm_8289.jpg,ddsm,train
1.6310462,0.3641194,0.82832897,1.5179908,0,normal,Preprocessed_Dataset/ddsm/ddsm_309.jpg,ddsm,train
2.0390365,1.3661501,1.5198703,0.88898,1,benign,Preprocessed_Dataset/cmmd/cmmd_1929.jpg,cmmd,train
2.3865623,1.6789341,1.9028351,1.047079,1,benign,Preprocessed_Dataset/ddsm/ddsm_8344.jpg,ddsm,train
2.6521122,1.2023077,1.8867242,0.3475572,1,benign,Preprocessed_Dataset/cmmd/cmmd_437.jpg,cmmd,train
0.657552,1.5943168,1.5582368,2.2818515,2,malignant,Preprocessed_Dataset/ddsm/ddsm_3676.jpg,ddsm,train
0.3931377,1.2039018,1.4897404,1.9221117,2,malignant,Preprocessed_Dataset/cmmd/cmmd_3937.jpg,cmmd,train
2.557766,1.527131,1.9558357,1.4347749,0,normal,Preprocessed_Dataset/kau-bcmd/kau-bcmd_201.jpg,kau-bcmd,train
0.24194479,1.4320451,0.8994524,2.1280289,2,malignant,Preprocessed_Dataset/cdd-cesm/cdd-cesm_601.jpg,cdd-cesm,train
1.693427,0.2473234,0.68540937,1.5215071,0,normal,Preprocessed_Dataset/ddsm/ddsm_1251.jpg,ddsm,train
0.38607633,1.4683255,0.92256796,2.0425835,2,malignant,Preprocessed_Dataset/cdd-cesm/cdd-cesm_406.jpg,cdd-cesm,train
2.3432024,0.65143746,1.1257885,1.5316044,0,normal,Preprocessed_Dataset/kau-bcmd/kau-bcmd_855.jpg,kau-bcmd,train
2.4731727,1.5824301,1.9169216,0.9388288,1,benign,Preprocessed_Dataset/ddsm/ddsm_9983.jpg,ddsm,train
1.5865458,0.16655612,0.6509495,1.6013283,0,normal,Preprocessed_Dataset/ddsm/ddsm_180.jpg,ddsm,train
2.610293,1.5974488,1.9511106,0.875002,1,benign,Preprocessed_Dataset/ddsm/ddsm_10312.jpg,ddsm,train
0.6536385,1.0956609,1.5432024,1.7892838,2,malignant,Preprocessed_Dataset/cmmd/cmmd_4003.jpg,cmmd,train
2.5003748,1.674258,1.8493872,0.94200367,1,benign,Preprocessed_Dataset/ddsm/ddsm_6670.jpg,ddsm,train
0.5833279,1.567324,1.553372,2.2443454,2,malignant,Preprocessed_Dataset/ddsm/ddsm_6080.jpg,ddsm,train
2.7262654,1.2679307,1.8640635,0.3323717,1,benign,Preprocessed_Dataset/cmmd/cmmd_2411.jpg,cmmd,train
1.839664,0.24920332,0.7120081,1.3626387,0,normal,Preprocessed_Dataset/ddsm/ddsm_450.jpg,ddsm,train
0.8149044,1.6141273,1.487579,2.2680674,2,malignant,Preprocessed_Dataset/ddsm/ddsm_5348.jpg,ddsm,train
1.7086134,0.35946965,0.7436624,1.4260545,0,normal,Preprocessed_Dataset/ddsm/ddsm_2160.jpg,ddsm,train
1.8491488,0.28132027,0.7583961,1.4312474,0,normal,Preprocessed_Dataset/ddsm/ddsm_1088.jpg,ddsm,train
2.421124,1.9301686,2.181683,0.99660826,1,benign,Preprocessed_Dataset/ddsm/ddsm_8646.jpg,ddsm,train
1.7104186,0.32698143,0.6830038,1.5113049,0,normal,Preprocessed_Dataset/ddsm/ddsm_1195.jpg,ddsm,train
0.65195274,1.5354077,1.5608594,2.2867384,2,malignant,Preprocessed_Dataset/ddsm/ddsm_3576.jpg,ddsm,train
0.7327529,1.4400511,1.4607476,2.1690679,2,malignant,Preprocessed_Dataset/ddsm/ddsm_3242.jpg,ddsm,train
1.6106403,0.19003034,0.0,1.0976963,0,normal,Preprocessed_Dataset/cdd-cesm/cdd-cesm_947.jpg,cdd-cesm,train
1.8644497,0.43854952,0.8795914,1.437249,0,normal,Preprocessed_Dataset/ddsm/ddsm_2715.jpg,ddsm,train
1.4573345,1.4024622,1.9392549,1.1648912,1,benign,Preprocessed_Dataset/cmmd/cmmd_404.jpg,cmmd,train
0.16779709,1.7117041,1.628687,2.5756025,2,malignant,Preprocessed_Dataset/ddsm/ddsm_3803.jpg,ddsm,train
0.43982792,1.2739009,1.4722681,1.9238005,2,malignant,Preprocessed_Dataset/cmmd/cmmd_3883.jpg,cmmd,train
2.6917064,2.952496,2.9670296,1.1563678,1,benign,Preprocessed_Dataset/kau-bcmd/kau-bcmd_691.jpg,kau-bcmd,train
0.31720984,1.2424319,1.5635273,1.988152,2,malignant,Preprocessed_Dataset/cmmd/cmmd_98.jpg,cmmd,train
0.89667904,1.281329,1.405073,1.7168192,2,malignant,Preprocessed_Dataset/cmmd/cmmd_1455.jpg,cmmd,train
2.9837446,1.1912597,1.862766,0.06960797,1,benign,Preprocessed_Dataset/cmmd/cmmd_2323.jpg,cmmd,train
0.75030625,1.5271428,1.4460077,2.2549245,2,malignant,Preprocessed_Dataset/ddsm/ddsm_4604.jpg,ddsm,train
1.3609554,1.4254012,1.010996,1.3845788,2,malignant,Preprocessed_Dataset/cdd-cesm/cdd-cesm_569.jpg,cdd-cesm,train
1.6261029,0.43503654,0.76738995,1.5726194,0,normal,Preprocessed_Dataset/ddsm/ddsm_1235.jpg,ddsm,train
2.3243682,1.5752302,1.8407738,1.104281,1,benign,Preprocessed_Dataset/ddsm/ddsm_9034.jpg,ddsm,train
0.3930483,1.2528827,1.6389621,1.9280548,2,malignant,Preprocessed_Dataset/cmmd/cmmd_1339.jpg,cmmd,train
2.3719041,0.7268664,1.1059161,1.5673993,0,normal,Preprocessed_Dataset/kau-bcmd/kau-bcmd_1835.jpg,kau-bcmd,train
2.7697444,1.1599896,1.8780823,0.24902439,1,benign,Preprocessed_Dataset/cmmd/cmmd_1810.jpg,cmmd,train
0.5461379,1.5555801,0.9834863,2.0120478,2,malignant,Preprocessed_Dataset/cdd-cesm/cdd-cesm_617.jpg,cdd-cesm,train
1.6875248,0.22393608,0.71908873,1.5621858,0,normal,Preprocessed_Dataset/ddsm/ddsm_1137.jpg,ddsm,train
0.54273534,1.2911242,1.5379562,1.8837646,2,malignant,Preprocessed_Dataset/cmmd/cmmd_1828.jpg,cmmd,train
2.1897326,1.2367636,1.5286224,1.4329971,0,normal,Preprocessed_Dataset/kau-bcmd/kau-bcmd_593.jpg,kau-bcmd,train
0.514624,1.6110499,1.4911329,2.3461075,2,malignant,Preprocessed_Dataset/ddsm/ddsm_6382.jpg,ddsm,train
0.57244563,1.6560979,1.5686553,2.4311445,2,malignant,Preprocessed_Dataset/ddsm/ddsm_5069.jpg,ddsm,train
2.342484,0.733345,1.124655,1.506752,0,normal,Preprocessed_Dataset/kau-bcmd/kau-bcmd_1743.jpg,kau-bcmd,train
2.179021,1.6070247,1.8997529,1.1969416,1,benign,Preprocessed_Dataset/ddsm/ddsm_8475.jpg,ddsm,train
2.6930175,1.2512364,1.8205833,0.3423468,1,benign,Preprocessed_Dataset/cmmd/cmmd_611.jpg,cmmd,train
0.2859565,1.255114,1.3927487,1.9895968,2,malignant,Preprocessed_Dataset/cmmd/cmmd_2630.jpg,cmmd,train
1.9279488,0.95775163,1.3236707,1.3509333,0,normal,Preprocessed_Dataset/ddsm/ddsm_2499.jpg,ddsm,train
2.2844458,0.7475519,1.1309793,1.6120125,0,normal,Preprocessed_Dataset/kau-bcmd/kau-bcmd_809.jpg,kau-bcmd,train
2.3630815,0.7273216,1.1744202,1.5964732,0,normal,Preprocessed_Dataset/kau-bcmd/kau-bcmd_982.jpg,kau-bcmd,train
2.6581175,1.4858174,1.7695439,0.8534594,1,benign,Preprocessed_Dataset/ddsm/ddsm_7512.jpg,ddsm,train
1.5271325,1.479115,1.5800571,1.6325732,2,malignant,Preprocessed_Dataset/ddsm/ddsm_3796.jpg,ddsm,train
2.435266,1.587572,1.7901946,1.0008376,1,benign,Preprocessed_Dataset/ddsm/ddsm_7464.jpg,ddsm,train
0.48790216,1.2683046,1.552405,1.7722244,2,malignant,Preprocessed_Dataset/cmmd/cmmd_4482.jpg,cmmd,train
1.9686074,0.18418741,0.77906805,1.3507369,0,normal,Preprocessed_Dataset/ddsm/ddsm_750.jpg,ddsm,train
0.7673012,1.5803614,1.6025537,2.2629452,2,malignant,Preprocessed_Dataset/ddsm/ddsm_3501.jpg,ddsm,train
0.5746218,1.2491655,1.482474,1.8915075,2,malignant,Preprocessed_Dataset/cmmd/cmmd_2938.jpg,cmmd,train
1.9677976,0.308411,0.71042943,1.2772173,0,normal,Preprocessed_Dataset/ddsm/ddsm_2642.jpg,ddsm,train
1.548618,1.1082921,1.3371506,1.5760663,0,normal,Preprocessed_Dataset/ddsm/ddsm_2461.jpg,ddsm,train
1.6999323,0.53016096,0.814559,1.5043342,0,normal,Preprocessed_Dataset/ddsm/ddsm_1188.jpg,ddsm,train
2.47001,1.6319411,1.9462377,1.0021175,1,benign,Preprocessed_Dataset/ddsm/ddsm_9937.jpg,ddsm,train
2.531489,2.9426537,2.9213014,1.2479358,1,benign,Preprocessed_Dataset/kau-bcmd/kau-bcmd_935.jpg,kau-bcmd,train
0.64105844,1.2195231,1.5330628,1.8001149,2,malignant,Preprocessed_Dataset/cmmd/cmmd_4147.jpg,cmmd,train
0.8411954,1.4342145,1.400451,2.2312503,2,malignant,Preprocessed_Dataset/ddsm/ddsm_3088.jpg,ddsm,train
2.0705607,0.77598166,1.2058007,1.6616266,0,normal,Preprocessed_Dataset/kau-bcmd/kau-bcmd_634.jpg,kau-bcmd,train
2.2980473,1.5840232,2.5971284,1.5525165,1,benign,Preprocessed_Dataset/inbreast/inbreast_240.jpg,inbreast,train
2.1918721,0.6059917,1.0323664,1.5936891,0,normal,Preprocessed_Dataset/kau-bcmd/kau-bcmd_115.jpg,kau-bcmd,train
0.34774268,1.4950961,1.4663574,2.4294703,2,malignant,Preprocessed_Dataset/ddsm/ddsm_3919.jpg,ddsm,train
0.3751508,1.1789539,1.3694443,1.9249382,2,malignant,Preprocessed_Dataset/cmmd/cmmd_3940.jpg,cmmd,train
1.7259649,0.31807458,0.71901345,1.4789735,0,normal,Preprocessed_Dataset/ddsm/ddsm_1816.jpg,ddsm,train
1.1846179,0.418351,0.06622958,1.3374534,0,normal,Preprocessed_Dataset/dmid/dmid_238.jpg,dmid,train
2.3345773,1.5446111,1.9647785,1.0431325,1,benign,Preprocessed_Dataset/ddsm/ddsm_6767.jpg,ddsm,train
1.7299811,1.0177516,1.3739703,1.3789598,0,normal,Preprocessed_Dataset/ddsm/ddsm_1479.jpg,ddsm,train
1.1381669,0.444646,0.04395485,1.337427,0,normal,Preprocessed_Dataset/dmid/dmid_379.jpg,dmid,train
2.3862653,1.5882695,1.7913802,1.0110008,1,benign,Preprocessed_Dataset/ddsm/ddsm_8540.jpg,ddsm,train
0.50310147,1.3113546,1.5650196,1.7658156,2,malignant,Preprocessed_Dataset/cmmd/cmmd_3190.jpg,cmmd,train
1.7417524,0.3264802,0.7615846,1.5322797,0,normal,Preprocessed_Dataset/ddsm/ddsm_455.jpg,ddsm,train
2.3045714,1.923387,2.1024702,0.99720067,1,benign,Preprocessed_Dataset/ddsm/ddsm_10397.jpg,ddsm,train
2.2510996,1.7109787,1.31516,0.7585079,1,benign,Preprocessed_Dataset/cdd-cesm/cdd-cesm_465.jpg,cdd-cesm,train
0.7452712,1.5142816,1.4367179,2.2117953,2,malignant,Preprocessed_Dataset/ddsm/ddsm_5372.jpg,ddsm,train
1.6693432,0.2797159,0.6730305,1.5121939,0,normal,Preprocessed_Dataset/ddsm/ddsm_2540.jpg,ddsm,train
2.3369026,1.5321363,1.82329,1.0371062,1,benign,Preprocessed_Dataset/ddsm/ddsm_10277.jpg,ddsm,train
1.8261566,0.29822302,0.81073874,1.3796959,0,normal,Preprocessed_Dataset/ddsm/ddsm_2112.jpg,ddsm,train
1.4072127,1.3902514,1.5172412,1.8059065,2,malignant,Preprocessed_Dataset/ddsm/ddsm_6109.jpg,ddsm,train
2.471555,1.6320652,1.9644315,0.94224983,1,benign,Preprocessed_Dataset/ddsm/ddsm_6949.jpg,ddsm,train
2.2738793,1.6623188,1.8281275,1.126705,1,benign,Preprocessed_Dataset/ddsm/ddsm_6679.jpg,ddsm,train
2.3056562,0.6787886,1.1436943,1.5947425,0,normal,Preprocessed_Dataset/kau-bcmd/kau-bcmd_1218.jpg,kau-bcmd,train
1.3494873,1.3142428,1.6287644,1.1995387,2,malignant,Preprocessed_Dataset/cmmd/cmmd_880.jpg,cmmd,train
2.321037,0.7362882,1.2291431,1.5753529,0,normal,Preprocessed_Dataset/kau-bcmd/kau-bcmd_129.jpg,kau-bcmd,train
1.0811896,0.5855543,0.18257332,1.2860543,0,normal,Preprocessed_Dataset/dmid/dmid_237.jpg,dmid,train
0.6551361,1.9368052,1.9639354,2.2613873,2,malignant,Preprocessed_Dataset/ddsm/ddsm_4978.jpg,ddsm,train
0.6103748,1.5205902,1.5565817,2.2889323,2,malignant,Preprocessed_Dataset/ddsm/ddsm_5174.jpg,ddsm,train
0.51930034,1.2566928,1.567268,1.8212066,2,malignant,Preprocessed_Dataset/cmmd/cmmd_2573.jpg,cmmd,train
2.3884487,0.75670874,1.2237629,1.5288733,0,normal,Preprocessed_Dataset/kau-bcmd/kau-bcmd_1580.jpg,kau-bcmd,train
0.55572546,1.4434854,1.5085894,2.3859842,2,malignant,Preprocessed_Dataset/ddsm/ddsm_6077.jpg,ddsm,train
0.6006707,1.3556701,1.4454651,2.2694683,2,malignant,Preprocessed_Dataset/ddsm/ddsm_3534.jpg,ddsm,train
2.352564,0.68046856,1.1423794,1.5250684,0,normal,Preprocessed_Dataset/kau-bcmd/kau-bcmd_298.jpg,kau-bcmd,train
1.9063914,0.17986822,0.678911,1.3792237,0,normal,Preprocessed_Dataset/ddsm/ddsm_2166.jpg,ddsm,train
2.892181,1.3586797,2.0100412,0.11891568,1,benign,Preprocessed_Dataset/cmmd/cmmd_2347.jpg,cmmd,train
1.3431928,1.088652,1.1605966,1.7511969,0,normal,Preprocessed_Dataset/ddsm/ddsm_393.jpg,ddsm,train
0.6512618,1.5980275,1.6742964,2.2051823,2,malignant,Preprocessed_Dataset/ddsm/ddsm_5834.jpg,ddsm,train
2.5366728,1.6980948,1.9987835,0.9127925,1,benign,Preprocessed_Dataset/ddsm/ddsm_6902.jpg,ddsm,train
1.6338041,0.38246953,0.1746527,1.2727658,0,normal,Preprocessed_Dataset/cdd-cesm/cdd-cesm_911.jpg,cdd-cesm,train
1.8331164,0.3239575,0.77620625,1.3973428,0,normal,Preprocessed_Dataset/ddsm/ddsm_124.jpg,ddsm,train
1.8002385,0.27591646,0.73017836,1.3929353,0,normal,Preprocessed_Dataset/ddsm/ddsm_737.jpg,ddsm,train
0.0,1.1912321,2.0067463,3.141593,2,malignant,Preprocessed_Dataset/inbreast/inbreast_257.jpg,inbreast,train
2.8816853,1.3282411,1.9443212,0.27925777,1,benign,Preprocessed_Dataset/cmmd/cmmd_2147.jpg,cmmd,train
2.30643,0.6869305,1.1595058,1.5249245,0,normal,Preprocessed_Dataset/kau-bcmd/kau-bcmd_833.jpg,kau-bcmd,train
2.2635202,1.6099045,1.8363936,1.1446222,1,benign,Preprocessed_Dataset/ddsm/ddsm_7901.jpg,ddsm,train
0.58722734,1.5175555,1.4821049,2.1669538,2,malignant,Preprocessed_Dataset/ddsm/ddsm_3247.jpg,ddsm,train
1.6443369,1.433943,1.2600129,1.3027596,2,malignant,Preprocessed_Dataset/cdd-cesm/cdd-cesm_300.jpg,cdd-cesm,train
0.44706678,1.3073698,1.4942229,1.8940619,2,malignant,Preprocessed_Dataset/cmmd/cmmd_2536.jpg,cmmd,train
2.4253175,1.5624146,2.8382277,1.40733,1,benign,Preprocessed_Dataset/inbreast/inbreast_371.jpg,inbreast,train
0.5389646,1.5486488,1.5024706,2.316493,2,malignant,Preprocessed_Dataset/ddsm/ddsm_5068.jpg,ddsm,train
0.52366567,1.6448123,1.6584926,2.3205447,2,malignant,Preprocessed_Dataset/ddsm/ddsm_4627.jpg,ddsm,train
2.8164182,3.0005767,3.1341262,1.0643784,1,benign,Preprocessed_Dataset/kau-bcmd/kau-bcmd_1463.jpg,kau-bcmd,train
2.3649704,1.6474339,1.8572611,1.0220758,1,benign,Preprocessed_Dataset/ddsm/ddsm_7370.jpg,ddsm,train
0.6969459,1.1101096,1.3810303,1.8469763,2,malignant,Preprocessed_Dataset/cmmd/cmmd_2043.jpg,cmmd,train
2.4368682,1.6953298,2.0848057,1.0153993,1,benign,Preprocessed_Dataset/ddsm/ddsm_7485.jpg,ddsm,train
1.8940127,0.19040179,0.68167233,1.3326076,0,normal,Preprocessed_Dataset/ddsm/ddsm_1262.jpg,ddsm,train
2.2180533,0.78043425,1.1400869,1.6271964,0,normal,Preprocessed_Dataset/kau-bcmd/kau-bcmd_1652.jpg,kau-bcmd,train
0.526639,1.208982,1.5300611,1.9205686,2,malignant,Preprocessed_Dataset/cmmd/cmmd_4216.jpg,cmmd,train
1.4545743,0.0,0.53451854,1.5536273,0,normal,Preprocessed_Dataset/ddsm/ddsm_1659.jpg,ddsm,train
1.009673,1.250002,1.3173481,2.002716,2,malignant,Preprocessed_Dataset/ddsm/ddsm_5658.jpg,ddsm,train
1.3097632,0.6712895,0.8732166,1.7853317,1,benign,Preprocessed_Dataset/ddsm/ddsm_8682.jpg,ddsm,train
0.6227864,1.2864355,1.5277984,1.8589246,2,malignant,Preprocessed_Dataset/cmmd/cmmd_5188.jpg,cmmd,train
0.7077676,1.5459642,1.5858978,2.2278502,2,malignant,Preprocessed_Dataset/ddsm/ddsm_4155.jpg,ddsm,train
2.3952298,0.788341,1.1799339,1.5584272,0,normal,Preprocessed_Dataset/kau-bcmd/kau-bcmd_463.jpg,kau-bcmd,train
2.8637044,2.8863456,2.919351,1.0243139,1,benign,Preprocessed_Dataset/kau-bcmd/kau-bcmd_287.jpg,kau-bcmd,train
2.054913,1.2969294,1.5182589,1.3538003,0,normal,Preprocessed_Dataset/ddsm/ddsm_2625.jpg,ddsm,train
2.3269417,0.7603124,1.196632,1.5615038,0,normal,Preprocessed_Dataset/kau-bcmd/kau-bcmd_977.jpg,kau-bcmd,train
2.3138967,1.5632845,2.6208477,1.5099281,1,benign,Preprocessed_Dataset/inbreast/inbreast_256.jpg,inbreast,train
0.62224555,1.4513521,1.4783683,2.1923988,2,malignant,Preprocessed_Dataset/ddsm/ddsm_5723.jpg,ddsm,train
1.5699456,0.32796735,0.70817935,1.513821,0,normal,Preprocessed_Dataset/ddsm/ddsm_1379.jpg,ddsm,train
0.48891056,1.6929767,1.5629512,2.3489184,2,malignant,Preprocessed_Dataset/ddsm/ddsm_4185.jpg,ddsm,train
2.1515622,0.5403628,0.96470994,1.6282295,0,normal,Preprocessed_Dataset/kau-bcmd/kau-bcmd_210.jpg,kau-bcmd,train
0.059843183,1.1175693,1.4224548,2.0581448,2,malignant,Preprocessed_Dataset/cmmd/cmmd_2533.jpg,cmmd,train
0.9670576,1.1113554,1.306784,2.0067582,0,normal,Preprocessed_Dataset/ddsm/ddsm_2410.jpg,ddsm,train
0.5841025,1.2394506,1.568897,1.7686956,2,malignant,Preprocessed_Dataset/cmmd/cmmd_3527.jpg,cmmd,train
2.3310587,1.6620876,1.9112415,1.0983549,1,benign,Preprocessed_Dataset/ddsm/ddsm_10305.jpg,ddsm,train
1.648368,1.3000634,1.2300645,1.2164491,0,normal,Preprocessed_Dataset/cdd-cesm/cdd-cesm_95.jpg,cdd-cesm,train
0.3802725,1.2663337,1.4967675,1.9248087,2,malignant,Preprocessed_Dataset/cmmd/cmmd_3014.jpg,cmmd,train
2.3663955,1.443343,1.7296461,0.9895184,0,normal,Preprocessed_Dataset/ddsm/ddsm_2349.jpg,ddsm,train
1.9239241,0.35221547,0.8009618,1.4084202,0,normal,Preprocessed_Dataset/ddsm/ddsm_1240.jpg,ddsm,train
1.7348504,1.5321909,1.7180897,1.4989151,1,benign,Preprocessed_Dataset/ddsm/ddsm_6770.jpg,ddsm,train
2.5385056,1.5324436,1.8500001,0.9332534,1,benign,Preprocessed_Dataset/ddsm/ddsm_8752.jpg,ddsm,train
2.3922386,1.655066,1.9074733,1.0419952,1,benign,Preprocessed_Dataset/ddsm/ddsm_8419.jpg,ddsm,train
2.1053233,1.7863045,1.95537,1.316075,2,malignant,Preprocessed_Dataset/ddsm/ddsm_3956.jpg,ddsm,train
1.2316829,0.52592176,0.23481882,1.385283,0,normal,Preprocessed_Dataset/dmid/dmid_90.jpg,dmid,train
2.4241912,1.6205676,2.0709715,0.9085353,1,benign,Preprocessed_Dataset/ddsm/ddsm_6619.jpg,ddsm,train
1.5299561,0.4331832,0.90118444,1.7249956,0,normal,Preprocessed_Dataset/ddsm/ddsm_1531.jpg,ddsm,train
0.42613757,1.2188956,1.4787626,1.8666794,2,malignant,Preprocessed_Dataset/cmmd/cmmd_2041.jpg,cmmd,train
0.52169037,1.2565821,1.5092659,1.9104639,2,malignant,Preprocessed_Dataset/cmmd/cmmd_2851.jpg,cmmd,train
0.658463,1.4140984,1.5214596,2.1719248,2,malignant,Preprocessed_Dataset/ddsm/ddsm_4510.jpg,ddsm,train
1.7915976,0.471137,0.85126305,1.4499499,0,normal,Preprocessed_Dataset/ddsm/ddsm_66.jpg,ddsm,train
0.31290913,1.2513962,1.415799,1.9904795,2,malignant,Preprocessed_Dataset/cmmd/cmmd_262.jpg,cmmd,train
1.8131124,0.17319942,0.73373926,1.4175444,0,normal,Preprocessed_Dataset/ddsm/ddsm_2140.jpg,ddsm,train
1.8654125,0.3913926,0.88236433,1.3771781,0,normal,Preprocessed_Dataset/ddsm/ddsm_2430.jpg,ddsm,train
2.4866276,1.6666126,1.3018265,0.66672796,1,benign,Preprocessed_Dataset/cdd-cesm/cdd-cesm_210.jpg,cdd-cesm,train
2.0487728,1.6381046,2.0117545,1.2244153,1,benign,Preprocessed_Dataset/ddsm/ddsm_9803.jpg,ddsm,train
0.5372195,1.2429831,1.5513482,1.8064245,2,malignant,Preprocessed_Dataset/cmmd/cmmd_4076.jpg,cmmd,train
0.3554603,1.2802846,1.5316095,1.9560322,2,malignant,Preprocessed_Dataset/cmmd/cmmd_2761.jpg,cmmd,train
2.4864674,1.7464252,1.979205,1.0306144,1,benign,Preprocessed_Dataset/ddsm/ddsm_9903.jpg,ddsm,train
2.3126202,1.57567,1.8224078,1.1096532,1,benign,Preprocessed_Dataset/ddsm/ddsm_8835.jpg,ddsm,train
0.438316,1.2377803,1.560078,1.8681666,2,malignant,Preprocessed_Dataset/cmmd/cmmd_1452.jpg,cmmd,train
2.7157445,1.1857902,1.6663308,0.38922274,1,benign,Preprocessed_Dataset/cmmd/cmmd_191.jpg,cmmd,train
2.295432,0.7503854,1.1613194,1.5889878,0,normal,Preprocessed_Dataset/kau-bcmd/kau-bcmd_323.jpg,kau-bcmd,train
1.0719233,0.49940717,0.29976237,1.4006917,0,normal,Preprocessed_Dataset/dmid/dmid_136.jpg,dmid,train
0.34196448,1.7240764,0.9937974,2.1130178,2,malignant,Preprocessed_Dataset/cdd-cesm/cdd-cesm_627.jpg,cdd-cesm,train
2.4180565,1.6541975,2.7926683,1.420935,1,benign,Preprocessed_Dataset/inbreast/inbreast_57.jpg,inbreast,train
2.2894979,1.6442802,2.846188,1.4971075,1,benign,Preprocessed_Dataset/inbreast/inbreast_277.jpg,inbreast,train
2.898247,1.258182,1.846281,0.15164053,1,benign,Preprocessed_Dataset/cmmd/cmmd_2129.jpg,cmmd,train
2.462583,0.89959306,1.3153216,1.4588373,0,normal,Preprocessed_Dataset/kau-bcmd/kau-bcmd_199.jpg,kau-bcmd,train
2.364586,0.777528,1.2009718,1.549984,0,normal,Preprocessed_Dataset/kau-bcmd/kau-bcmd_225.jpg,kau-bcmd,train
1.6629783,0.2132746,0.7809705,1.50162,0,normal,Preprocessed_Dataset/ddsm/ddsm_487.jpg,ddsm,train
0.5854106,1.2731125,1.5321892,1.8306992,2,malignant,Preprocessed_Dataset/cmmd/cmmd_2627.jpg,cmmd,train
2.45929,1.9098773,2.184925,0.8755392,1,benign,Preprocessed_Dataset/ddsm/ddsm_9623.jpg,ddsm,train
2.2720013,1.6853977,2.5323064,1.5244504,1,benign,Preprocessed_Dataset/inbreast/inbreast_43.jpg,inbreast,train
1.7612922,0.30225903,0.7273086,1.5074109,0,normal,Preprocessed_Dataset/ddsm/ddsm_2550.jpg,ddsm,train
2.4538665,1.7105353,2.0260491,0.9718271,1,benign,Preprocessed_Dataset/ddsm/ddsm_8843.jpg,ddsm,train
2.2511485,0.7382483,1.1169939,1.6070795,0,normal,Preprocessed_Dataset/kau-bcmd/kau-bcmd_2036.jpg,kau-bcmd,train
0.614589,1.25656,1.5023842,1.8538085,2,malignant,Preprocessed_Dataset/cmmd/cmmd_1106.jpg,cmmd,train
2.231133,0.7766736,1.1631979,1.5456109,0,normal,Preprocessed_Dataset/kau-bcmd/kau-bcmd_1030.jpg,kau-bcmd,train
1.6392052,1.457968,1.5333422,1.7061164,2,malignant,Preprocessed_Dataset/ddsm/ddsm_3712.jpg,ddsm,train
1.7274675,0.25395298,0.6901393,1.5264547,0,normal,Preprocessed_Dataset/ddsm/ddsm_2460.jpg,ddsm,train
2.0249639,1.0466378,1.1582496,1.164196,1,benign,Preprocessed_Dataset/ddsm/ddsm_6623.jpg,ddsm,train
0.70179176,1.4303994,1.4938117,2.24394,2,malignant,Preprocessed_Dataset/ddsm/ddsm_4085.jpg,ddsm,train
1.8540428,0.27747154,0.77281916,1.4191666,0,normal,Preprocessed_Dataset/ddsm/ddsm_1187.jpg,ddsm,train
2.2999852,1.7275736,2.77725,1.5547882,1,benign,Preprocessed_Dataset/inbreast/inbreast_321.jpg,inbreast,train
2.332389,1.7189777,1.9154177,1.1055305,1,benign,Preprocessed_Dataset/ddsm/ddsm_8089.jpg,ddsm,train
1.4815974,0.32309222,0.17823839,1.2850859,0,normal,Preprocessed_Dataset/cdd-cesm/cdd-cesm_186.jpg,cdd-cesm,train
1.8701799,0.4395789,0.7163834,1.3925819,0,normal,Preprocessed_Dataset/ddsm/ddsm_1906.jpg,ddsm,train
2.2558694,0.76261175,1.1467918,1.579663,0,normal,Preprocessed_Dataset/kau-bcmd/kau-bcmd_51.jpg,kau-bcmd,train
2.1559799,1.750675,1.9070566,1.1284668,1,benign,Preprocessed_Dataset/ddsm/ddsm_7539.jpg,ddsm,train
0.50645125,1.5333421,1.5955338,2.3931875,2,malignant,Preprocessed_Dataset/ddsm/ddsm_5537.jpg,ddsm,train
2.3452196,1.6687715,2.5377054,1.5200169,1,benign,Preprocessed_Dataset/inbreast/inbreast_37.jpg,inbreast,train
1.6631477,0.8540031,1.1726545,1.5241491,2,malignant,Preprocessed_Dataset/ddsm/ddsm_2946.jpg,ddsm,train
2.3518894,0.6835468,1.2202904,1.553341,0,normal,Preprocessed_Dataset/kau-bcmd/kau-bcmd_1530.jpg,kau-bcmd,train
1.7283448,0.44737267,0.84441596,1.4656044,0,normal,Preprocessed_Dataset/ddsm/ddsm_618.jpg,ddsm,train
0.81964064,1.5167588,1.528901,2.2090373,2,malignant,Preprocessed_Dataset/ddsm/ddsm_5996.jpg,ddsm,train
1.6628617,0.4000544,0.2008295,1.2436336,0,normal,Preprocessed_Dataset/cdd-cesm/cdd-cesm_827.jpg,cdd-cesm,train
0.48983264,1.314514,1.5573866,1.9058663,2,malignant,Preprocessed_Dataset/cmmd/cmmd_3215.jpg,cmmd,train
1.8594248,1.7534566,1.9300605,1.5152593,1,benign,Preprocessed_Dataset/ddsm/ddsm_9649.jpg,ddsm,train
2.4061124,0.7738059,1.1929326,1.6326802,0,normal,Preprocessed_Dataset/kau-bcmd/kau-bcmd_507.jpg,kau-bcmd,train
2.267086,0.725433,1.1482589,1.6103259,0,normal,Preprocessed_Dataset/kau-bcmd/kau-bcmd_367.jpg,kau-bcmd,train
0.54669476,1.288483,1.5114372,1.8665094,2,malignant,Preprocessed_Dataset/cmmd/cmmd_1255.jpg,cmmd,train
2.578541,1.6226954,1.8448087,0.8972336,1,benign,Preprocessed_Dataset/ddsm/ddsm_8120.jpg,ddsm,train
1.7471474,0.26512575,0.79719085,1.4241613,0,normal,Preprocessed_Dataset/ddsm/ddsm_864.jpg,ddsm,train
1.4730664,1.6065987,1.2529852,1.3842179,1,benign,Preprocessed_Dataset/cdd-cesm/cdd-cesm_692.jpg,cdd-cesm,train
2.7914236,2.3009808,2.4798875,1.0555001,1,benign,Preprocessed_Dataset/kau-bcmd/kau-bcmd_1338.jpg,kau-bcmd,train
1.7396518,0.22048175,0.65652233,1.5332967,0,normal,Preprocessed_Dataset/ddsm/ddsm_2020.jpg,ddsm,train
0.63948584,1.2798737,1.5274229,1.8128386,2,malignant,Preprocessed_Dataset/cmmd/cmmd_4135.jpg,cmmd,train
1.2243546,1.5659409,1.6745968,1.8568406,2,malignant,Preprocessed_Dataset/ddsm/ddsm_5718.jpg,ddsm,train
2.0605922,0.85960716,1.2981652,1.4414723,0,normal,Preprocessed_Dataset/kau-bcmd/kau-bcmd_1760.jpg,kau-bcmd,train
1.6252964,0.33169538,0.7391915,1.5457916,0,normal,Preprocessed_Dataset/ddsm/ddsm_1713.jpg,ddsm,train
0.6791853,1.465802,1.5538428,2.2462237,2,malignant,Preprocessed_Dataset/ddsm/ddsm_3940.jpg,ddsm,train
0.46487415,1.5136113,1.5876354,2.3825965,2,malignant,Preprocessed_Dataset/ddsm/ddsm_4633.jpg,ddsm,train
1.7831286,0.3201233,0.749463,1.4477223,0,normal,Preprocessed_Dataset/ddsm/ddsm_2566.jpg,ddsm,train
2.4643252,1.7872378,1.9989489,0.9572913,1,benign,Preprocessed_Dataset/ddsm/ddsm_10219.jpg,ddsm,train
2.4373305,1.6410189,1.9353867,0.99696964,1,benign,Preprocessed_Dataset/ddsm/ddsm_10224.jpg,ddsm,train
0.36537123,1.3521079,1.5165212,1.8988097,2,malignant,Preprocessed_Dataset/cmmd/cmmd_1208.jpg,cmmd,train
0.5404271,1.6074804,1.5943575,2.2971704,2,malignant,Preprocessed_Dataset/ddsm/ddsm_2908.jpg,ddsm,train
1.4759548,0.21633339,0.106683254,1.2442198,0,normal,Preprocessed_Dataset/cdd-cesm/cdd-cesm_629.jpg,cdd-cesm,train
2.5917704,1.4834837,1.689604,0.8941143,1,benign,Preprocessed_Dataset/ddsm/ddsm_10228.jpg,ddsm,train
2.2628727,0.6381941,1.0909573,1.5839592,0,normal,Preprocessed_Dataset/kau-bcmd/kau-bcmd_856.jpg,kau-bcmd,train
1.8033893,0.34985745,0.7774567,1.4361025,0,normal,Preprocessed_Dataset/ddsm/ddsm_9.jpg,ddsm,train
1.7815499,0.07339895,0.59330076,1.3762531,0,normal,Preprocessed_Dataset/ddsm/ddsm_1972.jpg,ddsm,train
1.6196971,0.19087696,0.700605,1.5325671,0,normal,Preprocessed_Dataset/ddsm/ddsm_2641.jpg,ddsm,train
0.5223907,1.279252,1.5286434,1.8728626,2,malignant,Preprocessed_Dataset/cmmd/cmmd_709.jpg,cmmd,train
0.8272273,1.4839935,1.7548265,1.6318845,2,malignant,Preprocessed_Dataset/cmmd/cmmd_3393.jpg,cmmd,train
2.7550867,2.666276,2.920384,1.092742,1,benign,Preprocessed_Dataset/kau-bcmd/kau-bcmd_1307.jpg,kau-bcmd,train
1.752098,0.17357814,0.5942367,1.4510665,0,normal,Preprocessed_Dataset/ddsm/ddsm_2608.jpg,ddsm,train
2.4880536,1.461081,1.762908,0.9934907,1,benign,Preprocessed_Dataset/ddsm/ddsm_9800.jpg,ddsm,train
2.384554,0.7944486,1.2012905,1.5333557,0,normal,Preprocessed_Dataset/kau-bcmd/kau-bcmd_1217.jpg,kau-bcmd,train
0.52348375,1.2685343,1.5975451,1.8888332,2,malignant,Preprocessed_Dataset/cmmd/cmmd_1076.jpg,cmmd,train
1.2452462,0.20350277,1.1493267,2.2433,0,normal,Preprocessed_Dataset/inbreast/inbreast_260.jpg,inbreast,train
2.4294183,1.6367232,1.8022842,0.9996373,1,benign,Preprocessed_Dataset/ddsm/ddsm_7760.jpg,ddsm,train
2.9141345,3.077115,3.042295,0.99601537,1,benign,Preprocessed_Dataset/kau-bcmd/kau-bcmd_588.jpg,kau-bcmd,train
1.6185426,1.0727725,1.3584954,1.4340899,0,normal,Preprocessed_Dataset/ddsm/ddsm_2255.jpg,ddsm,train
1.7088897,0.4817475,0.7764198,1.5121168,0,normal,Preprocessed_Dataset/ddsm/ddsm_1887.jpg,ddsm,train
3.1415925,1.1948769,1.9197838,0.0,1,benign,Preprocessed_Dataset/cmmd/cmmd_4453.jpg,cmmd,train
0.59893227,1.3081361,1.5616935,1.7405509,2,malignant,Preprocessed_Dataset/cmmd/cmmd_3450.jpg,cmmd,train
2.2969437,0.7404017,1.1493214,1.5150167,0,normal,Preprocessed_Dataset/kau-bcmd/kau-bcmd_836.jpg,kau-bcmd,train
1.5947459,1.1887333,1.0322106,1.2353861,2,malignant,Preprocessed_Dataset/cdd-cesm/cdd-cesm_731.jpg,cdd-cesm,train
0.6871692,1.2651888,1.5155466,1.7706904,2,malignant,Preprocessed_Dataset/cmmd/cmmd_3040.jpg,cmmd,train
2.409956,1.6312634,1.9504539,1.0148124,1,benign,Preprocessed_Dataset/ddsm/ddsm_8700.jpg,ddsm,train
2.358116,1.622888,1.9017284,1.0195899,1,benign,Preprocessed_Dataset/ddsm/ddsm_8292.jpg,ddsm,train
2.8330297,1.2665925,1.8177406,0.26441634,1,benign,Preprocessed_Dataset/cmmd/cmmd_2289.jpg,cmmd,train
1.5285157,1.4987657,1.632876,1.6554027,1,benign,Preprocessed_Dataset/ddsm/ddsm_8335.jpg,ddsm,train
2.472571,1.6962913,1.8575851,1.0045197,1,benign,Preprocessed_Dataset/ddsm/ddsm_7579.jpg,ddsm,train
1.6357636,1.1135017,1.2692338,1.537249,2,malignant,Preprocessed_Dataset/ddsm/ddsm_5238.jpg,ddsm,train
2.2925348,1.5433221,1.7106848,1.1041069,1,benign,Preprocessed_Dataset/ddsm/ddsm_8614.jpg,ddsm,train
2.368539,1.6167456,1.92361,0.9493386,1,benign,Preprocessed_Dataset/ddsm/ddsm_10032.jpg,ddsm,train
1.6846758,0.35136825,0.9120313,1.5020795,0,normal,Preprocessed_Dataset/ddsm/ddsm_1521.jpg,ddsm,train
1.8222424,0.23091471,0.6742753,1.3801558,0,normal,Preprocessed_Dataset/ddsm/ddsm_2130.jpg,ddsm,train
2.5055597,1.6998795,2.0618672,0.96961224,1,benign,Preprocessed_Dataset/ddsm/ddsm_7866.jpg,ddsm,train
2.4413428,1.6810404,1.9768162,0.9686246,1,benign,Preprocessed_Dataset/ddsm/ddsm_6633.jpg,ddsm,train
2.048815,1.6094607,1.7863775,1.2716469,1,benign,Preprocessed_Dataset/ddsm/ddsm_8817.jpg,ddsm,train
0.55153584,1.5148867,1.509816,2.285747,2,malignant,Preprocessed_Dataset/ddsm/ddsm_5211.jpg,ddsm,train
0.34289694,1.3303787,1.5177993,1.9682785,2,malignant,Preprocessed_Dataset/cmmd/cmmd_1132.jpg,cmmd,train
2.374029,1.6487916,1.9464173,1.012652,1,benign,Preprocessed_Dataset/ddsm/ddsm_9728.jpg,ddsm,train
2.936687,2.9119315,2.9505281,0.9638157,1,benign,Preprocessed_Dataset/kau-bcmd/kau-bcmd_596.jpg,kau-bcmd,train
0.5564084,1.6601793,1.6303297,2.3556786,2,malignant,Preprocessed_Dataset/ddsm/ddsm_4730.jpg,ddsm,train
2.1322534,0.68944573,1.080836,1.6152707,0,normal,Preprocessed_Dataset/kau-bcmd/kau-bcmd_738.jpg,kau-bcmd,train
2.7218645,1.3035698,1.8768363,0.3231672,1,benign,Preprocessed_Dataset/cmmd/cmmd_3592.jpg,cmmd,train
2.31933,0.794801,1.2363989,1.6171963,0,normal,Preprocessed_Dataset/kau-bcmd/kau-bcmd_198.jpg,kau-bcmd,train
1.6137675,0.36058682,0.73942614,1.5660722,0,normal,Preprocessed_Dataset/ddsm/ddsm_395.jpg,ddsm,train
1.6512834,0.2693689,0.7048761,1.4835513,0,normal,Preprocessed_Dataset/ddsm/ddsm_1576.jpg,ddsm,train
0.2598828,1.1929353,1.2973088,1.9672992,2,malignant,Preprocessed_Dataset/cmmd/cmmd_2791.jpg,cmmd,train
2.4177318,1.8215375,1.3812064,0.61385196,1,benign,Preprocessed_Dataset/cdd-cesm/cdd-cesm_7.jpg,cdd-cesm,train
0.3858832,1.1937867,1.4928722,1.902847,2,malignant,Preprocessed_Dataset/cmmd/cmmd_4033.jpg,cmmd,train
0.6376946,1.343399,1.5302035,1.7830899,2,malignant,Preprocessed_Dataset/cmmd/cmmd_3130.jpg,cmmd,train
0.56435466,1.491722,1.4999669,2.3090467,2,malignant,Preprocessed_Dataset/ddsm/ddsm_4006.jpg,ddsm,train
2.510728,1.8350439,1.2789938,0.5402956,1,benign,Preprocessed_Dataset/cdd-cesm/cdd-cesm_992.jpg,cdd-cesm,train
2.2840965,0.7365636,1.1364233,1.5728368,0,normal,Preprocessed_Dataset/kau-bcmd/kau-bcmd_2022.jpg,kau-bcmd,train
1.914181,0.8459071,1.2382668,1.2846657,0,normal,Preprocessed_Dataset/ddsm/ddsm_1445.jpg,ddsm,train
0.483575,1.3646008,1.4977705,1.8750172,2,malignant,Preprocessed_Dataset/cmmd/cmmd_1460.jpg,cmmd,train
2.315294,1.602321,1.9367065,1.0216715,1,benign,Preprocessed_Dataset/ddsm/ddsm_9502.jpg,ddsm,train
2.3529372,0.74401623,1.1645663,1.5199968,0,normal,Preprocessed_Dataset/kau-bcmd/kau-bcmd_765.jpg,kau-bcmd,train
0.70886445,1.340835,1.3917162,2.1977458,2,malignant,Preprocessed_Dataset/ddsm/ddsm_2978.jpg,ddsm,train
1.7294517,0.32744205,0.8340173,1.4486766,0,normal,Preprocessed_Dataset/ddsm/ddsm_2070.jpg,ddsm,train
1.7406954,0.27638292,0.7841993,1.489664,0,normal,Preprocessed_Dataset/ddsm/ddsm_776.jpg,ddsm,train
0.67602205,1.4631126,1.4206043,2.2895498,2,malignant,Preprocessed_Dataset/ddsm/ddsm_6288.jpg,ddsm,train
2.4219065,1.7256856,2.0088978,0.9553454,1,benign,Preprocessed_Dataset/ddsm/ddsm_7753.jpg,ddsm,train
2.9405942,1.1411437,1.8609774,0.14490294,1,benign,Preprocessed_Dataset/cmmd/cmmd_173.jpg,cmmd,train
1.0653802,0.6449696,0.65967727,1.3645736,0,normal,Preprocessed_Dataset/dmid/dmid_106.jpg,dmid,train
2.2522478,1.5493281,1.8421905,1.1027441,1,benign,Preprocessed_Dataset/ddsm/ddsm_8236.jpg,ddsm,train
1.8053515,0.24717867,0.68862414,1.4162606,0,normal,Preprocessed_Dataset/ddsm/ddsm_2592.jpg,ddsm,train
2.135382,0.738209,1.1396242,1.6638852,0,normal,Preprocessed_Dataset/kau-bcmd/kau-bcmd_1099.jpg,kau-bcmd,train
0.8697631,1.2523743,1.7046008,1.5209705,2,malignant,Preprocessed_Dataset/cmmd/cmmd_3464.jpg,cmmd,test
1.6956195,0.8493937,1.1827471,1.4066993,1,benign,Preprocessed_Dataset/ddsm/ddsm_8850.jpg,ddsm,test
2.343974,1.5289464,1.7487056,0.9946536,1,benign,Preprocessed_Dataset/ddsm/ddsm_9267.jpg,ddsm,test
0.44043636,1.159799,1.3628985,1.806498,2,malignant,Preprocessed_Dataset/cmmd/cmmd_3783.jpg,cmmd,test
2.3250763,0.73263633,1.1321738,1.5480729,0,normal,Preprocessed_Dataset/kau-bcmd/kau-bcmd_1381.jpg,kau-bcmd,test
2.034378,1.6429975,1.8771412,1.2781616,2,malignant,Preprocessed_Dataset/ddsm/ddsm_5117.jpg,ddsm,test
2.781391,1.9813852,2.2261207,1.0431948,0,normal,Preprocessed_Dataset/kau-bcmd/kau-bcmd_1143.jpg,kau-bcmd,test
2.4015725,0.7833638,1.1452558,1.4467758,0,normal,Preprocessed_Dataset/kau-bcmd/kau-bcmd_1624.jpg,kau-bcmd,test
0.67589414,1.2956066,1.6110314,1.6856987,2,malignant,Preprocessed_Dataset/cmmd/cmmd_3060.jpg,cmmd,test
2.4758434,0.7652485,1.2008379,1.4695858,0,normal,Preprocessed_Dataset/kau-bcmd/kau-bcmd_26.jpg,kau-bcmd,test
1.8050703,1.7364402,2.0417004,1.4054561,1,benign,Preprocessed_Dataset/ddsm/ddsm_10248.jpg,ddsm,test
1.5643394,1.167304,1.1363322,1.2502586,0,normal,Preprocessed_Dataset/cdd-cesm/cdd-cesm_604.jpg,cdd-cesm,test
1.4803782,1.1084937,1.186974,1.6471955,1,benign,Preprocessed_Dataset/ddsm/ddsm_7181.jpg,ddsm,test
1.640595,1.6036819,1.6073459,1.6182871,1,benign,Preprocessed_Dataset/ddsm/ddsm_10222.jpg,ddsm,test
1.2239101,1.4174645,1.787217,1.4540691,2,malignant,Preprocessed_Dataset/cmmd/cmmd_2053.jpg,cmmd,test
0.6359365,1.2221876,1.4681326,1.5558269,1,benign,Preprocessed_Dataset/cmmd/cmmd_495.jpg,cmmd,test
0.87730783,1.4267826,1.6020352,2.0255291,2,malignant,Preprocessed_Dataset/ddsm/ddsm_3249.jpg,ddsm,test
2.059053,0.7102189,1.2003593,1.278988,0,normal,Preprocessed_Dataset/ddsm/ddsm_259.jpg,ddsm,test
1.3098121,1.2549074,1.6891313,1.1952758,2,malignant,Preprocessed_Dataset/cmmd/cmmd_2066.jpg,cmmd,test
2.231427,0.8784591,1.3121723,1.4279802,0,normal,Preprocessed_Dataset/kau-bcmd/kau-bcmd_1725.jpg,kau-bcmd,test
1.7421117,1.0831304,1.1849017,1.1853001,1,benign,Preprocessed_Dataset/dmid/dmid_145.jpg,dmid,test
1.6816258,1.6680305,1.8765895,1.559669,1,benign,Preprocessed_Dataset/ddsm/ddsm_8858.jpg,ddsm,test
2.0819888,1.8138456,1.9261904,1.1911056,1,benign,Preprocessed_Dataset/ddsm/ddsm_9087.jpg,ddsm,test
1.6203154,0.5972289,0.91488194,1.5814333,0,normal,Preprocessed_Dataset/ddsm/ddsm_1212.jpg,ddsm,test
1.2620554,0.91118395,0.93811655,1.7754631,1,benign,Preprocessed_Dataset/ddsm/ddsm_9263.jpg,ddsm,test
2.3998544,0.7932706,1.2336065,1.5998847,0,normal,Preprocessed_Dataset/kau-bcmd/kau-bcmd_497.jpg,kau-bcmd,test
1.8891734,1.2155633,1.4513603,1.3234901,0,normal,Preprocessed_Dataset/ddsm/ddsm_1989.jpg,ddsm,test
0.8492108,1.123666,1.4196851,1.6789607,1,benign,Preprocessed_Dataset/cmmd/cmmd_1922.jpg,cmmd,test
0.5956187,1.3109896,1.6379915,1.6721426,2,malignant,Preprocessed_Dataset/cmmd/cmmd_1883.jpg,cmmd,test
1.9928279,1.5747061,1.7327073,1.1805638,1,benign,Preprocessed_Dataset/ddsm/ddsm_8921.jpg,ddsm,test
1.9595073,1.0899751,1.3742794,1.4381188,1,benign,Preprocessed_Dataset/ddsm/ddsm_6915.jpg,ddsm,test
2.407803,0.691253,1.0598787,1.5441133,0,normal,Preprocessed_Dataset/kau-bcmd/kau-bcmd_769.jpg,kau-bcmd,test
0.54551494,1.1926625,1.3737615,2.2250519,2,malignant,Preprocessed_Dataset/ddsm/ddsm_3419.jpg,ddsm,test
1.4100168,1.4280797,1.0736707,1.1237128,0,normal,Preprocessed_Dataset/cdd-cesm/cdd-cesm_213.jpg,cdd-cesm,test
2.3079505,2.013104,2.2958732,1.5255754,1,benign,Preprocessed_Dataset/kau-bcmd/kau-bcmd_55.jpg,kau-bcmd,test
2.3006957,0.6911127,1.1253437,1.4677167,0,normal,Preprocessed_Dataset/kau-bcmd/kau-bcmd_1689.jpg,kau-bcmd,test
1.9026101,1.4768307,1.678674,1.307294,2,malignant,Preprocessed_Dataset/ddsm/ddsm_5885.jpg,ddsm,test
0.7824304,0.8196441,0.86814535,1.8002771,0,normal,Preprocessed_Dataset/dmid/dmid_350.jpg,dmid,test
1.0186932,1.3705077,1.771486,1.6152546,2,malignant,Preprocessed_Dataset/cmmd/cmmd_4731.jpg,cmmd,test
1.1548601,1.5560087,1.0680912,1.305871,1,benign,Preprocessed_Dataset/cdd-cesm/cdd-cesm_507.jpg,cdd-cesm,test
1.8183098,0.53555435,0.89719176,1.462577,0,normal,Preprocessed_Dataset/ddsm/ddsm_1643.jpg,ddsm,test
1.8737775,0.70833445,1.1170598,1.3805937,2,malignant,Preprocessed_Dataset/ddsm/ddsm_4952.jpg,ddsm,test
1.3203745,1.3750784,1.49936,1.8807366,2,malignant,Preprocessed_Dataset/ddsm/ddsm_4434.jpg,ddsm,test
2.3920095,1.7227383,1.9342031,1.0542946,1,benign,Preprocessed_Dataset/ddsm/ddsm_9611.jpg,ddsm,test
1.6716365,1.3661337,1.7723676,1.1027746,2,malignant,Preprocessed_Dataset/cmmd/cmmd_4241.jpg,cmmd,test
2.3938725,0.7078071,1.1847895,1.568954,0,normal,Preprocessed_Dataset/kau-bcmd/kau-bcmd_420.jpg,kau-bcmd,test
0.70713365,1.1946359,1.5823998,1.6123245,2,malignant,Preprocessed_Dataset/cmmd/cmmd_4914.jpg,cmmd,test
0.9409485,0.9388502,0.47067446,1.4971958,0,normal,Preprocessed_Dataset/cdd-cesm/cdd-cesm_410.jpg,cdd-cesm,test
1.7144883,1.4689304,1.5336789,1.4943055,1,benign,Preprocessed_Dataset/ddsm/ddsm_8488.jpg,ddsm,test
1.9741632,0.85598576,1.2016753,1.3870409,0,normal,Preprocessed_Dataset/ddsm/ddsm_2150.jpg,ddsm,test
1.667231,1.6857765,1.8024873,1.5207988,2,malignant,Preprocessed_Dataset/ddsm/ddsm_3142.jpg,ddsm,test
1.2243773,1.7871885,1.838694,1.8767383,1,benign,Preprocessed_Dataset/ddsm/ddsm_7806.jpg,ddsm,test
2.3446245,0.76659364,1.1290319,1.5466827,0,normal,Preprocessed_Dataset/kau-bcmd/kau-bcmd_2030.jpg,kau-bcmd,test
1.7982523,0.51700217,0.8705861,1.548956,0,normal,Preprocessed_Dataset/ddsm/ddsm_2056.jpg,ddsm,test
1.133713,1.3655754,1.6123779,1.4462813,2,malignant,Preprocessed_Dataset/cmmd/cmmd_2521.jpg,cmmd,test
1.5485194,1.2989784,1.6677295,1.2033138,2,malignant,Preprocessed_Dataset/cmmd/cmmd_726.jpg,cmmd,test
0.442837,1.3330642,1.552047,1.8671433,1,benign,Preprocessed_Dataset/cmmd/cmmd_2281.jpg,cmmd,test
1.7651914,1.0380207,1.3757085,1.5267116,1,benign,Preprocessed_Dataset/ddsm/ddsm_9319.jpg,ddsm,test
1.6188238,0.8415295,1.2051349,1.5853549,1,benign,Preprocessed_Dataset/ddsm/ddsm_9551.jpg,ddsm,test
1.6283653,1.2984499,1.6664414,1.1798232,1,benign,Preprocessed_Dataset/cmmd/cmmd_186.jpg,cmmd,test
1.8694792,0.93695736,1.1937971,1.3019811,1,benign,Preprocessed_Dataset/ddsm/ddsm_10042.jpg,ddsm,test
1.5591162,0.8809345,1.2770563,1.6822283,2,malignant,Preprocessed_Dataset/ddsm/ddsm_5846.jpg,ddsm,test
1.6379869,1.0994514,1.400704,1.5947176,0,normal,Preprocessed_Dataset/ddsm/ddsm_325.jpg,ddsm,test
1.2309113,0.799667,1.2032175,1.8242444,0,normal,Preprocessed_Dataset/ddsm/ddsm_645.jpg,ddsm,test
1.8606132,1.0438967,1.4603695,1.3344791,0,normal,Preprocessed_Dataset/ddsm/ddsm_345.jpg,ddsm,test
1.8489836,1.0894977,1.4210073,1.4432567,0,normal,Preprocessed_Dataset/ddsm/ddsm_283.jpg,ddsm,test
0.46244955,1.2861625,1.6003323,1.761507,1,benign,Preprocessed_Dataset/cmmd/cmmd_2209.jpg,cmmd,test
1.9789827,1.7519606,1.1675155,1.0679235,1,benign,Preprocessed_Dataset/cdd-cesm/cdd-cesm_539.jpg,cdd-cesm,test
1.572624,1.232916,1.3930079,1.5087838,2,malignant,Preprocessed_Dataset/ddsm/ddsm_4995.jpg,ddsm,test
1.7238578,1.756921,1.8675342,1.4952111,1,benign,Preprocessed_Dataset/ddsm/ddsm_10076.jpg,ddsm,test
1.8100854,1.1492653,1.4588804,1.4240478,1,benign,Preprocessed_Dataset/ddsm/ddsm_9450.jpg,ddsm,test
1.6820008,1.2886324,1.3135451,1.3215389,0,normal,Preprocessed_Dataset/dmid/dmid_377.jpg,dmid,test
0.9753674,1.2306443,1.1125335,1.6441116,1,benign,Preprocessed_Dataset/cdd-cesm/cdd-cesm_871.jpg,cdd-cesm,test
2.2027998,0.7816341,1.1993451,1.636641,0,normal,Preprocessed_Dataset/kau-bcmd/kau-bcmd_414.jpg,kau-bcmd,test
1.0188271,1.4221739,1.7187974,1.437506,1,benign,Preprocessed_Dataset/cmmd/cmmd_408.jpg,cmmd,test
2.2399755,0.7372458,1.2174703,1.6079667,0,normal,Preprocessed_Dataset/kau-bcmd/kau-bcmd_1907.jpg,kau-bcmd,test
1.724821,0.97719,1.3957616,1.5729206,0,normal,Preprocessed_Dataset/ddsm/ddsm_2121.jpg,ddsm,test
2.4687464,0.85568774,1.2093441,0.98909116,0,normal,Preprocessed_Dataset/ddsm/ddsm_2655.jpg,ddsm,test
2.3354518,0.7446259,1.1854508,1.6085118,0,normal,Preprocessed_Dataset/kau-bcmd/kau-bcmd_1939.jpg,kau-bcmd,test
1.4068794,1.6083951,1.6639619,1.7433249,2,malignant,Preprocessed_Dataset/ddsm/ddsm_3114.jpg,ddsm,test
1.9445314,1.310858,2.329411,1.7338638,0,normal,Preprocessed_Dataset/inbreast/inbreast_208.jpg,inbreast,test
2.226803,1.4468043,1.6160328,1.1436725,1,benign,Preprocessed_Dataset/ddsm/ddsm_6709.jpg,ddsm,test
1.624385,1.254364,1.6638672,1.0258746,2,malignant,Preprocessed_Dataset/cmmd/cmmd_947.jpg,cmmd,test
1.4166131,1.7668792,1.9094083,1.6881485,1,benign,Preprocessed_Dataset/ddsm/ddsm_8667.jpg,ddsm,test
1.2749925,1.780329,1.78719,1.8092899,1,benign,Preprocessed_Dataset/ddsm/ddsm_8774.jpg,ddsm,test
2.2848537,1.5649676,1.7009083,1.169533,1,benign,Preprocessed_Dataset/ddsm/ddsm_9893.jpg,ddsm,test
1.4500659,1.3319728,1.8148034,1.3572074,1,benign,Preprocessed_Dataset/cmmd/cmmd_1969.jpg,cmmd,test
2.3257697,0.7544177,1.0955211,1.5637088,0,normal,Preprocessed_Dataset/kau-bcmd/kau-bcmd_1361.jpg,kau-bcmd,test
1.2237227,1.0990498,1.3566408,1.8561311,2,malignant,Preprocessed_Dataset/ddsm/ddsm_2915.jpg,ddsm,test
1.3533815,0.7347471,0.9443096,1.5930216,0,normal,Preprocessed_Dataset/ddsm/ddsm_409.jpg,ddsm,test
1.1115794,1.2224385,1.4989569,1.4349865,1,benign,Preprocessed_Dataset/cmmd/cmmd_26.jpg,cmmd,test
1.8551921,1.8601775,1.7833053,1.3857217,1,benign,Preprocessed_Dataset/ddsm/ddsm_9212.jpg,ddsm,test
1.0014846,1.2637744,1.6307466,1.762873,2,malignant,Preprocessed_Dataset/cmmd/cmmd_2541.jpg,cmmd,test
1.2257057,1.5079474,1.6228634,1.8618829,1,benign,Preprocessed_Dataset/ddsm/ddsm_8405.jpg,ddsm,test
2.0114477,0.3319881,0.7553045,1.2615416,0,normal,Preprocessed_Dataset/ddsm/ddsm_1106.jpg,ddsm,test
1.5857611,0.98917806,1.2432516,1.5063443,1,benign,Preprocessed_Dataset/ddsm/ddsm_6975.jpg,ddsm,test
1.6544764,1.2722316,1.4655309,1.5191104,1,benign,Preprocessed_Dataset/ddsm/ddsm_9977.jpg,ddsm,test
1.9234234,1.1550881,1.2229662,1.3615439,2,malignant,Preprocessed_Dataset/ddsm/ddsm_4156.jpg,ddsm,test
1.8618104,0.56185323,0.9825116,1.4380615,0,normal,Preprocessed_Dataset/ddsm/ddsm_156.jpg,ddsm,test
1.9020864,1.396037,2.0919652,1.4630544,1,benign,Preprocessed_Dataset/inbreast/inbreast_317.jpg,inbreast,test
1.4479737,1.570401,1.7122672,1.6474438,1,benign,Preprocessed_Dataset/ddsm/ddsm_9167.jpg,ddsm,test
1.6388433,0.6660993,1.0303804,1.6428436,0,normal,Preprocessed_Dataset/ddsm/ddsm_87.jpg,ddsm,test
2.1617057,0.79494333,1.2520494,1.5417385,0,normal,Preprocessed_Dataset/kau-bcmd/kau-bcmd_130.jpg,kau-bcmd,test
0.87519693,1.1973996,1.4995856,1.7405483,2,malignant,Preprocessed_Dataset/cmmd/cmmd_850.jpg,cmmd,test
1.589432,0.6389676,1.0497286,1.4789524,0,normal,Preprocessed_Dataset/ddsm/ddsm_687.jpg,ddsm,test
2.062154,1.6693269,1.8409611,1.3527578,1,benign,Preprocessed_Dataset/ddsm/ddsm_7930.jpg,ddsm,test
1.8890644,1.108252,1.3490217,1.4347442,2,malignant,Preprocessed_Dataset/ddsm/ddsm_5378.jpg,ddsm,test
1.842421,0.6259707,0.84542143,1.3757683,2,malignant,Preprocessed_Dataset/ddsm/ddsm_5571.jpg,ddsm,test
1.6325972,1.1440903,1.3736408,1.5696704,1,benign,Preprocessed_Dataset/ddsm/ddsm_8239.jpg,ddsm,test
1.8665433,1.5785327,1.596736,1.49181,2,malignant,Preprocessed_Dataset/ddsm/ddsm_6023.jpg,ddsm,test
1.8468571,1.7474897,1.7297742,1.4972999,1,benign,Preprocessed_Dataset/ddsm/ddsm_9596.jpg,ddsm,test
1.7633636,0.97445714,1.1800506,1.4794387,1,benign,Preprocessed_Dataset/ddsm/ddsm_9421.jpg,ddsm,test
1.7764095,0.4503405,0.89741755,1.3786345,0,normal,Preprocessed_Dataset/ddsm/ddsm_1764.jpg,ddsm,test
1.0939956,0.6474537,0.8576351,1.816566,2,malignant,Preprocessed_Dataset/ddsm/ddsm_4967.jpg,ddsm,test
1.7894568,0.92709297,1.2034204,1.4726151,0,normal,Preprocessed_Dataset/ddsm/ddsm_2263.jpg,ddsm,test
1.5663998,1.1703789,1.7362359,1.198404,1,benign,Preprocessed_Dataset/cmmd/cmmd_387.jpg,cmmd,test
1.3508722,1.35115,1.843227,1.1180573,2,malignant,Preprocessed_Dataset/cmmd/cmmd_3154.jpg,cmmd,test
2.0222912,1.4024513,2.2634373,1.5718474,2,malignant,Preprocessed_Dataset/inbreast/inbreast_289.jpg,inbreast,test
1.602111,1.0649852,0.99219143,1.4305098,2,malignant,Preprocessed_Dataset/cdd-cesm/cdd-cesm_844.jpg,cdd-cesm,test
0.79269075,1.6625608,1.5448202,2.2359588,2,malignant,Preprocessed_Dataset/ddsm/ddsm_5508.jpg,ddsm,test
1.6295018,1.6096787,2.0479887,1.4963757,2,malignant,Preprocessed_Dataset/cmmd/cmmd_2813.jpg,cmmd,test
1.468617,1.5869862,1.7799082,1.5691947,1,benign,Preprocessed_Dataset/ddsm/ddsm_7207.jpg,ddsm,test
1.8831202,1.1831156,1.6927083,1.107014,2,malignant,Preprocessed_Dataset/cmmd/cmmd_4079.jpg,cmmd,test
1.644179,1.4033895,1.6279622,1.5188915,2,malignant,Preprocessed_Dataset/ddsm/ddsm_6163.jpg,ddsm,test
1.8330737,0.80968547,1.0756636,1.3948702,0,normal,Preprocessed_Dataset/ddsm/ddsm_1825.jpg,ddsm,test
1.3626069,1.212543,1.2914718,1.7861898,2,malignant,Preprocessed_Dataset/ddsm/ddsm_2926.jpg,ddsm,test
1.8083143,1.4205425,1.5899514,1.311511,1,benign,Preprocessed_Dataset/ddsm/ddsm_6804.jpg,ddsm,test
1.9652035,1.3443725,1.7242005,1.2094319,2,malignant,Preprocessed_Dataset/ddsm/ddsm_4617.jpg,ddsm,test
2.1796136,1.469438,1.6357056,1.2454541,1,benign,Preprocessed_Dataset/ddsm/ddsm_9037.jpg,ddsm,test
2.0463786,0.7953377,1.242703,1.3322246,1,benign,Preprocessed_Dataset/ddsm/ddsm_7172.jpg,ddsm,test
2.2952125,1.1761019,1.7478156,0.529539,2,malignant,Preprocessed_Dataset/cmmd/cmmd_4743.jpg,cmmd,test
2.3774292,0.7441213,1.1887205,1.5100877,0,normal,Preprocessed_Dataset/kau-bcmd/kau-bcmd_1581.jpg,kau-bcmd,test
2.3437,0.78334033,1.1433665,1.5679189,0,normal,Preprocessed_Dataset/kau-bcmd/kau-bcmd_1791.jpg,kau-bcmd,test
1.517126,0.9870776,1.3969564,1.5923944,1,benign,Preprocessed_Dataset/ddsm/ddsm_7138.jpg,ddsm,test
0.3338896,1.2205381,1.4146197,1.9347891,2,malignant,Preprocessed_Dataset/cmmd/cmmd_4365.jpg,cmmd,test
1.5956892,1.4543887,1.6239057,1.4531187,0,normal,Preprocessed_Dataset/ddsm/ddsm_1410.jpg,ddsm,test
1.8430978,1.0032136,1.3544581,1.4325207,0,normal,Preprocessed_Dataset/ddsm/ddsm_254.jpg,ddsm,test
1.5483291,0.37317514,0.7690764,1.6941772,0,normal,Preprocessed_Dataset/ddsm/ddsm_232.jpg,ddsm,test
1.559452,1.6894007,1.8774891,1.588472,2,malignant,Preprocessed_Dataset/ddsm/ddsm_4305.jpg,ddsm,test
1.8744832,1.2918693,1.5642294,1.377517,1,benign,Preprocessed_Dataset/ddsm/ddsm_7791.jpg,ddsm,test
1.8505219,1.3910174,1.6752,1.4047358,1,benign,Preprocessed_Dataset/ddsm/ddsm_6688.jpg,ddsm,test
1.8071741,1.0897126,1.7051964,1.0907704,2,malignant,Preprocessed_Dataset/cmmd/cmmd_3645.jpg,cmmd,test
1.1262388,0.77213866,1.0491431,1.957917,0,normal,Preprocessed_Dataset/ddsm/ddsm_2336.jpg,ddsm,test
1.7561864,1.085401,1.5540104,1.2412431,1,benign,Preprocessed_Dataset/cmmd/cmmd_2125.jpg,cmmd,test
1.8257413,1.2656476,1.7436926,0.922626,2,malignant,Preprocessed_Dataset/cmmd/cmmd_4367.jpg,cmmd,test
1.5655588,1.1390179,1.5247855,1.6500098,0,normal,Preprocessed_Dataset/ddsm/ddsm_2207.jpg,ddsm,test
2.388615,0.8418811,1.2257051,1.5705866,0,normal,Preprocessed_Dataset/kau-bcmd/kau-bcmd_1548.jpg,kau-bcmd,test
1.0382872,1.3484608,1.8577256,1.486666,2,malignant,Preprocessed_Dataset/cmmd/cmmd_2675.jpg,cmmd,test
1.8586088,1.2756922,1.8122549,1.0979838,1,benign,Preprocessed_Dataset/cmmd/cmmd_1921.jpg,cmmd,test
2.0158074,1.3803427,1.7200221,1.1490892,2,malignant,Preprocessed_Dataset/ddsm/ddsm_4229.jpg,ddsm,test
1.1368589,1.3852973,1.7953372,1.2611806,2,malignant,Preprocessed_Dataset/cmmd/cmmd_251.jpg,cmmd,test
1.3174922,1.160647,1.486664,1.4933765,2,malignant,Preprocessed_Dataset/cmmd/cmmd_5052.jpg,cmmd,test
1.0514948,1.2691569,0.7637007,1.5790607,2,malignant,Preprocessed_Dataset/cdd-cesm/cdd-cesm_960.jpg,cdd-cesm,test
2.4443831,0.6916113,1.1623323,1.4710585,0,normal,Preprocessed_Dataset/kau-bcmd/kau-bcmd_98.jpg,kau-bcmd,test
1.7076435,1.2660208,1.5585229,1.4720588,0,normal,Preprocessed_Dataset/ddsm/ddsm_2317.jpg,ddsm,test
2.0620172,0.8145834,1.2138653,1.3362683,2,malignant,Preprocessed_Dataset/ddsm/ddsm_4169.jpg,ddsm,test
2.2737346,0.8411992,1.3220857,1.5711603,0,normal,Preprocessed_Dataset/kau-bcmd/kau-bcmd_275.jpg,kau-bcmd,test
1.7288623,0.46048266,0.96991307,1.4410319,0,normal,Preprocessed_Dataset/ddsm/ddsm_1304.jpg,ddsm,test
1.5167217,0.54678786,0.78350115,1.4824922,2,malignant,Preprocessed_Dataset/ddsm/ddsm_4976.jpg,ddsm,test
0.5932648,1.1546797,1.4182606,1.7762585,2,malignant,Preprocessed_Dataset/cmmd/cmmd_3319.jpg,cmmd,test
1.378943,1.2874119,2.1085134,1.9496273,1,benign,Preprocessed_Dataset/inbreast/inbreast_300.jpg,inbreast,test
1.5906497,1.057192,1.3476722,1.570318,0,normal,Preprocessed_Dataset/ddsm/ddsm_2318.jpg,ddsm,test
0.73084986,1.277349,1.5640577,1.7325484,1,benign,Preprocessed_Dataset/cmmd/cmmd_2373.jpg,cmmd,test
1.2262857,0.7757638,1.0353191,1.7669909,2,malignant,Preprocessed_Dataset/ddsm/ddsm_2975.jpg,ddsm,test
1.623295,0.9037534,1.3251925,1.5331689,0,normal,Preprocessed_Dataset/ddsm/ddsm_1349.jpg,ddsm,test
1.6235533,1.0892365,1.3268368,1.5080298,2,malignant,Preprocessed_Dataset/ddsm/ddsm_4935.jpg,ddsm,test
2.4777436,0.7105549,1.2249199,1.575005,0,normal,Preprocessed_Dataset/kau-bcmd/kau-bcmd_815.jpg,kau-bcmd,test
1.7560823,1.1241652,1.3200821,1.6133975,0,normal,Preprocessed_Dataset/ddsm/ddsm_2514.jpg,ddsm,test
0.5959364,1.2886213,1.4333606,1.6863943,1,benign,Preprocessed_Dataset/cmmd/cmmd_1958.jpg,cmmd,test
2.165391,1.8533401,2.0449445,1.1995766,1,benign,Preprocessed_Dataset/ddsm/ddsm_9675.jpg,ddsm,test
2.0873277,1.119655,1.3271644,1.281366,2,malignant,Preprocessed_Dataset/ddsm/ddsm_5593.jpg,ddsm,test
0.76627433,1.200655,1.5456383,1.6979356,2,malignant,Preprocessed_Dataset/cmmd/cmmd_1851.jpg,cmmd,test
1.7981808,0.6466633,0.91107464,1.2963656,0,normal,Preprocessed_Dataset/ddsm/ddsm_1655.jpg,ddsm,test
1.4956038,1.4754164,1.661821,1.6876954,1,benign,Preprocessed_Dataset/ddsm/ddsm_7786.jpg,ddsm,test
1.9214177,0.5940357,1.0401623,1.4269203,0,normal,Preprocessed_Dataset/ddsm/ddsm_1134.jpg,ddsm,test
1.0620601,1.604538,1.6439376,1.7976756,2,malignant,Preprocessed_Dataset/ddsm/ddsm_6194.jpg,ddsm,test
2.3259182,1.1497991,1.3482535,1.4890808,0,normal,Preprocessed_Dataset/kau-bcmd/kau-bcmd_21.jpg,kau-bcmd,test
2.1661496,0.73399305,1.1554289,1.6137009,0,normal,Preprocessed_Dataset/kau-bcmd/kau-bcmd_466.jpg,kau-bcmd,test
2.0650392,1.0440098,1.3538595,1.3569448,2,malignant,Preprocessed_Dataset/ddsm/ddsm_5447.jpg,ddsm,test
1.6757295,1.3311348,2.0211134,1.7318327,1,benign,Preprocessed_Dataset/inbreast/inbreast_51.jpg,inbreast,test
1.8629873,0.5576047,0.9648477,1.4483457,2,malignant,Preprocessed_Dataset/ddsm/ddsm_2952.jpg,ddsm,test
2.2560241,1.0422803,1.6153831,0.9857372,2,malignant,Preprocessed_Dataset/cmmd/cmmd_1019.jpg,cmmd,test
2.0424142,0.8250106,1.0272106,1.2898866,0,normal,Preprocessed_Dataset/ddsm/ddsm_127.jpg,ddsm,test
0.9533793,1.2666731,1.577869,1.5821016,2,malignant,Preprocessed_Dataset/cmmd/cmmd_344.jpg,cmmd,test
1.3821244,0.86417353,1.0688063,1.7200403,0,normal,Preprocessed_Dataset/ddsm/ddsm_1817.jpg,ddsm,test
1.908142,1.682518,1.9322402,1.3829646,1,benign,Preprocessed_Dataset/ddsm/ddsm_6571.jpg,ddsm,test
1.6254119,1.3357968,1.5385108,1.615745,0,normal,Preprocessed_Dataset/ddsm/ddsm_2698.jpg,ddsm,test
1.0139501,1.2172787,1.5838273,1.500352,1,benign,Preprocessed_Dataset/cmmd/cmmd_1790.jpg,cmmd,test
1.1433861,1.3513944,1.4923,1.8729495,1,benign,Preprocessed_Dataset/ddsm/ddsm_6594.jpg,ddsm,test
2.2302618,0.9418067,1.416704,1.4607211,2,malignant,Preprocessed_Dataset/kau-bcmd/kau-bcmd_819.jpg,kau-bcmd,test
2.2249198,0.7641505,1.1292847,1.6352553,0,normal,Preprocessed_Dataset/kau-bcmd/kau-bcmd_1983.jpg,kau-bcmd,test
1.1631598,1.6606504,1.8266432,1.7644929,2,malignant,Preprocessed_Dataset/ddsm/ddsm_4022.jpg,ddsm,test
1.6657324,1.1313527,1.2635491,1.5872973,0,normal,Preprocessed_Dataset/ddsm/ddsm_1705.jpg,ddsm,test
0.771068,1.2072265,1.590924,1.6619861,2,malignant,Preprocessed_Dataset/cmmd/cmmd_66.jpg,cmmd,test
1.0596151,1.6232144,1.5627558,1.9358487,2,malignant,Preprocessed_Dataset/ddsm/ddsm_6419.jpg,ddsm,test
1.3204292,1.6967039,1.630319,1.7250016,1,benign,Preprocessed_Dataset/ddsm/ddsm_8518.jpg,ddsm,test
2.5223851,0.69002646,1.1912603,1.5355475,0,normal,Preprocessed_Dataset/kau-bcmd/kau-bcmd_985.jpg,kau-bcmd,test
2.53627,0.7565475,1.2136719,1.5511173,0,normal,Preprocessed_Dataset/kau-bcmd/kau-bcmd_2039.jpg,kau-bcmd,test
1.6726841,0.78315806,1.0481919,1.4628361,0,normal,Preprocessed_Dataset/ddsm/ddsm_639.jpg,ddsm,test
1.808909,0.603477,0.8520517,1.4196761,0,normal,Preprocessed_Dataset/ddsm/ddsm_1109.jpg,ddsm,test
1.0630901,1.3168676,1.6191015,1.4852425,2,malignant,Preprocessed_Dataset/cmmd/cmmd_2486.jpg,cmmd,test
1.3611917,1.2806187,1.0239637,1.562125,2,malignant,Preprocessed_Dataset/cdd-cesm/cdd-cesm_797.jpg,cdd-cesm,test
2.3921812,1.964935,2.125982,1.293811,1,benign,Preprocessed_Dataset/kau-bcmd/kau-bcmd_929.jpg,kau-bcmd,test
1.4063909,1.3539542,1.6825426,1.1520207,2,malignant,Preprocessed_Dataset/cmmd/cmmd_292.jpg,cmmd,test
1.7984973,0.8233047,1.2475723,1.4140146,0,normal,Preprocessed_Dataset/ddsm/ddsm_869.jpg,ddsm,test
1.705559,0.7608207,1.1007069,1.5969285,0,normal,Preprocessed_Dataset/ddsm/ddsm_482.jpg,ddsm,test
2.05176,1.4720389,1.6996548,1.3331829,1,benign,Preprocessed_Dataset/ddsm/ddsm_8957.jpg,ddsm,test
1.6193912,1.451313,1.6765653,1.5714743,1,benign,Preprocessed_Dataset/ddsm/ddsm_8011.jpg,ddsm,test
2.265889,1.5103017,2.6279178,1.4945713,1,benign,Preprocessed_Dataset/inbreast/inbreast_241.jpg,inbreast,test
1.8972244,0.84017146,1.2507944,1.5707103,0,normal,Preprocessed_Dataset/ddsm/ddsm_1530.jpg,ddsm,test
1.8122377,1.302189,1.5888916,1.3823622,1,benign,Preprocessed_Dataset/ddsm/ddsm_8834.jpg,ddsm,test
1.9145778,1.3046045,1.677103,1.379202,2,malignant,Preprocessed_Dataset/ddsm/ddsm_6297.jpg,ddsm,test
1.0471113,1.7167405,1.8005927,1.9924273,1,benign,Preprocessed_Dataset/ddsm/ddsm_6777.jpg,ddsm,test
1.8307402,0.44705778,0.8675617,1.3842909,0,normal,Preprocessed_Dataset/ddsm/ddsm_967.jpg,ddsm,test
1.8158563,1.5907266,1.7148612,1.4149852,2,malignant,Preprocessed_Dataset/ddsm/ddsm_4917.jpg,ddsm,test
1.4168539,1.3655758,1.5552175,1.6462964,1,benign,Preprocessed_Dataset/ddsm/ddsm_10049.jpg,ddsm,test
1.5927417,1.591561,1.6825967,1.7185322,1,benign,Preprocessed_Dataset/ddsm/ddsm_6834.jpg,ddsm,test
1.4728918,0.98352456,1.2344507,1.6912128,0,normal,Preprocessed_Dataset/ddsm/ddsm_557.jpg,ddsm,test
0.7761195,1.3885792,1.4964199,1.6289071,2,malignant,Preprocessed_Dataset/cmmd/cmmd_745.jpg,cmmd,test
0.58554316,1.0906537,0.84735304,1.9687396,1,benign,Preprocessed_Dataset/cdd-cesm/cdd-cesm_908.jpg,cdd-cesm,test
2.0030832,1.5853051,1.7073535,1.2832263,1,benign,Preprocessed_Dataset/ddsm/ddsm_8304.jpg,ddsm,test
2.235692,1.6058977,1.8305318,1.1486192,2,malignant,Preprocessed_Dataset/ddsm/ddsm_3519.jpg,ddsm,test
0.76304066,1.3461446,1.5977646,1.6213217,2,malignant,Preprocessed_Dataset/cmmd/cmmd_4631.jpg,cmmd,test
1.9442686,1.0282387,1.3504076,1.3629329,1,benign,Preprocessed_Dataset/ddsm/ddsm_8200.jpg,ddsm,test
1.981622,1.0742375,1.2611448,1.3018879,0,normal,Preprocessed_Dataset/ddsm/ddsm_2607.jpg,ddsm,test
1.2296047,1.3351082,0.9324784,1.220219,1,benign,Preprocessed_Dataset/cdd-cesm/cdd-cesm_313.jpg,cdd-cesm,test
1.1348648,1.4346114,1.0307019,1.4384485,0,normal,Preprocessed_Dataset/dmid/dmid_381.jpg,dmid,test
1.6194003,0.74253976,1.0979352,1.5467875,0,normal,Preprocessed_Dataset/ddsm/ddsm_1030.jpg,ddsm,test
1.225393,1.4687405,1.5926225,1.792234,1,benign,Preprocessed_Dataset/ddsm/ddsm_9123.jpg,ddsm,test
2.4731553,0.71647394,1.1926533,1.5826095,0,normal,Preprocessed_Dataset/kau-bcmd/kau-bcmd_1352.jpg,kau-bcmd,test
1.6397123,1.1001712,1.3344206,1.5581081,2,malignant,Preprocessed_Dataset/ddsm/ddsm_6431.jpg,ddsm,test
1.9152017,0.8155577,1.1772699,1.360305,0,normal,Preprocessed_Dataset/ddsm/ddsm_1300.jpg,ddsm,test
2.3919497,0.7836501,1.1696818,1.5812482,0,normal,Preprocessed_Dataset/kau-bcmd/kau-bcmd_49.jpg,kau-bcmd,test
1.5471855,0.889233,0.28684044,1.0125623,1,benign,Preprocessed_Dataset/dmid/dmid_393.jpg,dmid,test
0.5817292,1.3867741,1.6014687,1.8611315,2,malignant,Preprocessed_Dataset/cmmd/cmmd_822.jpg,cmmd,test
1.7664093,1.2300407,1.4902664,1.3726668,1,benign,Preprocessed_Dataset/ddsm/ddsm_8470.jpg,ddsm,test
2.0389688,1.3722163,1.5446718,1.2261064,1,benign,Preprocessed_Dataset/ddsm/ddsm_7285.jpg,ddsm,test
0.67528045,1.181052,1.4870759,1.8158612,2,malignant,Preprocessed_Dataset/cmmd/cmmd_1875.jpg,cmmd,test
1.9604104,1.3109589,1.5678291,1.4362361,1,benign,Preprocessed_Dataset/ddsm/ddsm_7308.jpg,ddsm,test
0.6054013,1.24811,1.5121692,1.738235,2,malignant,Preprocessed_Dataset/cmmd/cmmd_1721.jpg,cmmd,test
2.1536078,1.0580559,1.3751581,1.3632718,2,malignant,Preprocessed_Dataset/ddsm/ddsm_4056.jpg,ddsm,test
2.026753,1.5046502,1.7888716,1.3716506,1,benign,Preprocessed_Dataset/ddsm/ddsm_9516.jpg,ddsm,test
1.4487585,1.0481015,1.5065253,1.5206997,2,malignant,Preprocessed_Dataset/cmmd/cmmd_3008.jpg,cmmd,test
1.583024,1.101703,1.3892696,1.591435,1,benign,Preprocessed_Dataset/ddsm/ddsm_8986.jpg,ddsm,test
1.9711803,1.4503065,1.6409613,1.4815669,0,normal,Preprocessed_Dataset/kau-bcmd/kau-bcmd_211.jpg,kau-bcmd,test
1.3127732,0.4615019,0.7738277,1.7165723,0,normal,Preprocessed_Dataset/ddsm/ddsm_1116.jpg,ddsm,test
0.516299,1.251687,1.5531342,1.7689196,2,malignant,Preprocessed_Dataset/cmmd/cmmd_3007.jpg,cmmd,test
2.1400142,0.73736566,1.1333486,1.6188335,0,normal,Preprocessed_Dataset/kau-bcmd/kau-bcmd_484.jpg,kau-bcmd,test
1.6577919,0.9145921,1.1434946,1.4472444,1,benign,Preprocessed_Dataset/ddsm/ddsm_9139.jpg,ddsm,test
2.4878757,2.037741,2.2373674,1.3601279,0,normal,Preprocessed_Dataset/kau-bcmd/kau-bcmd_48.jpg,kau-bcmd,test
1.2796675,1.5663201,1.7916725,1.7400455,2,malignant,Preprocessed_Dataset/ddsm/ddsm_4931.jpg,ddsm,test
1.0528616,1.1059673,0.9568728,1.8025696,0,normal,Preprocessed_Dataset/cdd-cesm/cdd-cesm_733.jpg,cdd-cesm,test
2.0889657,1.4144121,1.5541928,1.2638409,2,malignant,Preprocessed_Dataset/ddsm/ddsm_4158.jpg,ddsm,test
0.10032225,1.2412754,1.4536284,1.959544,2,malignant,Preprocessed_Dataset/cmmd/cmmd_1408.jpg,cmmd,test
1.4036869,1.3563836,1.3601637,1.6668422,2,malignant,Preprocessed_Dataset/ddsm/ddsm_3646.jpg,ddsm,test
1.9276725,1.4728186,1.7655127,1.4027635,1,benign,Preprocessed_Dataset/ddsm/ddsm_6469.jpg,ddsm,test
0.3267442,1.3698055,1.5954733,1.9747353,2,malignant,Preprocessed_Dataset/cmmd/cmmd_1416.jpg,cmmd,test
1.8348548,1.1921757,1.5190431,1.3722222,0,normal,Preprocessed_Dataset/ddsm/ddsm_2289.jpg,ddsm,test
2.3930078,0.5403499,1.0152903,1.3991903,0,normal,Preprocessed_Dataset/kau-bcmd/kau-bcmd_1269.jpg,kau-bcmd,test
1.3924035,0.9755268,1.1956019,1.8291314,0,normal,Preprocessed_Dataset/ddsm/ddsm_609.jpg,ddsm,test
1.1064113,1.2309388,1.6044843,1.4669918,2,malignant,Preprocessed_Dataset/cmmd/cmmd_3226.jpg,cmmd,test
0.56034863,1.2917484,1.5749295,1.7914908,2,malignant,Preprocessed_Dataset/cmmd/cmmd_2707.jpg,cmmd,test
1.5404472,0.19683003,0.6458157,1.5871254,0,normal,Preprocessed_Dataset/ddsm/ddsm_544.jpg,ddsm,test
1.5328312,1.0583949,0.9170399,1.3177587,2,malignant,Preprocessed_Dataset/cdd-cesm/cdd-cesm_284.jpg,cdd-cesm,test
1.082403,1.275909,1.6561186,1.5208228,2,malignant,Preprocessed_Dataset/cmmd/cmmd_3282.jpg,cmmd,test
1.8076186,1.2194537,1.3727002,1.4506814,0,normal,Preprocessed_Dataset/ddsm/ddsm_844.jpg,ddsm,test
1.0055965,1.4608105,1.6121025,2.0148277,2,malignant,Preprocessed_Dataset/ddsm/ddsm_6129.jpg,ddsm,test
1.9598043,1.2947178,1.5513178,1.4052205,1,benign,Preprocessed_Dataset/ddsm/ddsm_6556.jpg,ddsm,test
1.5485538,0.5397391,0.9414768,1.60079,2,malignant,Preprocessed_Dataset/ddsm/ddsm_5663.jpg,ddsm,test
1.9281522,1.4430814,1.9589965,0.874344,2,malignant,Preprocessed_Dataset/cmmd/cmmd_3000.jpg,cmmd,test
2.2236073,1.0871344,1.967963,1.624538,1,benign,Preprocessed_Dataset/inbreast/inbreast_384.jpg,inbreast,test
1.6817094,1.2364695,1.513829,1.5008705,1,benign,Preprocessed_Dataset/ddsm/ddsm_6599.jpg,ddsm,test
1.8145232,0.6711143,1.1229336,1.318113,2,malignant,Preprocessed_Dataset/ddsm/ddsm_5322.jpg,ddsm,test
1.8367767,1.2785339,1.5746628,1.4802208,2,malignant,Preprocessed_Dataset/ddsm/ddsm_3932.jpg,ddsm,test
2.4430656,0.70703745,1.1524084,1.5325431,0,normal,Preprocessed_Dataset/kau-bcmd/kau-bcmd_2057.jpg,kau-bcmd,test
1.8581886,1.5185813,1.5571675,1.3581717,1,benign,Preprocessed_Dataset/ddsm/ddsm_10114.jpg,ddsm,test
1.2162666,1.0800341,0.8072792,1.3422818,0,normal,Preprocessed_Dataset/cdd-cesm/cdd-cesm_241.jpg,cdd-cesm,test
0.7557837,1.3981987,1.1589036,1.6862988,2,malignant,Preprocessed_Dataset/cdd-cesm/cdd-cesm_194.jpg,cdd-cesm,test
1.4511098,1.6508238,1.6149132,1.8370671,1,benign,Preprocessed_Dataset/ddsm/ddsm_10220.jpg,ddsm,test
1.1025474,1.1048197,1.5328525,1.5667498,2,malignant,Preprocessed_Dataset/cmmd/cmmd_5177.jpg,cmmd,test
0.66404796,1.2859844,1.577068,1.7846681,2,malignant,Preprocessed_Dataset/cmmd/cmmd_1253.jpg,cmmd,test
2.0066457,1.7006887,1.893878,1.2918105,1,benign,Preprocessed_Dataset/ddsm/ddsm_9885.jpg,ddsm,test
1.8364897,0.6540888,1.0998427,1.5144176,0,normal,Preprocessed_Dataset/ddsm/ddsm_256.jpg,ddsm,test
1.2106981,1.1983423,1.5944664,1.5466256,1,benign,Preprocessed_Dataset/cmmd/cmmd_532.jpg,cmmd,test
1.9753468,1.0631695,1.5093641,1.1538626,2,malignant,Preprocessed_Dataset/cmmd/cmmd_3744.jpg,cmmd,test
1.6550591,1.4093766,1.2506595,1.0526978,0,normal,Preprocessed_Dataset/cdd-cesm/cdd-cesm_349.jpg,cdd-cesm,test
1.6921335,0.67786676,1.1324536,1.5139563,0,normal,Preprocessed_Dataset/ddsm/ddsm_113.jpg,ddsm,test
1.7543311,0.9376799,1.2941736,1.5275922,1,benign,Preprocessed_Dataset/ddsm/ddsm_7265.jpg,ddsm,test
1.1084318,1.240836,1.6135125,1.5485629,1,benign,Preprocessed_Dataset/cmmd/cmmd_27.jpg,cmmd,test
2.4035153,0.6973948,1.1669638,1.5003433,0,normal,Preprocessed_Dataset/kau-bcmd/kau-bcmd_274.jpg,kau-bcmd,test
1.4935888,1.3703325,1.5699139,1.5920618,1,benign,Preprocessed_Dataset/ddsm/ddsm_6659.jpg,ddsm,test
1.8387496,1.4908154,1.7406969,1.4286808,1,benign,Preprocessed_Dataset/ddsm/ddsm_10086.jpg,ddsm,test
1.4361279,1.1183399,1.3666039,1.5336792,2,malignant,Preprocessed_Dataset/ddsm/ddsm_3513.jpg,ddsm,test
1.6752206,1.2986326,1.0107273,1.2023652,0,normal,Preprocessed_Dataset/cdd-cesm/cdd-cesm_242.jpg,cdd-cesm,test
1.608896,1.3724861,1.5619487,1.6397943,1,benign,Preprocessed_Dataset/ddsm/ddsm_8264.jpg,ddsm,test
1.5273219,1.6913595,1.7893215,1.6664938,1,benign,Preprocessed_Dataset/ddsm/ddsm_10317.jpg,ddsm,test
1.2030382,1.3227473,1.5278621,1.8515532,2,malignant,Preprocessed_Dataset/ddsm/ddsm_6322.jpg,ddsm,test
1.1784699,0.8429282,0.49960995,1.410208,0,normal,Preprocessed_Dataset/dmid/dmid_228.jpg,dmid,test
1.5448434,1.4150698,1.6392672,1.5836507,1,benign,Preprocessed_Dataset/ddsm/ddsm_10337.jpg,ddsm,test
1.775978,1.0098057,1.2033695,1.3915337,0,normal,Preprocessed_Dataset/ddsm/ddsm_2322.jpg,ddsm,test
